============================= test session starts =============================
platform win32 -- Python 3.12.13, pytest-9.1.1, pluggy-1.6.0 -- D:\Project\xlm-final-integration\.venv-final\Scripts\python.exe
cachedir: .pytest_cache
rootdir: D:\Project\xlm-final-integration
configfile: pyproject.toml
plugins: anyio-4.15.1, cov-7.1.0, xdist-3.8.0
created: 16/16 workers
16 workers [1181 items]

scheduling tests via WorkStealingScheduling

tests/test_artifact_identity.py::test_invalid_identifiers_fail_before_store_creation[/absolute-kind] 
tests/test_acquisition_bounds.py::test_original_valid_transfer_and_restart_consumption 
tests/test_attention_and_masks.py::test_future_token_causality_independence 
tests/test_cli_inventory.py::test_every_registered_command_help[xlm data dedup] 
tests/test_cli_pool_freeze.py::test_freeze_fits_tokenizer_and_writes_a_mixture_free_regime 
tests/test_configurable_training.py::test_cap_changes_real_source_visits_and_shares 
tests/test_eval_coverage.py::test_coverage_is_independent_of_observation_order 
tests/test_eval_inputs.py::test_missing_declared_label_field_is_rejected 
tests/test_exclusion_receipt.py::test_unknown_policy_name_is_rejected 
tests/test_final_acceptance.py::test_missing_explicit_tokenizer_never_uses_byte_fixture 
tests/test_mix01_views.py::test_english_and_source_filters 
tests/test_models.py::test_model_serialization_and_reloading 
tests/test_prepare.py::test_duplicate_and_unknown_stages_are_rejected 
tests/test_pool_freeze_regime.py::test_pool_build_binds_every_required_component 
tests/test_reports.py::test_cli_report_campaign_and_data 
tests/test_tokenizer_regime.py::test_byte_offsets_partition_the_canonical_bytes[currency] 
[gw8] [  0%] PASSED tests/test_exclusion_receipt.py::test_unknown_policy_name_is_rejected 
tests/test_exclusion_receipt.py::test_protected_paths_are_refused_in_the_coding_workspace 
[gw10] [  0%] PASSED tests/test_mix01_views.py::test_english_and_source_filters 
[gw6] [  0%] PASSED tests/test_eval_coverage.py::test_coverage_is_independent_of_observation_order 
[gw12] [  0%] PASSED tests/test_pool_freeze_regime.py::test_pool_build_binds_every_required_component 
[gw1] [  0%] PASSED tests/test_artifact_identity.py::test_invalid_identifiers_fail_before_store_creation[/absolute-kind] 
tests/test_eval_coverage.py::test_all_four_tasks_present_but_partially_scored_is_incomplete 
tests/test_pool_freeze_regime.py::test_missing_required_component_blocks_publication[source_revisions] 
tests/test_mix01_views.py::test_ifm_subset_adapters_are_independent 
tests/test_artifact_identity.py::test_invalid_identifiers_fail_before_store_creation[C:\\absolute-artifact_id] 
[gw10] [  0%] PASSED tests/test_mix01_views.py::test_ifm_subset_adapters_are_independent 
[gw12] [  0%] PASSED tests/test_pool_freeze_regime.py::test_missing_required_component_blocks_publication[source_revisions] 
tests/test_pool_freeze_regime.py::test_missing_required_component_blocks_publication[cleaning_policy_identity] 
[gw12] [  0%] PASSED tests/test_pool_freeze_regime.py::test_missing_required_component_blocks_publication[cleaning_policy_identity] 
tests/test_mix01_views.py::test_remaining_adapters_render_and_reject 
[gw6] [  0%] PASSED tests/test_eval_coverage.py::test_all_four_tasks_present_but_partially_scored_is_incomplete 
tests/test_eval_coverage.py::test_runtime_limit_smaller_than_the_population_is_flagged_before_results 
[gw15] [  0%] PASSED tests/test_tokenizer_regime.py::test_byte_offsets_partition_the_canonical_bytes[currency] 
tests/test_tokenizer_regime.py::test_byte_offsets_partition_the_canonical_bytes[combining_marks] 
tests/test_pool_freeze_regime.py::test_missing_required_component_blocks_publication[dedup_policy_identity] 
[gw9] [  0%] PASSED tests/test_final_acceptance.py::test_missing_explicit_tokenizer_never_uses_byte_fixture 
[gw15] [  1%] PASSED tests/test_tokenizer_regime.py::test_byte_offsets_partition_the_canonical_bytes[combining_marks] 
[gw6] [  1%] PASSED tests/test_eval_coverage.py::test_runtime_limit_smaller_than_the_population_is_flagged_before_results 
tests/test_eval_coverage.py::test_a_failed_item_does_not_shrink_the_expected_population 
tests/test_final_acceptance.py::test_cli_missing_data_is_refused_even_in_dry_run[False] 
[gw13] [  1%] PASSED tests/test_prepare.py::test_duplicate_and_unknown_stages_are_rejected 
tests/test_prepare.py::test_stale_inputs_invalidate_downstream 
[gw10] [  1%] PASSED tests/test_mix01_views.py::test_remaining_adapters_render_and_reject 
tests/test_tokenizer_regime.py::test_byte_offsets_partition_the_canonical_bytes[emoji] 
tests/test_mix01_views.py::test_adapter_contracts_detect_missing_fields 
[gw10] [  1%] PASSED tests/test_mix01_views.py::test_adapter_contracts_detect_missing_fields 
tests/test_mix01_views.py::test_denied_repository_blocks_with_no_substitution 
[gw12] [  1%] PASSED tests/test_pool_freeze_regime.py::test_missing_required_component_blocks_publication[dedup_policy_identity] 
tests/test_pool_freeze_regime.py::test_missing_required_component_blocks_publication[split_policy_identity] 
[gw12] [  1%] PASSED tests/test_pool_freeze_regime.py::test_missing_required_component_blocks_publication[split_policy_identity] 
[gw8] [  1%] PASSED tests/test_exclusion_receipt.py::test_protected_paths_are_refused_in_the_coding_workspace 
[gw2] [  1%] PASSED tests/test_attention_and_masks.py::test_future_token_causality_independence 
tests/test_attention_and_masks.py::test_eager_versus_sdpa_parity[4] 
[gw15] [  1%] PASSED tests/test_tokenizer_regime.py::test_byte_offsets_partition_the_canonical_bytes[emoji] 
tests/test_tokenizer_regime.py::test_byte_offsets_partition_the_canonical_bytes[literal_specials] 
[gw15] [  1%] PASSED tests/test_tokenizer_regime.py::test_byte_offsets_partition_the_canonical_bytes[literal_specials] 
tests/test_exclusion_receipt.py::test_protected_access_guard_is_documented_as_not_os_isolation 
[gw8] [  1%] PASSED tests/test_exclusion_receipt.py::test_protected_access_guard_is_documented_as_not_os_isolation 
tests/test_experiment_plans.py::test_snapshot_round_trip_and_immutability 
tests/test_tokenizer_regime.py::test_byte_offsets_partition_the_canonical_bytes[mixed] 
[gw6] [  2%] PASSED tests/test_eval_coverage.py::test_a_failed_item_does_not_shrink_the_expected_population 
tests/test_eval_coverage.py::test_a_duplicate_scored_item_cannot_masquerade_as_coverage 
[gw6] [  2%] PASSED tests/test_eval_coverage.py::test_a_duplicate_scored_item_cannot_masquerade_as_coverage 
[gw1] [  2%] PASSED tests/test_artifact_identity.py::test_invalid_identifiers_fail_before_store_creation[C:\\absolute-artifact_id] 
tests/test_artifact_identity.py::test_invalid_identifiers_fail_before_store_creation[C:\\absolute-kind] 
[gw1] [  2%] PASSED tests/test_artifact_identity.py::test_invalid_identifiers_fail_before_store_creation[C:\\absolute-kind] 
tests/test_artifact_identity.py::test_invalid_identifiers_fail_before_store_creation[C:relative-artifact_id] 
tests/test_pool_freeze_regime.py::test_missing_required_component_blocks_publication[license_receipts] 
tests/test_eval_coverage.py::test_an_unexpected_item_is_reported_not_absorbed 
[gw6] [  2%] PASSED tests/test_eval_coverage.py::test_an_unexpected_item_is_reported_not_absorbed 
tests/test_eval_coverage.py::test_a_missing_blimp_subdataset_is_incomplete_even_with_enough_items 
[gw15] [  2%] PASSED tests/test_tokenizer_regime.py::test_byte_offsets_partition_the_canonical_bytes[mixed] 
tests/test_tokenizer_regime.py::test_byte_offsets_partition_the_canonical_bytes[whitespace] 
[gw6] [  2%] PASSED tests/test_eval_coverage.py::test_a_missing_blimp_subdataset_is_incomplete_even_with_enough_items 
[gw15] [  2%] PASSED tests/test_tokenizer_regime.py::test_byte_offsets_partition_the_canonical_bytes[whitespace] 
tests/test_tokenizer_regime.py::test_byte_offsets_partition_the_canonical_bytes[control_whitespace] 
[gw15] [  2%] PASSED tests/test_tokenizer_regime.py::test_byte_offsets_partition_the_canonical_bytes[control_whitespace] 
tests/test_eval_coverage.py::test_a_task_returning_nothing_is_a_missing_task 
[gw12] [  2%] PASSED tests/test_pool_freeze_regime.py::test_missing_required_component_blocks_publication[license_receipts] 
tests/test_tokenizer_regime.py::test_byte_coverage_is_complete[proper_names_latin] 
tests/test_pool_freeze_regime.py::test_missing_required_component_blocks_publication[producer_code_version] 
[gw1] [  2%] PASSED tests/test_artifact_identity.py::test_invalid_identifiers_fail_before_store_creation[C:relative-artifact_id] 
[gw6] [  2%] PASSED tests/test_eval_coverage.py::test_a_task_returning_nothing_is_a_missing_task 
tests/test_eval_coverage.py::test_an_interrupted_run_is_never_complete 
[gw15] [  3%] PASSED tests/test_tokenizer_regime.py::test_byte_coverage_is_complete[proper_names_latin] 
tests/test_artifact_identity.py::test_invalid_identifiers_fail_before_store_creation[C:relative-kind] 
tests/test_tokenizer_regime.py::test_byte_coverage_is_complete[cyrillic] 
[gw6] [  3%] PASSED tests/test_eval_coverage.py::test_an_interrupted_run_is_never_complete 
[gw12] [  3%] PASSED tests/test_pool_freeze_regime.py::test_missing_required_component_blocks_publication[producer_code_version] 
tests/test_pool_freeze_regime.py::test_pool_with_no_matching_documents_is_refused 
tests/test_eval_coverage.py::test_a_declared_smaller_scope_is_complete_within_itself_only 
[gw15] [  3%] PASSED tests/test_tokenizer_regime.py::test_byte_coverage_is_complete[cyrillic] 
tests/test_tokenizer_regime.py::test_byte_coverage_is_complete[cjk] 
[gw6] [  3%] PASSED tests/test_eval_coverage.py::test_a_declared_smaller_scope_is_complete_within_itself_only 
[gw12] [  3%] PASSED tests/test_pool_freeze_regime.py::test_pool_with_no_matching_documents_is_refused 
tests/test_eval_coverage.py::test_authored_fixture_scope_is_complete_but_never_research_evidence 
[gw6] [  3%] PASSED tests/test_eval_coverage.py::test_authored_fixture_scope_is_complete_but_never_research_evidence 
[gw2] [  3%] PASSED tests/test_attention_and_masks.py::test_eager_versus_sdpa_parity[4] 
tests/test_attention_and_masks.py::test_eager_versus_sdpa_parity[8] 
[gw15] [  3%] PASSED tests/test_tokenizer_regime.py::test_byte_coverage_is_complete[cjk] 
tests/test_tokenizer_regime.py::test_byte_coverage_is_complete[greek] 
[gw1] [  3%] PASSED tests/test_artifact_identity.py::test_invalid_identifiers_fail_before_store_creation[C:relative-kind] 
tests/test_artifact_identity.py::test_invalid_identifiers_fail_before_store_creation[\\\\server\\share-artifact_id] 
tests/test_eval_coverage.py::test_undeclared_coverage_never_claims_an_expected_population 
tests/test_pool_freeze_regime.py::test_pool_verifies_offline_against_its_documents 
[gw12] [  3%] PASSED tests/test_pool_freeze_regime.py::test_pool_verifies_offline_against_its_documents 
[gw6] [  3%] PASSED tests/test_eval_coverage.py::test_undeclared_coverage_never_claims_an_expected_population 
[gw15] [  4%] PASSED tests/test_tokenizer_regime.py::test_byte_coverage_is_complete[greek] 
tests/test_tokenizer_regime.py::test_byte_coverage_is_complete[code_indent] 
tests/test_pool_freeze_regime.py::test_offline_verification_detects_changed_text_under_stable_ids 
[gw1] [  4%] PASSED tests/test_artifact_identity.py::test_invalid_identifiers_fail_before_store_creation[\\\\server\\share-artifact_id] 
tests/test_eval_coverage.py::test_legacy_coverage_is_not_retroactively_completed 
tests/test_artifact_identity.py::test_invalid_identifiers_fail_before_store_creation[\\\\server\\share-kind] 
[gw15] [  4%] PASSED tests/test_tokenizer_regime.py::test_byte_coverage_is_complete[code_indent] 
tests/test_tokenizer_regime.py::test_byte_coverage_is_complete[math_symbols] 
[gw6] [  4%] PASSED tests/test_eval_coverage.py::test_legacy_coverage_is_not_retroactively_completed 
[gw12] [  4%] PASSED tests/test_pool_freeze_regime.py::test_offline_verification_detects_changed_text_under_stable_ids 
tests/test_eval_coverage.py::test_coverage_survives_a_round_trip 
tests/test_pool_freeze_regime.py::test_offline_verification_detects_missing_and_extra_documents 
[gw15] [  4%] PASSED tests/test_tokenizer_regime.py::test_byte_coverage_is_complete[math_symbols] 
tests/test_tokenizer_regime.py::test_byte_coverage_is_complete[currency] 
[gw12] [  4%] PASSED tests/test_pool_freeze_regime.py::test_offline_verification_detects_missing_and_extra_documents 
[gw6] [  4%] PASSED tests/test_eval_coverage.py::test_coverage_survives_a_round_trip 
[gw1] [  4%] PASSED tests/test_artifact_identity.py::test_invalid_identifiers_fail_before_store_creation[\\\\server\\share-kind] 
tests/test_pool_freeze_regime.py::test_pool_manifest_round_trips_through_disk 
tests/test_eval_coverage.py::test_task_coverage_complete_requires_every_condition 
[gw15] [  4%] PASSED tests/test_tokenizer_regime.py::test_byte_coverage_is_complete[currency] 
tests/test_artifact_identity.py::test_invalid_identifiers_fail_before_store_creation[con-artifact_id] 
[gw10] [  4%] PASSED tests/test_mix01_views.py::test_denied_repository_blocks_with_no_substitution 
tests/test_tokenizer_regime.py::test_byte_coverage_is_complete[combining_marks] 
[gw6] [  4%] PASSED tests/test_eval_coverage.py::test_task_coverage_complete_requires_every_condition 
tests/test_mix01_views.py::test_unadmitted_mixture_fails_loudly_instead_of_falling_back 
tests/test_eval_coverage.py::test_expected_population_comes_from_the_manifest_alone 
[gw15] [  5%] PASSED tests/test_tokenizer_regime.py::test_byte_coverage_is_complete[combining_marks] 
[gw1] [  5%] PASSED tests/test_artifact_identity.py::test_invalid_identifiers_fail_before_store_creation[con-artifact_id] 
tests/test_artifact_identity.py::test_invalid_identifiers_fail_before_store_creation[con-kind] 
tests/test_tokenizer_regime.py::test_byte_coverage_is_complete[emoji] 
[gw15] [  5%] PASSED tests/test_tokenizer_regime.py::test_byte_coverage_is_complete[emoji] 
tests/test_tokenizer_regime.py::test_byte_coverage_is_complete[literal_specials] 
[gw15] [  5%] PASSED tests/test_tokenizer_regime.py::test_byte_coverage_is_complete[literal_specials] 
[gw1] [  5%] PASSED tests/test_artifact_identity.py::test_invalid_identifiers_fail_before_store_creation[con-kind] 
[gw2] [  5%] PASSED tests/test_attention_and_masks.py::test_eager_versus_sdpa_parity[8] 
tests/test_attention_and_masks.py::test_fast_path_causality_guard 
tests/test_artifact_identity.py::test_invalid_identifiers_fail_before_store_creation[NUL.txt-artifact_id] 
tests/test_tokenizer_regime.py::test_byte_coverage_is_complete[mixed] 
[gw1] [  5%] PASSED tests/test_artifact_identity.py::test_invalid_identifiers_fail_before_store_creation[NUL.txt-artifact_id] 
tests/test_artifact_identity.py::test_invalid_identifiers_fail_before_store_creation[NUL.txt-kind] 
[gw12] [  5%] PASSED tests/test_pool_freeze_regime.py::test_pool_manifest_round_trips_through_disk 
tests/test_pool_freeze_regime.py::test_changing_a_normalization_rule_invalidates_the_pool 
[gw11] [  5%] PASSED tests/test_models.py::test_model_serialization_and_reloading 
tests/test_models.py::test_serialization_rejects_conflicting_tied_weights 
[gw12] [  5%] PASSED tests/test_pool_freeze_regime.py::test_changing_a_normalization_rule_invalidates_the_pool 
[gw1] [  5%] PASSED tests/test_artifact_identity.py::test_invalid_identifiers_fail_before_store_creation[NUL.txt-kind] 
tests/test_artifact_identity.py::test_invalid_identifiers_fail_before_store_creation[com\xb9-artifact_id] 
[gw2] [  6%] PASSED tests/test_attention_and_masks.py::test_fast_path_causality_guard 
[gw6] [  6%] PASSED tests/test_eval_coverage.py::test_expected_population_comes_from_the_manifest_alone 
[gw1] [  6%] PASSED tests/test_artifact_identity.py::test_invalid_identifiers_fail_before_store_creation[com\xb9-artifact_id] 
tests/test_attention_and_masks.py::test_profile_required_raises_error_on_forward 
tests/test_eval_coverage.py::test_a_manifest_declaring_fewer_tasks_requires_only_those 
tests/test_artifact_identity.py::test_invalid_identifiers_fail_before_store_creation[com\xb9-kind] 
[gw15] [  6%] PASSED tests/test_tokenizer_regime.py::test_byte_coverage_is_complete[mixed] 
tests/test_tokenizer_regime.py::test_byte_coverage_is_complete[whitespace] 
[gw15] [  6%] PASSED tests/test_tokenizer_regime.py::test_byte_coverage_is_complete[whitespace] 
tests/test_pool_freeze_regime.py::test_changing_a_source_revision_invalidates_the_pool 
[gw2] [  6%] PASSED tests/test_attention_and_masks.py::test_profile_required_raises_error_on_forward 
[gw1] [  6%] PASSED tests/test_artifact_identity.py::test_invalid_identifiers_fail_before_store_creation[com\xb9-kind] 
tests/test_tokenizer_regime.py::test_byte_coverage_is_complete[control_whitespace] 
tests/test_checkpoint.py::test_checksum_valid_checkpoint_still_refuses_pickle_globals 
[gw12] [  6%] PASSED tests/test_pool_freeze_regime.py::test_changing_a_source_revision_invalidates_the_pool 
tests/test_pool_freeze_regime.py::test_changing_a_view_selector_invalidates_the_pool 
[gw6] [  6%] PASSED tests/test_eval_coverage.py::test_a_manifest_declaring_fewer_tasks_requires_only_those 
[gw15] [  6%] PASSED tests/test_tokenizer_regime.py::test_byte_coverage_is_complete[control_whitespace] 
tests/test_tokenizer_regime.py::test_offset_slices_reconstruct_their_own_token_bytes 
tests/test_eval_declared_inputs.py::test_official_definitions_resolve_their_inherited_configuration 
[gw12] [  6%] PASSED tests/test_pool_freeze_regime.py::test_changing_a_view_selector_invalidates_the_pool 
tests/test_artifact_identity.py::test_invalid_identifiers_fail_before_store_creation[name.-artifact_id] 
tests/test_pool_freeze_regime.py::test_identical_inputs_reproduce_the_same_pool_identity 
[gw15] [  6%] PASSED tests/test_tokenizer_regime.py::test_offset_slices_reconstruct_their_own_token_bytes 
tests/test_tokenizer_regime.py::test_ordinary_text_never_becomes_a_control_token 
[gw12] [  7%] PASSED tests/test_pool_freeze_regime.py::test_identical_inputs_reproduce_the_same_pool_identity 
tests/test_pool_freeze_regime.py::test_pool_refuses_to_freeze_a_leaking_cluster 
[gw15] [  7%] PASSED tests/test_tokenizer_regime.py::test_ordinary_text_never_becomes_a_control_token 
tests/test_tokenizer_regime.py::test_structural_framing_adds_zero_width_boundary_offsets 
[gw1] [  7%] PASSED tests/test_artifact_identity.py::test_invalid_identifiers_fail_before_store_creation[name.-artifact_id] 
[gw12] [  7%] PASSED tests/test_pool_freeze_regime.py::test_pool_refuses_to_freeze_a_leaking_cluster 
tests/test_artifact_identity.py::test_invalid_identifiers_fail_before_store_creation[name.-kind] 
tests/test_pool_freeze_regime.py::test_parent_document_in_another_split_is_a_leak 
[gw15] [  7%] PASSED tests/test_tokenizer_regime.py::test_structural_framing_adds_zero_width_boundary_offsets 
[gw10] [  7%] PASSED tests/test_mix01_views.py::test_unadmitted_mixture_fails_loudly_instead_of_falling_back 
[gw12] [  7%] PASSED tests/test_pool_freeze_regime.py::test_parent_document_in_another_split_is_a_leak 
tests/test_tokenizer_regime.py::test_empty_text_round_trips 
tests/test_mix01_views.py::test_m4_txt360_variant_blocks_until_its_view_is_admitted 
tests/test_pool_freeze_regime.py::test_clean_corpus_reports_no_leaks 
[gw15] [  7%] PASSED tests/test_tokenizer_regime.py::test_empty_text_round_trips 
tests/test_tokenizer_regime.py::test_tokenizer_save_load_preserves_identity 
[gw12] [  7%] PASSED tests/test_pool_freeze_regime.py::test_clean_corpus_reports_no_leaks 
tests/test_pool_freeze_regime.py::test_insufficient_distinct_text_is_visible 
[gw12] [  7%] PASSED tests/test_pool_freeze_regime.py::test_insufficient_distinct_text_is_visible 
tests/test_pool_freeze_regime.py::test_sufficient_pool_reports_no_repetition 
[gw12] [  7%] PASSED tests/test_pool_freeze_regime.py::test_sufficient_pool_reports_no_repetition 
tests/test_pool_freeze_regime.py::test_empty_pool_sufficiency_is_reported_not_divided_by_zero 
[gw7] [  7%] PASSED tests/test_eval_inputs.py::test_missing_declared_label_field_is_rejected 
[gw12] [  8%] PASSED tests/test_pool_freeze_regime.py::test_empty_pool_sufficiency_is_reported_not_divided_by_zero 
tests/test_eval_inputs.py::test_absent_artifact_is_rejected 
tests/test_pool_freeze_regime.py::test_demo_pool_is_tiered_and_labelled 
[gw12] [  8%] PASSED tests/test_pool_freeze_regime.py::test_demo_pool_is_tiered_and_labelled 
tests/test_pool_freeze_regime.py::test_tier_is_derived_from_measured_bytes_not_asserted 
[gw12] [  8%] PASSED tests/test_pool_freeze_regime.py::test_tier_is_derived_from_measured_bytes_not_asserted 
tests/test_pool_freeze_regime.py::test_tokenizer_fit_sample_is_training_only 
[gw12] [  8%] PASSED tests/test_pool_freeze_regime.py::test_tokenizer_fit_sample_is_training_only 
tests/test_pool_freeze_regime.py::test_tokenizer_fit_refuses_non_training_documents 
[gw12] [  8%] PASSED tests/test_pool_freeze_regime.py::test_tokenizer_fit_refuses_non_training_documents 
[gw15] [  8%] PASSED tests/test_tokenizer_regime.py::test_tokenizer_save_load_preserves_identity 
tests/test_pool_freeze_regime.py::test_tokenizer_fit_is_deterministic_for_a_frozen_seed 
tests/test_tokenizer_regime.py::test_demo_fit_is_not_marked_a_production_baseline 
[gw15] [  8%] PASSED tests/test_tokenizer_regime.py::test_demo_fit_is_not_marked_a_production_baseline 
[gw12] [  8%] PASSED tests/test_pool_freeze_regime.py::test_tokenizer_fit_is_deterministic_for_a_frozen_seed 
tests/test_tokenizer_regime.py::test_fitted_vocabulary_reflects_the_multilingual_fit_sample 
[gw5] [  8%] PASSED tests/test_configurable_training.py::test_cap_changes_real_source_visits_and_shares 
tests/test_pool_freeze_regime.py::test_tokenizer_fit_seed_change_changes_the_sample 
[gw15] [  8%] PASSED tests/test_tokenizer_regime.py::test_fitted_vocabulary_reflects_the_multilingual_fit_sample 
tests/test_configurable_training.py::test_mixture_partial_budget_rollback_and_resume_preserve_suffix 
tests/test_tokenizer_regime.py::test_offsets_handle_multi_byte_characters_without_splitting_reconstruction 
[gw11] [  8%] PASSED tests/test_models.py::test_serialization_rejects_conflicting_tied_weights 
[gw12] [  8%] PASSED tests/test_pool_freeze_regime.py::test_tokenizer_fit_seed_change_changes_the_sample 
[gw15] [  9%] PASSED tests/test_tokenizer_regime.py::test_offsets_handle_multi_byte_characters_without_splitting_reconstruction 
[gw10] [  9%] PASSED tests/test_mix01_views.py::test_m4_txt360_variant_blocks_until_its_view_is_admitted 
tests/test_models.py::test_cli_model_inspect_subprocess[tiny] 
tests/test_pool_freeze_regime.py::test_tokenizer_fit_balances_by_declared_raw_byte_share 
tests/test_tokenizer_regime.py::test_batch_encode_matches_individual_encoding 
tests/test_mix01_views.py::test_status_reports_not_live_verified_without_evidence 
[gw12] [  9%] PASSED tests/test_pool_freeze_regime.py::test_tokenizer_fit_balances_by_declared_raw_byte_share 
tests/test_pool_freeze_regime.py::test_tokenizer_fit_reports_a_view_that_cannot_meet_its_share 
[gw15] [  9%] PASSED tests/test_tokenizer_regime.py::test_batch_encode_matches_individual_encoding 
tests/test_tokenizers.py::test_byte_tokenizer_fixture_properties_and_reversibility 
[gw12] [  9%] PASSED tests/test_pool_freeze_regime.py::test_tokenizer_fit_reports_a_view_that_cannot_meet_its_share 
tests/test_pool_freeze_regime.py::test_tokenizer_fit_resource_plan_is_labelled_an_estimate 
[gw15] [  9%] PASSED tests/test_tokenizers.py::test_byte_tokenizer_fixture_properties_and_reversibility 
tests/test_tokenizers.py::test_byte_level_bpe_training_and_reversibility 
[gw12] [  9%] PASSED tests/test_pool_freeze_regime.py::test_tokenizer_fit_resource_plan_is_labelled_an_estimate 
tests/test_pool_freeze_regime.py::test_large_tokenizer_fit_requires_authorization 
[gw1] [  9%] PASSED tests/test_artifact_identity.py::test_invalid_identifiers_fail_before_store_creation[name.-kind] 
tests/test_artifact_identity.py::test_invalid_identifiers_fail_before_store_creation[name -artifact_id] 
[gw12] [  9%] PASSED tests/test_pool_freeze_regime.py::test_large_tokenizer_fit_requires_authorization 
tests/test_pool_freeze_regime.py::test_quick_subset_must_be_nested_inside_the_diagnostic_corpus 
[gw15] [  9%] PASSED tests/test_tokenizers.py::test_byte_level_bpe_training_and_reversibility 
tests/test_tokenizers.py::test_bpe_fit_on_ascii_reconstructs_unseen_unicode_without_unk 
[gw12] [  9%] PASSED tests/test_pool_freeze_regime.py::test_quick_subset_must_be_nested_inside_the_diagnostic_corpus 
[gw1] [  9%] PASSED tests/test_artifact_identity.py::test_invalid_identifiers_fail_before_store_creation[name -artifact_id] 
tests/test_pool_freeze_regime.py::test_empty_diagnostic_corpus_is_rejected 
tests/test_artifact_identity.py::test_invalid_identifiers_fail_before_store_creation[name -kind] 
[gw15] [ 10%] PASSED tests/test_tokenizers.py::test_bpe_fit_on_ascii_reconstructs_unseen_unicode_without_unk 
[gw12] [ 10%] PASSED tests/test_pool_freeze_regime.py::test_empty_diagnostic_corpus_is_rejected 
tests/test_tokenizers.py::test_literal_special_token_protection 
tests/test_pool_freeze_regime.py::test_tampered_diagnostic_membership_is_detected 
[gw12] [ 10%] PASSED tests/test_pool_freeze_regime.py::test_tampered_diagnostic_membership_is_detected 
[gw1] [ 10%] PASSED tests/test_artifact_identity.py::test_invalid_identifiers_fail_before_store_creation[name -kind] 
tests/test_pool_freeze_regime.py::test_regime_does_not_bind_a_mixture 
[gw15] [ 10%] PASSED tests/test_tokenizers.py::test_literal_special_token_protection 
tests/test_artifact_identity.py::test_invalid_identifiers_fail_before_store_creation[a:b-artifact_id] 
tests/test_tokenizers.py::test_structural_framing_and_duplicate_prevention 
[gw12] [ 10%] PASSED tests/test_pool_freeze_regime.py::test_regime_does_not_bind_a_mixture 
tests/test_pool_freeze_regime.py::test_incomplete_regime_is_rejected 
[gw15] [ 10%] PASSED tests/test_tokenizers.py::test_structural_framing_and_duplicate_prevention 
tests/test_tokenizers.py::test_train_only_fitting_enforcement 
[gw1] [ 10%] PASSED tests/test_artifact_identity.py::test_invalid_identifiers_fail_before_store_creation[a:b-artifact_id] 
[gw12] [ 10%] PASSED tests/test_pool_freeze_regime.py::test_incomplete_regime_is_rejected 
tests/test_artifact_identity.py::test_invalid_identifiers_fail_before_store_creation[a:b-kind] 
[gw15] [ 10%] PASSED tests/test_tokenizers.py::test_train_only_fitting_enforcement 
tests/test_pool_freeze_regime.py::test_changing_only_the_mixture_reuses_pool_and_tokenizer 
tests/test_tokenizers.py::test_bpe_save_load_identity 
[gw12] [ 10%] PASSED tests/test_pool_freeze_regime.py::test_changing_only_the_mixture_reuses_pool_and_tokenizer 
tests/test_pool_freeze_regime.py::test_changing_the_pool_does_not_reuse_the_regime 
[gw1] [ 11%] PASSED tests/test_artifact_identity.py::test_invalid_identifiers_fail_before_store_creation[a:b-kind] 
tests/test_artifact_identity.py::test_invalid_identifiers_fail_before_store_creation[.locks-artifact_id] 
[gw12] [ 11%] PASSED tests/test_pool_freeze_regime.py::test_changing_the_pool_does_not_reuse_the_regime 
tests/test_pool_freeze_regime.py::test_changing_the_tokenizer_does_not_reuse_the_regime 
[gw12] [ 11%] PASSED tests/test_pool_freeze_regime.py::test_changing_the_tokenizer_does_not_reuse_the_regime 
[gw1] [ 11%] PASSED tests/test_artifact_identity.py::test_invalid_identifiers_fail_before_store_creation[.locks-artifact_id] 
tests/test_pool_freeze_regime.py::test_diagnostic_corpus_does_not_follow_the_winning_mixture 
tests/test_artifact_identity.py::test_invalid_identifiers_fail_before_store_creation[.locks-kind] 
[gw12] [ 11%] PASSED tests/test_pool_freeze_regime.py::test_diagnostic_corpus_does_not_follow_the_winning_mixture 
tests/test_pool_freeze_regime.py::test_campaign_freeze_requires_a_mixture_and_exposure_plan 
[gw1] [ 11%] PASSED tests/test_artifact_identity.py::test_invalid_identifiers_fail_before_store_creation[.locks-kind] 
[gw12] [ 11%] PASSED tests/test_pool_freeze_regime.py::test_campaign_freeze_requires_a_mixture_and_exposure_plan 
tests/test_artifact_identity.py::test_invalid_identifiers_fail_before_store_creation[-artifact_id] 
[gw10] [ 11%] PASSED tests/test_mix01_views.py::test_status_reports_not_live_verified_without_evidence 
tests/test_pool_freeze_regime.py::test_regime_and_campaign_round_trip_through_disk 
tests/test_mix01_views.py::test_fully_evidenced_views_report_ready 
[gw1] [ 11%] PASSED tests/test_artifact_identity.py::test_invalid_identifiers_fail_before_store_creation[-artifact_id] 
tests/test_artifact_identity.py::test_invalid_identifiers_fail_before_store_creation[-kind] 
[gw1] [ 11%] PASSED tests/test_artifact_identity.py::test_invalid_identifiers_fail_before_store_creation[-kind] 
tests/test_artifact_identity.py::test_payload_escape_marker_injection_and_collisions_have_no_side_effects[names0] 
[gw10] [ 11%] PASSED tests/test_mix01_views.py::test_fully_evidenced_views_report_ready 
tests/test_mix01_views.py::test_registry_rejects_duplicate_components_and_unknown_adapters 
[gw1] [ 11%] PASSED tests/test_artifact_identity.py::test_payload_escape_marker_injection_and_collisions_have_no_side_effects[names0] 
tests/test_artifact_identity.py::test_payload_escape_marker_injection_and_collisions_have_no_side_effects[names1] 
[gw10] [ 12%] PASSED tests/test_mix01_views.py::test_registry_rejects_duplicate_components_and_unknown_adapters 
tests/test_mix01_views.py::test_pilot_refused_without_an_authorization_envelope 
[gw9] [ 12%] PASSED tests/test_final_acceptance.py::test_cli_missing_data_is_refused_even_in_dry_run[False] 
tests/test_final_acceptance.py::test_cli_missing_data_is_refused_even_in_dry_run[True] 
[gw10] [ 12%] PASSED tests/test_mix01_views.py::test_pilot_refused_without_an_authorization_envelope 
tests/test_mix01_views.py::test_pilot_refused_for_unallowlisted_sources_and_over_cap 
[gw10] [ 12%] PASSED tests/test_mix01_views.py::test_pilot_refused_for_unallowlisted_sources_and_over_cap 
tests/test_mixture_planning.py::test_weights_must_sum_to_one_and_are_never_renormalized 
[gw10] [ 12%] PASSED tests/test_mixture_planning.py::test_weights_must_sum_to_one_and_are_never_renormalized 
tests/test_mixture_planning.py::test_thirds_are_accepted_within_tolerance 
[gw10] [ 12%] PASSED tests/test_mixture_planning.py::test_thirds_are_accepted_within_tolerance 
[gw7] [ 12%] PASSED tests/test_eval_inputs.py::test_absent_artifact_is_rejected 
tests/test_mixture_planning.py::test_duplicate_sources_are_rejected 
tests/test_eval_inputs.py::test_harness_version_drift_is_rejected 
[gw10] [ 12%] PASSED tests/test_mixture_planning.py::test_duplicate_sources_are_rejected 
tests/test_mixture_planning.py::test_zero_or_negative_weight_is_rejected 
[gw10] [ 12%] PASSED tests/test_mixture_planning.py::test_zero_or_negative_weight_is_rejected 
[gw5] [ 12%] PASSED tests/test_configurable_training.py::test_mixture_partial_budget_rollback_and_resume_preserve_suffix 
tests/test_mixture_planning.py::test_missing_source_is_an_error_not_a_redistribution 
tests/test_configurable_workflow.py::test_public_two_source_prepare_direct_queue_and_resume[False] 
[gw10] [ 12%] PASSED tests/test_mixture_planning.py::test_missing_source_is_an_error_not_a_redistribution 
tests/test_mixture_planning.py::test_empty_source_is_an_error 
[gw10] [ 12%] PASSED tests/test_mixture_planning.py::test_empty_source_is_an_error 
tests/test_mixture_planning.py::test_unused_available_source_is_warned_not_silently_included 
[gw10] [ 13%] PASSED tests/test_mixture_planning.py::test_unused_available_source_is_warned_not_silently_included 
tests/test_mixture_planning.py::test_mixture_identity_includes_the_scheduling_policy 
[gw10] [ 13%] PASSED tests/test_mixture_planning.py::test_mixture_identity_includes_the_scheduling_policy 
tests/test_mixture_planning.py::test_component_order_does_not_change_identity 
[gw10] [ 13%] PASSED tests/test_mixture_planning.py::test_component_order_does_not_change_identity 
tests/test_mixture_planning.py::test_repeat_policy_validation 
[gw10] [ 13%] PASSED tests/test_mixture_planning.py::test_repeat_policy_validation 
tests/test_mixture_planning.py::test_isolated_packing_cannot_claim_cross_document_attention 
[gw10] [ 13%] PASSED tests/test_mixture_planning.py::test_isolated_packing_cannot_claim_cross_document_attention 
tests/test_mixture_planning.py::test_plan_reports_repetition_risk_before_the_run 
[gw10] [ 13%] PASSED tests/test_mixture_planning.py::test_plan_reports_repetition_risk_before_the_run 
tests/test_mixture_planning.py::test_plan_without_repetition_reports_none 
[gw10] [ 13%] PASSED tests/test_mixture_planning.py::test_plan_without_repetition_reports_none 
tests/test_mixture_planning.py::test_bounded_repeat_policy_is_reported_as_declared 
[gw10] [ 13%] PASSED tests/test_mixture_planning.py::test_bounded_repeat_policy_is_reported_as_declared 
[gw1] [ 13%] PASSED tests/test_artifact_identity.py::test_payload_escape_marker_injection_and_collisions_have_no_side_effects[names1] 
tests/test_mixture_planning.py::test_repeat_ceiling_breach_is_reported 
tests/test_artifact_identity.py::test_payload_escape_marker_injection_and_collisions_have_no_side_effects[names2] 
[gw10] [ 13%] PASSED tests/test_mixture_planning.py::test_repeat_ceiling_breach_is_reported 
tests/test_mixture_planning.py::test_plan_is_deterministic_and_identity_bound 
[gw10] [ 13%] PASSED tests/test_mixture_planning.py::test_plan_is_deterministic_and_identity_bound 
tests/test_mixture_planning.py::test_source_order_is_frozen_by_the_data_seed 
[gw10] [ 13%] PASSED tests/test_mixture_planning.py::test_source_order_is_frozen_by_the_data_seed 
tests/test_mixture_planning.py::test_plan_rejects_a_nonpositive_budget 
[gw12] [ 14%] PASSED tests/test_pool_freeze_regime.py::test_regime_and_campaign_round_trip_through_disk 
[gw15] [ 14%] PASSED tests/test_tokenizers.py::test_bpe_save_load_identity 
[gw10] [ 14%] PASSED tests/test_mixture_planning.py::test_plan_rejects_a_nonpositive_budget 
tests/test_pool_splits.py::test_every_document_receives_exactly_one_split 
tests/test_mixture_planning.py::test_plan_refuses_to_compile_from_an_invalid_mixture 
tests/test_tokenizers.py::test_out_of_bounds_and_negative_id_validation 
[gw10] [ 14%] PASSED tests/test_mixture_planning.py::test_plan_refuses_to_compile_from_an_invalid_mixture 
[gw15] [ 14%] PASSED tests/test_tokenizers.py::test_out_of_bounds_and_negative_id_validation 
[gw12] [ 14%] PASSED tests/test_pool_splits.py::test_every_document_receives_exactly_one_split 
tests/test_tokenizers.py::test_cli_tokenizer_workflow 
tests/test_mixture_planning.py::test_blocks_are_generated_not_materialized 
tests/test_pool_splits.py::test_split_assignment_is_order_independent 
[gw10] [ 14%] PASSED tests/test_mixture_planning.py::test_blocks_are_generated_not_materialized 
tests/test_mixture_planning.py::test_block_ranges_are_contiguous_per_source 
[gw12] [ 14%] PASSED tests/test_pool_splits.py::test_split_assignment_is_order_independent 
tests/test_pool_splits.py::test_lineage_families_are_never_split_across_partitions 
[gw10] [ 14%] PASSED tests/test_mixture_planning.py::test_block_ranges_are_contiguous_per_source 
tests/test_mixture_planning.py::test_preview_shares_match_configured_weights 
[gw12] [ 14%] PASSED tests/test_pool_splits.py::test_lineage_families_are_never_split_across_partitions 
tests/test_pool_splits.py::test_duplicate_clusters_keep_their_members_on_one_side 
[gw10] [ 14%] PASSED tests/test_mixture_planning.py::test_preview_shares_match_configured_weights 
[gw1] [ 14%] PASSED tests/test_artifact_identity.py::test_payload_escape_marker_injection_and_collisions_have_no_side_effects[names2] 
tests/test_mixture_planning.py::test_preview_marks_itself_truncated_when_bounded 
tests/test_artifact_identity.py::test_payload_escape_marker_injection_and_collisions_have_no_side_effects[names3] 
[gw10] [ 15%] PASSED tests/test_mixture_planning.py::test_preview_marks_itself_truncated_when_bounded 
tests/test_mixture_planning.py::test_unequal_source_sizes_still_meet_configured_shares 
[gw10] [ 15%] PASSED tests/test_mixture_planning.py::test_unequal_source_sizes_still_meet_configured_shares 
tests/test_mixture_planning.py::test_storage_projection_follows_token_dtype 
[gw7] [ 15%] PASSED tests/test_eval_inputs.py::test_harness_version_drift_is_rejected 
[gw10] [ 15%] PASSED tests/test_mixture_planning.py::test_storage_projection_follows_token_dtype 
tests/test_eval_inputs.py::test_required_subdataset_must_be_selected 
[gw1] [ 15%] PASSED tests/test_artifact_identity.py::test_payload_escape_marker_injection_and_collisions_have_no_side_effects[names3] 
tests/test_mixture_planning.py::test_plan_labels_unique_counts_as_exact_not_estimated 
tests/test_artifact_identity.py::test_payload_escape_marker_injection_and_collisions_have_no_side_effects[names4] 
[gw10] [ 15%] PASSED tests/test_mixture_planning.py::test_plan_labels_unique_counts_as_exact_not_estimated 
tests/test_mixture_planning.py::test_matched_byte_plan_fixes_raw_bytes_across_tokenizers 
[gw10] [ 15%] PASSED tests/test_mixture_planning.py::test_matched_byte_plan_fixes_raw_bytes_across_tokenizers 
tests/test_mixture_planning.py::test_matched_document_plan_fixes_document_counts 
[gw10] [ 15%] PASSED tests/test_mixture_planning.py::test_matched_document_plan_fixes_document_counts 
tests/test_mixture_planning.py::test_matched_plan_labels_byte_availability_as_exact 
[gw10] [ 15%] PASSED tests/test_mixture_planning.py::test_matched_plan_labels_byte_availability_as_exact 
tests/test_mixture_planning.py::test_matched_plan_reports_repetition_when_bytes_exceed_availability 
[gw3] [ 15%] PASSED tests/test_cli_inventory.py::test_every_registered_command_help[xlm data dedup] 
[gw1] [ 15%] PASSED tests/test_artifact_identity.py::test_payload_escape_marker_injection_and_collisions_have_no_side_effects[names4] 
tests/test_artifact_identity.py::test_payload_escape_marker_injection_and_collisions_have_no_side_effects[names5] 
tests/test_cli_inventory.py::test_every_registered_command_help[xlm data fetch] 
[gw10] [ 16%] PASSED tests/test_mixture_planning.py::test_matched_plan_reports_repetition_when_bytes_exceed_availability 
tests/test_mixture_planning.py::test_matched_plan_rejects_unknown_basis_and_bad_budget 
[gw10] [ 16%] PASSED tests/test_mixture_planning.py::test_matched_plan_rejects_unknown_basis_and_bad_budget 
tests/test_mixture_stream.py::test_shard_records_offsets_markers_and_coverage 
[gw1] [ 16%] PASSED tests/test_artifact_identity.py::test_payload_escape_marker_injection_and_collisions_have_no_side_effects[names5] 
tests/test_artifact_identity.py::test_payload_escape_marker_injection_and_collisions_have_no_side_effects[names6] 
[gw1] [ 16%] PASSED tests/test_artifact_identity.py::test_payload_escape_marker_injection_and_collisions_have_no_side_effects[names6] 
tests/test_artifact_identity.py::test_payload_escape_marker_injection_and_collisions_have_no_side_effects[names7] 
[gw1] [ 16%] PASSED tests/test_artifact_identity.py::test_payload_escape_marker_injection_and_collisions_have_no_side_effects[names7] 
tests/test_artifact_identity.py::test_payload_escape_marker_injection_and_collisions_have_no_side_effects[names8] 
[gw1] [ 16%] PASSED tests/test_artifact_identity.py::test_payload_escape_marker_injection_and_collisions_have_no_side_effects[names8] 
tests/test_artifact_identity.py::test_payload_escape_marker_injection_and_collisions_have_no_side_effects[names9] 
[gw7] [ 16%] PASSED tests/test_eval_inputs.py::test_required_subdataset_must_be_selected 
tests/test_eval_inputs.py::test_manifest_cannot_supply_its_own_task_definitions 
[gw1] [ 16%] PASSED tests/test_artifact_identity.py::test_payload_escape_marker_injection_and_collisions_have_no_side_effects[names9] 
tests/test_artifact_identity.py::test_payload_escape_marker_injection_and_collisions_have_no_side_effects[names10] 
[gw8] [ 16%] PASSED tests/test_experiment_plans.py::test_snapshot_round_trip_and_immutability 
tests/test_experiment_plans.py::test_snapshot_refuses_secrets_fail_closed 
[gw1] [ 16%] PASSED tests/test_artifact_identity.py::test_payload_escape_marker_injection_and_collisions_have_no_side_effects[names10] 
tests/test_artifact_identity.py::test_payload_escape_marker_injection_and_collisions_have_no_side_effects[names11] 
[gw1] [ 16%] PASSED tests/test_artifact_identity.py::test_payload_escape_marker_injection_and_collisions_have_no_side_effects[names11] 
[gw4] [ 16%] PASSED tests/test_cli_pool_freeze.py::test_freeze_fits_tokenizer_and_writes_a_mixture_free_regime 
tests/test_artifact_identity.py::test_payload_escape_marker_injection_and_collisions_have_no_side_effects[names12] 
tests/test_cli_pool_freeze.py::test_freeze_refuses_an_unauthorized_large_fit 
[gw9] [ 17%] PASSED tests/test_final_acceptance.py::test_cli_missing_data_is_refused_even_in_dry_run[True] 
[gw1] [ 17%] PASSED tests/test_artifact_identity.py::test_payload_escape_marker_injection_and_collisions_have_no_side_effects[names12] 
tests/test_final_acceptance.py::test_cli_resume_reconstructs_real_settings_and_exact_nonmultiple_budget 
tests/test_artifact_identity.py::test_payload_escape_marker_injection_and_collisions_have_no_side_effects[names13] 
[gw1] [ 17%] PASSED tests/test_artifact_identity.py::test_payload_escape_marker_injection_and_collisions_have_no_side_effects[names13] 
tests/test_artifact_identity.py::test_payload_escape_marker_injection_and_collisions_have_no_side_effects[names14] 
[gw7] [ 17%] PASSED tests/test_eval_inputs.py::test_manifest_cannot_supply_its_own_task_definitions 
tests/test_eval_inputs.py::test_unsupported_manifest_version_is_refused 
[gw10] [ 17%] PASSED tests/test_mixture_stream.py::test_shard_records_offsets_markers_and_coverage 
tests/test_mixture_stream.py::test_shard_counters_report_targets_and_structural_tokens 
[gw3] [ 17%] PASSED tests/test_cli_inventory.py::test_every_registered_command_help[xlm data fetch] 
tests/test_cli_inventory.py::test_every_registered_command_help[xlm data freeze] 
[gw12] [ 17%] PASSED tests/test_pool_splits.py::test_duplicate_clusters_keep_their_members_on_one_side 
tests/test_pool_splits.py::test_quick_validation_subset_is_nested_inside_diagnostic_set 
[gw12] [ 17%] PASSED tests/test_pool_splits.py::test_quick_validation_subset_is_nested_inside_diagnostic_set 
tests/test_pool_splits.py::test_achieved_bytes_are_recorded_and_respect_document_boundaries 
[gw1] [ 17%] PASSED tests/test_artifact_identity.py::test_payload_escape_marker_injection_and_collisions_have_no_side_effects[names14] 
[gw12] [ 17%] PASSED tests/test_pool_splits.py::test_achieved_bytes_are_recorded_and_respect_document_boundaries 
tests/test_artifact_identity.py::test_payload_escape_marker_injection_and_collisions_have_no_side_effects[names15] 
tests/test_pool_splits.py::test_splits_do_not_depend_on_mixture_weights 
[gw12] [ 17%] PASSED tests/test_pool_splits.py::test_splits_do_not_depend_on_mixture_weights 
tests/test_pool_splits.py::test_apply_splits_records_split_and_group_on_documents 
[gw8] [ 17%] PASSED tests/test_experiment_plans.py::test_snapshot_refuses_secrets_fail_closed 
[gw12] [ 18%] PASSED tests/test_pool_splits.py::test_apply_splits_records_split_and_group_on_documents 
tests/test_experiment_plans.py::test_snapshot_missing_tree_is_refused 
tests/test_pool_splits.py::test_tokenizer_fitting_rejects_non_training_documents 
[gw12] [ 18%] PASSED tests/test_pool_splits.py::test_tokenizer_fitting_rejects_non_training_documents 
tests/test_pool_splits.py::test_pool_freeze_binds_dedup_split_and_membership 
[gw8] [ 18%] PASSED tests/test_experiment_plans.py::test_snapshot_missing_tree_is_refused 
tests/test_experiment_plans.py::test_smoke_ticket_covers_only_smoke_scale 
[gw1] [ 18%] PASSED tests/test_artifact_identity.py::test_payload_escape_marker_injection_and_collisions_have_no_side_effects[names15] 
[gw8] [ 18%] PASSED tests/test_experiment_plans.py::test_smoke_ticket_covers_only_smoke_scale 
tests/test_artifact_identity.py::test_payload_escape_marker_injection_and_collisions_have_no_side_effects[names16] 
tests/test_experiment_plans.py::test_ticket_binds_one_plan_hash 
[gw8] [ 18%] PASSED tests/test_experiment_plans.py::test_ticket_binds_one_plan_hash 
tests/test_experiment_plans.py::test_ticket_round_trip_and_malformed_refusal 
[gw7] [ 18%] PASSED tests/test_eval_inputs.py::test_unsupported_manifest_version_is_refused 
tests/test_eval_inputs.py::test_selection_cannot_declare_an_empty_population 
[gw7] [ 18%] PASSED tests/test_eval_inputs.py::test_selection_cannot_declare_an_empty_population 
tests/test_eval_inputs.py::test_selection_cannot_select_more_than_its_declared_source 
[gw3] [ 18%] PASSED tests/test_cli_inventory.py::test_every_registered_command_help[xlm data freeze] 
tests/test_cli_inventory.py::test_every_registered_command_help[xlm data import-local] 
[gw1] [ 18%] PASSED tests/test_artifact_identity.py::test_payload_escape_marker_injection_and_collisions_have_no_side_effects[names16] 
tests/test_artifact_identity.py::test_payload_escape_marker_injection_and_collisions_have_no_side_effects[names17] 
[gw8] [ 18%] PASSED tests/test_experiment_plans.py::test_ticket_round_trip_and_malformed_refusal 
tests/test_experiment_plans.py::test_validate_against_ticket_applies_smoke_caps_by_default 
[gw8] [ 18%] PASSED tests/test_experiment_plans.py::test_validate_against_ticket_applies_smoke_caps_by_default 
tests/test_experiment_plans.py::test_resolve_reports_blockers_instead_of_defaults 
[gw1] [ 19%] PASSED tests/test_artifact_identity.py::test_payload_escape_marker_injection_and_collisions_have_no_side_effects[names17] 
tests/test_artifact_identity.py::test_payload_escape_marker_injection_and_collisions_have_no_side_effects[names18] 
[gw1] [ 19%] PASSED tests/test_artifact_identity.py::test_payload_escape_marker_injection_and_collisions_have_no_side_effects[names18] 
tests/test_artifact_identity.py::test_streaming_limits_preserve_foreign_staging 
[gw3] [ 19%] PASSED tests/test_cli_inventory.py::test_every_registered_command_help[xlm data import-local] 
tests/test_cli_inventory.py::test_every_registered_command_help[xlm data mix01-status] 
[gw1] [ 19%] PASSED tests/test_artifact_identity.py::test_streaming_limits_preserve_foreign_staging 
tests/test_artifact_identity.py::test_existing_junction_cannot_redirect_publication[kind] 
[gw7] [ 19%] PASSED tests/test_eval_inputs.py::test_selection_cannot_select_more_than_its_declared_source 
tests/test_eval_inputs.py::test_build_reads_membership_from_the_artifact_not_the_operator 
[gw10] [ 19%] PASSED tests/test_mixture_stream.py::test_shard_counters_report_targets_and_structural_tokens 
tests/test_mixture_stream.py::test_mmap_reads_match_direct_reads 
[gw14] [ 19%] PASSED tests/test_reports.py::test_cli_report_campaign_and_data 
tests/test_reports.py::test_cli_runs_list_empty_and_populated 
[gw7] [ 19%] PASSED tests/test_eval_inputs.py::test_build_reads_membership_from_the_artifact_not_the_operator 
tests/test_eval_inputs.py::test_subset_scope_is_a_valid_narrower_manifest 
[gw7] [ 19%] PASSED tests/test_eval_inputs.py::test_subset_scope_is_a_valid_narrower_manifest 
tests/test_eval_suites.py::test_official_dataset_pins_are_resolved_and_immutable 
[gw7] [ 19%] PASSED tests/test_eval_suites.py::test_official_dataset_pins_are_resolved_and_immutable 
tests/test_eval_suites.py::test_variants_carry_the_pinned_revision_into_the_task_config 
[gw15] [ 19%] PASSED tests/test_tokenizers.py::test_cli_tokenizer_workflow 
tests/test_trainer.py::test_trainer_overfitting_criterion 
[gw7] [ 19%] PASSED tests/test_eval_suites.py::test_variants_carry_the_pinned_revision_into_the_task_config 
tests/test_eval_suites.py::test_search_and_confirmation_never_reference_final_splits 
[gw7] [ 20%] PASSED tests/test_eval_suites.py::test_search_and_confirmation_never_reference_final_splits 
tests/test_eval_suites.py::test_final_splits_are_exactly_the_policy_split 
[gw7] [ 20%] PASSED tests/test_eval_suites.py::test_final_splits_are_exactly_the_policy_split 
tests/test_eval_suites.py::test_final_requires_operator_authorization 
[gw12] [ 20%] PASSED tests/test_pool_splits.py::test_pool_freeze_binds_dedup_split_and_membership 
tests/test_pool_splits.py::test_late_bridge_duplicate_invalidates_the_affected_freeze 
[gw10] [ 20%] PASSED tests/test_mixture_stream.py::test_mmap_reads_match_direct_reads 
tests/test_mixture_stream.py::test_token_dtype_overflow_is_caught 
[gw7] [ 20%] PASSED tests/test_eval_suites.py::test_final_requires_operator_authorization 
tests/test_eval_suites.py::test_firewall_detects_a_developer_variant_pointing_at_a_final_split 
[gw7] [ 20%] PASSED tests/test_eval_suites.py::test_firewall_detects_a_developer_variant_pointing_at_a_final_split 
[gw10] [ 20%] PASSED tests/test_mixture_stream.py::test_token_dtype_overflow_is_caught 
tests/test_eval_suites.py::test_blimp_partition_is_whole_disjoint_subdatasets 
tests/test_mixture_stream.py::test_corrupted_shard_fails_verification 
[gw7] [ 20%] PASSED tests/test_eval_suites.py::test_blimp_partition_is_whole_disjoint_subdatasets 
tests/test_eval_suites.py::test_blimp_partition_is_deterministic_and_seed_sensitive 
[gw7] [ 20%] PASSED tests/test_eval_suites.py::test_blimp_partition_is_deterministic_and_seed_sensitive 
tests/test_eval_suites.py::test_grouped_partition_keeps_groups_together_and_disjoint 
[gw7] [ 20%] PASSED tests/test_eval_suites.py::test_grouped_partition_keeps_groups_together_and_disjoint 
tests/test_eval_suites.py::test_index_requires_complete_declared_coverage 
[gw7] [ 20%] PASSED tests/test_eval_suites.py::test_index_requires_complete_declared_coverage 
tests/test_eval_suites.py::test_index_matches_the_declared_formula_and_chance_references 
[gw7] [ 20%] PASSED tests/test_eval_suites.py::test_index_matches_the_declared_formula_and_chance_references 
tests/test_eval_suites.py::test_blimp_is_macro_averaged_before_weighting 
[gw7] [ 21%] PASSED tests/test_eval_suites.py::test_blimp_is_macro_averaged_before_weighting 
tests/test_eval_suites.py::test_negative_components_are_not_clipped 
[gw7] [ 21%] PASSED tests/test_eval_suites.py::test_negative_components_are_not_clipped 
tests/test_eval_suites.py::test_zero_scored_items_withhold_the_index 
[gw7] [ 21%] PASSED tests/test_eval_suites.py::test_zero_scored_items_withhold_the_index 
tests/test_eval_suites.py::test_final_request_is_frozen_and_hashable 
[gw3] [ 21%] PASSED tests/test_cli_inventory.py::test_every_registered_command_help[xlm data mix01-status] 
tests/test_cli_inventory.py::test_every_registered_command_help[xlm data plan] 
[gw7] [ 21%] PASSED tests/test_eval_suites.py::test_final_request_is_frozen_and_hashable 
tests/test_eval_suites.py::test_task_evidence_counts_omissions_and_truncation 
[gw7] [ 21%] PASSED tests/test_eval_suites.py::test_task_evidence_counts_omissions_and_truncation 
tests/test_eval_suites.py::test_evidence_round_trips_deterministically 
[gw4] [ 21%] PASSED tests/test_cli_pool_freeze.py::test_freeze_refuses_an_unauthorized_large_fit 
[gw7] [ 21%] PASSED tests/test_eval_suites.py::test_evidence_round_trips_deterministically 
tests/test_cli_pool_freeze.py::test_pool_build_rejects_a_missing_views_file 
tests/test_eval_suites.py::test_cache_rejects_a_stale_or_foreign_identity 
[gw7] [ 21%] PASSED tests/test_eval_suites.py::test_cache_rejects_a_stale_or_foreign_identity 
tests/test_eval_suites.py::test_reference_registry_round_trip_and_no_silent_replacement 
[gw7] [ 21%] PASSED tests/test_eval_suites.py::test_reference_registry_round_trip_and_no_silent_replacement 
tests/test_eval_suites.py::test_model_download_plan_requires_authorization_revision_and_caps 
[gw7] [ 21%] PASSED tests/test_eval_suites.py::test_model_download_plan_requires_authorization_revision_and_caps 
tests/test_eval_suites.py::test_harness_identity_changes_with_every_component 
[gw7] [ 22%] PASSED tests/test_eval_suites.py::test_harness_identity_changes_with_every_component 
tests/test_eval_suites.py::test_installed_harness_version_matches_the_pin_when_present 
[gw7] [ 22%] PASSED tests/test_eval_suites.py::test_installed_harness_version_matches_the_pin_when_present 
tests/test_eval_suites.py::test_harness_identity_to_dict_carries_the_fingerprint 
[gw7] [ 22%] PASSED tests/test_eval_suites.py::test_harness_identity_to_dict_carries_the_fingerprint 
tests/test_eval_suites.py::test_harness_samples_convert_with_lowest_index_tie_break 
[gw7] [ 22%] PASSED tests/test_eval_suites.py::test_harness_samples_convert_with_lowest_index_tie_break 
tests/test_eval_suites.py::test_incomplete_coverage_error_is_available_for_callers 
[gw7] [ 22%] PASSED tests/test_eval_suites.py::test_incomplete_coverage_error_is_available_for_callers 
tests/test_eval_suites.py::test_reference_registration_measures_parameters_locally 
[gw7] [ 22%] PASSED tests/test_eval_suites.py::test_reference_registration_measures_parameters_locally 
tests/test_eval_suites.py::test_cli_final_request_only_writes_a_gated_request 
[gw10] [ 22%] PASSED tests/test_mixture_stream.py::test_corrupted_shard_fails_verification 
tests/test_mixture_stream.py::test_a_second_mixture_reuses_the_same_shards 
[gw3] [ 22%] PASSED tests/test_cli_inventory.py::test_every_registered_command_help[xlm data plan] 
tests/test_cli_inventory.py::test_every_registered_command_help[xlm data pool] 
[gw1] [ 22%] PASSED tests/test_artifact_identity.py::test_existing_junction_cannot_redirect_publication[kind] 
tests/test_artifact_identity.py::test_existing_junction_cannot_redirect_publication[staging] 
[gw4] [ 22%] PASSED tests/test_cli_pool_freeze.py::test_pool_build_rejects_a_missing_views_file 
tests/test_cli_train_demo.py::test_cli_demo_subprocess 
[gw7] [ 22%] PASSED tests/test_eval_suites.py::test_cli_final_request_only_writes_a_gated_request 
[gw3] [ 22%] PASSED tests/test_cli_inventory.py::test_every_registered_command_help[xlm data pool] 
tests/test_eval_suites.py::test_cli_final_without_authorization_refuses 
tests/test_cli_inventory.py::test_every_registered_command_help[xlm data pool build] 
[gw12] [ 23%] PASSED tests/test_pool_splits.py::test_late_bridge_duplicate_invalidates_the_affected_freeze 
tests/test_pool_splits.py::test_bridge_within_one_split_is_reported_but_not_invalidating 
[gw10] [ 23%] PASSED tests/test_mixture_stream.py::test_a_second_mixture_reuses_the_same_shards 
tests/test_mixture_stream.py::test_a_second_tokenizer_invalidates_the_shards 
[gw1] [ 23%] PASSED tests/test_artifact_identity.py::test_existing_junction_cannot_redirect_publication[staging] 
tests/test_artifact_identity.py::test_existing_junction_cannot_redirect_publication[locks] 
[gw3] [ 23%] PASSED tests/test_cli_inventory.py::test_every_registered_command_help[xlm data pool build] 
tests/test_cli_inventory.py::test_every_registered_command_help[xlm data pool inspect] 
[gw10] [ 23%] PASSED tests/test_mixture_stream.py::test_a_second_tokenizer_invalidates_the_shards 
tests/test_mixture_stream.py::test_matched_byte_plan_holds_raw_exposure_across_real_tokenizers 
[gw7] [ 23%] PASSED tests/test_eval_suites.py::test_cli_final_without_authorization_refuses 
tests/test_eval_suites.py::test_cli_unknown_suite_refuses 
[gw3] [ 23%] PASSED tests/test_cli_inventory.py::test_every_registered_command_help[xlm data pool inspect] 
tests/test_cli_inventory.py::test_every_registered_command_help[xlm data pool verify] 
[gw7] [ 23%] PASSED tests/test_eval_suites.py::test_cli_unknown_suite_refuses 
tests/test_evaluation_fixtures.py::test_multiple_choice_scoring_and_acc_norm 
[gw10] [ 23%] PASSED tests/test_mixture_stream.py::test_matched_byte_plan_holds_raw_exposure_across_real_tokenizers 
tests/test_mixture_stream.py::test_observed_shares_match_configured_weights_on_unequal_sources 
[gw12] [ 23%] PASSED tests/test_pool_splits.py::test_bridge_within_one_split_is_reported_but_not_invalidating 
tests/test_pool_splits.py::test_incremental_and_full_rebuild_agree 
[gw1] [ 23%] PASSED tests/test_artifact_identity.py::test_existing_junction_cannot_redirect_publication[locks] 
tests/test_artifact_identity.py::test_existing_junction_cannot_redirect_publication[payload] 
[gw7] [ 23%] PASSED tests/test_evaluation_fixtures.py::test_multiple_choice_scoring_and_acc_norm 
tests/test_evaluation_fixtures.py::test_empty_choice_string_rejected 
[gw7] [ 24%] PASSED tests/test_evaluation_fixtures.py::test_empty_choice_string_rejected 
tests/test_evaluation_fixtures.py::test_minimal_pair_scoring 
[gw3] [ 24%] PASSED tests/test_cli_inventory.py::test_every_registered_command_help[xlm data pool verify] 
tests/test_cli_inventory.py::test_every_registered_command_help[xlm data probe] 
[gw7] [ 24%] PASSED tests/test_evaluation_fixtures.py::test_minimal_pair_scoring 
tests/test_evaluation_fixtures.py::test_cache_invalidation_and_reuse 
[gw3] [ 24%] PASSED tests/test_cli_inventory.py::test_every_registered_command_help[xlm data probe] 
tests/test_cli_inventory.py::test_every_registered_command_help[xlm data quality-report] 
[gw2] [ 24%] PASSED tests/test_checkpoint.py::test_checksum_valid_checkpoint_still_refuses_pickle_globals 
tests/test_checkpoint.py::test_checkpoint_save_and_reload_roundtrip 
[gw10] [ 24%] PASSED tests/test_mixture_stream.py::test_observed_shares_match_configured_weights_on_unequal_sources 
tests/test_mixture_stream.py::test_exact_token_stopping_at_a_nonmultiple_budget 
[gw3] [ 24%] PASSED tests/test_cli_inventory.py::test_every_registered_command_help[xlm data quality-report] 
tests/test_cli_inventory.py::test_every_registered_command_help[xlm data sources] 
[gw1] [ 24%] PASSED tests/test_artifact_identity.py::test_existing_junction_cannot_redirect_publication[payload] 
tests/test_artifact_identity.py::test_actual_public_cli_current_and_legacy_artifacts 
[gw10] [ 24%] PASSED tests/test_mixture_stream.py::test_exact_token_stopping_at_a_nonmultiple_budget 
tests/test_mixture_stream.py::test_zero_or_negative_budget_produces_no_batches 
[gw3] [ 24%] PASSED tests/test_cli_inventory.py::test_every_registered_command_help[xlm data sources] 
tests/test_cli_inventory.py::test_every_registered_command_help[xlm data split] 
[gw12] [ 24%] PASSED tests/test_pool_splits.py::test_incremental_and_full_rebuild_agree 
tests/test_pool_splits.py::test_pool_cannot_supersede_itself 
[gw10] [ 24%] PASSED tests/test_mixture_stream.py::test_zero_or_negative_budget_produces_no_batches 
tests/test_mixture_stream.py::test_batches_carry_masks_positions_and_source_attribution 
[gw7] [ 25%] PASSED tests/test_evaluation_fixtures.py::test_cache_invalidation_and_reuse 
tests/test_evaluation_fixtures.py::test_strict_synthetic_fixture_labeling 
[gw7] [ 25%] PASSED tests/test_evaluation_fixtures.py::test_strict_synthetic_fixture_labeling 
tests/test_evaluation_fixtures.py::test_evaluation_and_generation_training_isolation 
[gw3] [ 25%] PASSED tests/test_cli_inventory.py::test_every_registered_command_help[xlm data split] 
tests/test_cli_inventory.py::test_every_registered_command_help[xlm data status] 
[gw12] [ 25%] PASSED tests/test_pool_splits.py::test_pool_cannot_supersede_itself 
tests/test_pool_views.py::test_selector_matches_on_actual_record_fields 
[gw12] [ 25%] PASSED tests/test_pool_views.py::test_selector_matches_on_actual_record_fields 
tests/test_pool_views.py::test_selector_matches_metadata_and_byte_window 
[gw12] [ 25%] PASSED tests/test_pool_views.py::test_selector_matches_metadata_and_byte_window 
tests/test_pool_views.py::test_empty_selector_is_unconstrained 
[gw12] [ 25%] PASSED tests/test_pool_views.py::test_empty_selector_is_unconstrained 
tests/test_pool_views.py::test_invalid_byte_window_is_rejected 
[gw12] [ 25%] PASSED tests/test_pool_views.py::test_invalid_byte_window_is_rejected 
tests/test_pool_views.py::test_selector_identity_changes_with_criteria 
[gw12] [ 25%] PASSED tests/test_pool_views.py::test_selector_identity_changes_with_criteria 
tests/test_pool_views.py::test_exclusive_assignment_conserves_sampling_weight 
[gw12] [ 25%] PASSED tests/test_pool_views.py::test_exclusive_assignment_conserves_sampling_weight 
tests/test_pool_views.py::test_multi_view_policy_keeps_and_reports_repeated_weight 
[gw12] [ 25%] PASSED tests/test_pool_views.py::test_multi_view_policy_keeps_and_reports_repeated_weight 
tests/test_pool_views.py::test_assignment_does_not_depend_on_view_declaration_order 
[gw12] [ 25%] PASSED tests/test_pool_views.py::test_assignment_does_not_depend_on_view_declaration_order 
tests/test_pool_views.py::test_equal_priority_breaks_ties_on_view_id 
[gw12] [ 26%] PASSED tests/test_pool_views.py::test_equal_priority_breaks_ties_on_view_id 
tests/test_pool_views.py::test_overlapping_views_are_not_counted_as_independent_sources 
[gw12] [ 26%] PASSED tests/test_pool_views.py::test_overlapping_views_are_not_counted_as_independent_sources 
tests/test_pool_views.py::test_cross_family_overlap_is_flagged_as_provenance_overlap 
[gw12] [ 26%] PASSED tests/test_pool_views.py::test_cross_family_overlap_is_flagged_as_provenance_overlap 
tests/test_pool_views.py::test_duplicate_view_ids_are_rejected 
[gw12] [ 26%] PASSED tests/test_pool_views.py::test_duplicate_view_ids_are_rejected 
tests/test_pool_views.py::test_empty_view_list_is_rejected 
[gw12] [ 26%] PASSED tests/test_pool_views.py::test_empty_view_list_is_rejected 
tests/test_pool_views.py::test_non_overlapping_views_produce_no_warnings 
[gw12] [ 26%] PASSED tests/test_pool_views.py::test_non_overlapping_views_produce_no_warnings 
tests/test_prepare.py::test_plan_only_reports_statuses_without_executing 
[gw10] [ 26%] PASSED tests/test_mixture_stream.py::test_batches_carry_masks_positions_and_source_attribution 
tests/test_mixture_stream.py::test_isolated_packing_mode_is_honoured 
[gw3] [ 26%] PASSED tests/test_cli_inventory.py::test_every_registered_command_help[xlm data status] 
tests/test_cli_inventory.py::test_every_registered_command_help[xlm data tokenize] 
[gw3] [ 26%] PASSED tests/test_cli_inventory.py::test_every_registered_command_help[xlm data tokenize] 
tests/test_cli_inventory.py::test_every_registered_command_help[xlm data verify] 
[gw8] [ 26%] PASSED tests/test_experiment_plans.py::test_resolve_reports_blockers_instead_of_defaults 
tests/test_experiment_plans.py::test_seed_and_source_changes_alter_plan_identity 
[gw10] [ 26%] PASSED tests/test_mixture_stream.py::test_isolated_packing_mode_is_honoured 
tests/test_mixture_stream.py::test_interrupted_run_resumes_to_identical_ids_and_masks 
[gw3] [ 27%] PASSED tests/test_cli_inventory.py::test_every_registered_command_help[xlm data verify] 
tests/test_cli_inventory.py::test_every_registered_command_help[xlm demo] 
[gw3] [ 27%] PASSED tests/test_cli_inventory.py::test_every_registered_command_help[xlm demo] 
tests/test_cli_inventory.py::test_every_registered_command_help[xlm doctor] 
[gw3] [ 27%] PASSED tests/test_cli_inventory.py::test_every_registered_command_help[xlm doctor] 
tests/test_cli_inventory.py::test_every_registered_command_help[xlm evaluate] 
[gw10] [ 27%] PASSED tests/test_mixture_stream.py::test_interrupted_run_resumes_to_identical_ids_and_masks 
tests/test_mixture_stream.py::test_resume_restores_masks_and_scheduler_counters 
[gw3] [ 27%] PASSED tests/test_cli_inventory.py::test_every_registered_command_help[xlm evaluate] 
tests/test_cli_inventory.py::test_every_registered_command_help[xlm experiment] 
[gw10] [ 27%] PASSED tests/test_mixture_stream.py::test_resume_restores_masks_and_scheduler_counters 
tests/test_mixture_stream.py::test_rollback_discards_speculative_progress 
[gw3] [ 27%] PASSED tests/test_cli_inventory.py::test_every_registered_command_help[xlm experiment] 
tests/test_cli_inventory.py::test_every_registered_command_help[xlm experiment authorize] 
[gw10] [ 27%] PASSED tests/test_mixture_stream.py::test_rollback_discards_speculative_progress 
tests/test_mixture_stream.py::test_resume_refuses_a_checkpoint_from_a_different_mixture 
[gw3] [ 27%] PASSED tests/test_cli_inventory.py::test_every_registered_command_help[xlm experiment authorize] 
tests/test_cli_inventory.py::test_every_registered_command_help[xlm experiment plan] 
[gw10] [ 27%] PASSED tests/test_mixture_stream.py::test_resume_refuses_a_checkpoint_from_a_different_mixture 
tests/test_mixture_stream.py::test_batching_is_independent_of_microbatch_grouping 
[gw3] [ 27%] PASSED tests/test_cli_inventory.py::test_every_registered_command_help[xlm experiment plan] 
tests/test_cli_inventory.py::test_every_registered_command_help[xlm experiment submit] 
[gw10] [ 27%] PASSED tests/test_mixture_stream.py::test_batching_is_independent_of_microbatch_grouping 
tests/test_mixture_stream.py::test_exhaustion_raises_when_repeat_is_disabled 
[gw3] [ 28%] PASSED tests/test_cli_inventory.py::test_every_registered_command_help[xlm experiment submit] 
tests/test_cli_inventory.py::test_every_registered_command_help[xlm export] 
[gw10] [ 28%] PASSED tests/test_mixture_stream.py::test_exhaustion_raises_when_repeat_is_disabled 
tests/test_mixture_stream.py::test_bounded_repeat_counts_repeated_targets_separately 
[gw3] [ 28%] PASSED tests/test_cli_inventory.py::test_every_registered_command_help[xlm export] 
tests/test_cli_inventory.py::test_every_registered_command_help[xlm final] 
[gw10] [ 28%] PASSED tests/test_mixture_stream.py::test_bounded_repeat_counts_repeated_targets_separately 
tests/test_mixture_stream.py::test_missing_shard_for_a_weighted_source_is_refused 
[gw10] [ 28%] PASSED tests/test_mixture_stream.py::test_missing_shard_for_a_weighted_source_is_refused 
tests/test_mixture_stream.py::test_invalid_batcher_configuration_is_rejected 
[gw3] [ 28%] PASSED tests/test_cli_inventory.py::test_every_registered_command_help[xlm final] 
tests/test_cli_inventory.py::test_every_registered_command_help[xlm final execute] 
[gw10] [ 28%] PASSED tests/test_mixture_stream.py::test_invalid_batcher_configuration_is_rejected 
tests/test_models.py::test_meta_parameter_counts_exact_matches 
[gw0] [ 28%] PASSED tests/test_acquisition_bounds.py::test_original_valid_transfer_and_restart_consumption 
tests/test_acquisition_bounds.py::test_completed_original_is_never_repaired[same_length] 
[gw3] [ 28%] PASSED tests/test_cli_inventory.py::test_every_registered_command_help[xlm final execute] 
tests/test_cli_inventory.py::test_every_registered_command_help[xlm final request] 
[gw3] [ 28%] PASSED tests/test_cli_inventory.py::test_every_registered_command_help[xlm final request] 
tests/test_cli_inventory.py::test_every_registered_command_help[xlm final verify-receipt] 
[gw12] [ 28%] PASSED tests/test_prepare.py::test_plan_only_reports_statuses_without_executing 
tests/test_prepare.py::test_missing_approval_blocks_with_named_reason 
[gw3] [ 28%] PASSED tests/test_cli_inventory.py::test_every_registered_command_help[xlm final verify-receipt] 
tests/test_cli_inventory.py::test_every_registered_command_help[xlm generate] 
[gw7] [ 29%] PASSED tests/test_evaluation_fixtures.py::test_evaluation_and_generation_training_isolation 
tests/test_exclusion_benchmark.py::test_full_example_contamination_is_detected 
[gw7] [ 29%] PASSED tests/test_exclusion_benchmark.py::test_full_example_contamination_is_detected 
tests/test_exclusion_benchmark.py::test_informative_span_contamination_is_detected 
[gw7] [ 29%] PASSED tests/test_exclusion_benchmark.py::test_informative_span_contamination_is_detected 
tests/test_exclusion_benchmark.py::test_all_candidate_answers_are_indexed_not_just_the_gold_one 
[gw7] [ 29%] PASSED tests/test_exclusion_benchmark.py::test_all_candidate_answers_are_indexed_not_just_the_gold_one 
tests/test_exclusion_benchmark.py::test_ordinary_english_sharing_a_common_phrase_is_not_excluded 
[gw7] [ 29%] PASSED tests/test_exclusion_benchmark.py::test_ordinary_english_sharing_a_common_phrase_is_not_excluded 
tests/test_exclusion_benchmark.py::test_span_frequency_suppression_threshold_is_configurable 
[gw7] [ 29%] PASSED tests/test_exclusion_benchmark.py::test_span_frequency_suppression_threshold_is_configurable 
tests/test_exclusion_benchmark.py::test_short_span_length_is_rejected_by_the_schema 
[gw7] [ 29%] PASSED tests/test_exclusion_benchmark.py::test_short_span_length_is_rejected_by_the_schema 
tests/test_exclusion_benchmark.py::test_report_contains_no_benchmark_text_or_labels 
[gw7] [ 29%] PASSED tests/test_exclusion_benchmark.py::test_report_contains_no_benchmark_text_or_labels 
tests/test_exclusion_benchmark.py::test_report_states_its_own_limits_honestly 
[gw7] [ 29%] PASSED tests/test_exclusion_benchmark.py::test_report_states_its_own_limits_honestly 
tests/test_exclusion_benchmark.py::test_paraphrase_is_acknowledged_as_undetected 
[gw7] [ 29%] PASSED tests/test_exclusion_benchmark.py::test_paraphrase_is_acknowledged_as_undetected 
tests/test_exclusion_benchmark.py::test_exclusion_policy_identity_changes_with_behavioral_settings 
[gw7] [ 29%] PASSED tests/test_exclusion_benchmark.py::test_exclusion_policy_identity_changes_with_behavioral_settings 
tests/test_exclusion_receipt.py::test_signed_receipt_from_a_trusted_issuer_verifies 
[gw7] [ 29%] PASSED tests/test_exclusion_receipt.py::test_signed_receipt_from_a_trusted_issuer_verifies 
tests/test_exclusion_receipt.py::test_unsigned_receipt_is_rejected_under_protected_policy 
[gw7] [ 30%] PASSED tests/test_exclusion_receipt.py::test_unsigned_receipt_is_rejected_under_protected_policy 
tests/test_exclusion_receipt.py::test_untrusted_issuer_is_rejected 
[gw7] [ 30%] PASSED tests/test_exclusion_receipt.py::test_untrusted_issuer_is_rejected 
tests/test_exclusion_receipt.py::test_tampered_receipt_fails_signature_verification 
[gw7] [ 30%] PASSED tests/test_exclusion_receipt.py::test_tampered_receipt_fails_signature_verification 
tests/test_exclusion_receipt.py::test_wrong_key_fails_signature_verification 
[gw7] [ 30%] PASSED tests/test_exclusion_receipt.py::test_wrong_key_fails_signature_verification 
tests/test_exclusion_receipt.py::test_malformed_receipts_are_rejected[overrides0-malformed] 
[gw7] [ 30%] PASSED tests/test_exclusion_receipt.py::test_malformed_receipts_are_rejected[overrides0-malformed] 
tests/test_exclusion_receipt.py::test_malformed_receipts_are_rejected[overrides1-malformed] 
[gw7] [ 30%] PASSED tests/test_exclusion_receipt.py::test_malformed_receipts_are_rejected[overrides1-malformed] 
tests/test_exclusion_receipt.py::test_malformed_receipts_are_rejected[overrides2-malformed] 
[gw7] [ 30%] PASSED tests/test_exclusion_receipt.py::test_malformed_receipts_are_rejected[overrides2-malformed] 
tests/test_exclusion_receipt.py::test_malformed_receipts_are_rejected[overrides3-malformed] 
[gw7] [ 30%] PASSED tests/test_exclusion_receipt.py::test_malformed_receipts_are_rejected[overrides3-malformed] 
tests/test_exclusion_receipt.py::test_malformed_receipts_are_rejected[overrides4-unsupported receipt schema version] 
[gw7] [ 30%] PASSED tests/test_exclusion_receipt.py::test_malformed_receipts_are_rejected[overrides4-unsupported receipt schema version] 
tests/test_exclusion_receipt.py::test_malformed_receipts_are_rejected[overrides5-inconsistent] 
[gw7] [ 30%] PASSED tests/test_exclusion_receipt.py::test_malformed_receipts_are_rejected[overrides5-inconsistent] 
tests/test_exclusion_receipt.py::test_malformed_receipts_are_rejected[overrides6-inconsistent] 
[gw7] [ 30%] PASSED tests/test_exclusion_receipt.py::test_malformed_receipts_are_rejected[overrides6-inconsistent] 
tests/test_exclusion_receipt.py::test_receipt_carrying_protected_content_is_rejected 
[gw7] [ 30%] PASSED tests/test_exclusion_receipt.py::test_receipt_carrying_protected_content_is_rejected 
tests/test_exclusion_receipt.py::test_receipt_must_be_bound_to_the_submitted_corpus_batch 
[gw7] [ 31%] PASSED tests/test_exclusion_receipt.py::test_receipt_must_be_bound_to_the_submitted_corpus_batch 
tests/test_exclusion_receipt.py::test_development_receipt_cannot_satisfy_a_protected_policy_check 
[gw7] [ 31%] PASSED tests/test_exclusion_receipt.py::test_development_receipt_cannot_satisfy_a_protected_policy_check 
tests/test_exclusion_receipt.py::test_development_receipt_binds_inputs_and_output_membership 
[gw7] [ 31%] PASSED tests/test_exclusion_receipt.py::test_development_receipt_binds_inputs_and_output_membership 
[gw13] [ 31%] PASSED tests/test_prepare.py::test_stale_inputs_invalidate_downstream 
tests/test_exclusion_receipt.py::test_receipt_contains_no_benchmark_text_or_example_identifiers 
tests/test_prepare.py::test_execution_requires_explicit_authorization 
[gw7] [ 31%] PASSED tests/test_exclusion_receipt.py::test_receipt_contains_no_benchmark_text_or_example_identifiers 
tests/test_exclusion_receipt.py::test_receipt_round_trips_through_disk 
[gw3] [ 31%] PASSED tests/test_cli_inventory.py::test_every_registered_command_help[xlm generate] 
tests/test_cli_inventory.py::test_every_registered_command_help[xlm generate-session] 
[gw7] [ 31%] PASSED tests/test_exclusion_receipt.py::test_receipt_round_trips_through_disk 
[gw13] [ 31%] PASSED tests/test_prepare.py::test_execution_requires_explicit_authorization 
tests/test_exclusion_receipt.py::test_receipt_with_unexpected_fields_is_rejected_on_load 
tests/test_prepare.py::test_full_toy_run_reuses_on_repeat 
[gw7] [ 31%] PASSED tests/test_exclusion_receipt.py::test_receipt_with_unexpected_fields_is_rejected_on_load 
tests/test_source_admission.py::test_admission_gate_view_mismatch 
[gw7] [ 31%] PASSED tests/test_source_admission.py::test_admission_gate_view_mismatch 
tests/test_source_admission.py::test_admission_gate_benchmark_risk_block 
[gw7] [ 31%] PASSED tests/test_source_admission.py::test_admission_gate_benchmark_risk_block 
tests/test_source_discovery.py::test_source_prober_missing_repo_outcome 
[gw7] [ 32%] PASSED tests/test_source_discovery.py::test_source_prober_missing_repo_outcome 
tests/test_source_discovery.py::test_source_prober_gated_repo_outcome 
[gw7] [ 32%] PASSED tests/test_source_discovery.py::test_source_prober_gated_repo_outcome 
tests/test_source_discovery.py::test_source_prober_denied_fineweb_policy_block 
[gw7] [ 32%] PASSED tests/test_source_discovery.py::test_source_prober_denied_fineweb_policy_block 
tests/test_source_discovery.py::test_nested_field_schema_inspection 
[gw7] [ 32%] PASSED tests/test_source_discovery.py::test_nested_field_schema_inspection 
tests/test_source_discovery.py::test_missing_text_field_explicit_handling 
[gw7] [ 32%] PASSED tests/test_source_discovery.py::test_missing_text_field_explicit_handling 
tests/test_source_discovery.py::test_secret_redaction_and_preview_bounding 
[gw7] [ 32%] PASSED tests/test_source_discovery.py::test_secret_redaction_and_preview_bounding 
tests/test_source_discovery.py::test_probe_fingerprint_stability_and_invalidation 
[gw7] [ 32%] PASSED tests/test_source_discovery.py::test_probe_fingerprint_stability_and_invalidation 
tests/test_source_discovery.py::test_transport_budget_limits_and_deadlines 
[gw7] [ 32%] PASSED tests/test_source_discovery.py::test_transport_budget_limits_and_deadlines 
tests/test_source_discovery.py::test_security_host_allowlist_and_local_traversal 
[gw7] [ 32%] PASSED tests/test_source_discovery.py::test_security_host_allowlist_and_local_traversal 
tests/test_source_discovery.py::test_ambiguous_provider_error_does_not_infer_nonexistence 
[gw7] [ 32%] PASSED tests/test_source_discovery.py::test_ambiguous_provider_error_does_not_infer_nonexistence 
tests/test_source_discovery.py::test_malicious_redirect_blocked_by_safe_redirect_handler 
[gw7] [ 32%] PASSED tests/test_source_discovery.py::test_malicious_redirect_blocked_by_safe_redirect_handler 
tests/test_source_discovery.py::test_prober_budget_exhaustion_outcome 
[gw7] [ 32%] PASSED tests/test_source_discovery.py::test_prober_budget_exhaustion_outcome 
tests/test_source_discovery.py::test_partial_inventory_and_unresolved_requirements 
[gw7] [ 33%] PASSED tests/test_source_discovery.py::test_partial_inventory_and_unresolved_requirements 
tests/test_token_shards.py::test_token_shard_writer_and_reader_roundtrip 
[gw7] [ 33%] PASSED tests/test_token_shards.py::test_token_shard_writer_and_reader_roundtrip 
tests/test_token_shards.py::test_token_shard_corruption_detection 
[gw3] [ 33%] PASSED tests/test_cli_inventory.py::test_every_registered_command_help[xlm generate-session] 
tests/test_cli_inventory.py::test_every_registered_command_help[xlm maintenance] 
[gw7] [ 33%] PASSED tests/test_token_shards.py::test_token_shard_corruption_detection 
tests/test_tokenizer_regime.py::test_round_trip_is_exact_against_canonical_text[proper_names_latin] 
[gw7] [ 33%] PASSED tests/test_tokenizer_regime.py::test_round_trip_is_exact_against_canonical_text[proper_names_latin] 
tests/test_tokenizer_regime.py::test_round_trip_is_exact_against_canonical_text[cyrillic] 
[gw7] [ 33%] PASSED tests/test_tokenizer_regime.py::test_round_trip_is_exact_against_canonical_text[cyrillic] 
tests/test_tokenizer_regime.py::test_round_trip_is_exact_against_canonical_text[cjk] 
[gw7] [ 33%] PASSED tests/test_tokenizer_regime.py::test_round_trip_is_exact_against_canonical_text[cjk] 
tests/test_tokenizer_regime.py::test_round_trip_is_exact_against_canonical_text[greek] 
[gw7] [ 33%] PASSED tests/test_tokenizer_regime.py::test_round_trip_is_exact_against_canonical_text[greek] 
tests/test_tokenizer_regime.py::test_round_trip_is_exact_against_canonical_text[code_indent] 
[gw7] [ 33%] PASSED tests/test_tokenizer_regime.py::test_round_trip_is_exact_against_canonical_text[code_indent] 
tests/test_tokenizer_regime.py::test_round_trip_is_exact_against_canonical_text[math_symbols] 
[gw7] [ 33%] PASSED tests/test_tokenizer_regime.py::test_round_trip_is_exact_against_canonical_text[math_symbols] 
tests/test_tokenizer_regime.py::test_round_trip_is_exact_against_canonical_text[currency] 
[gw7] [ 33%] PASSED tests/test_tokenizer_regime.py::test_round_trip_is_exact_against_canonical_text[currency] 
tests/test_tokenizer_regime.py::test_round_trip_is_exact_against_canonical_text[combining_marks] 
[gw7] [ 33%] PASSED tests/test_tokenizer_regime.py::test_round_trip_is_exact_against_canonical_text[combining_marks] 
tests/test_tokenizer_regime.py::test_round_trip_is_exact_against_canonical_text[emoji] 
[gw7] [ 34%] PASSED tests/test_tokenizer_regime.py::test_round_trip_is_exact_against_canonical_text[emoji] 
tests/test_tokenizer_regime.py::test_round_trip_is_exact_against_canonical_text[literal_specials] 
[gw7] [ 34%] PASSED tests/test_tokenizer_regime.py::test_round_trip_is_exact_against_canonical_text[literal_specials] 
tests/test_tokenizer_regime.py::test_round_trip_is_exact_against_canonical_text[mixed] 
[gw7] [ 34%] PASSED tests/test_tokenizer_regime.py::test_round_trip_is_exact_against_canonical_text[mixed] 
tests/test_tokenizer_regime.py::test_round_trip_is_exact_against_canonical_text[whitespace] 
[gw7] [ 34%] PASSED tests/test_tokenizer_regime.py::test_round_trip_is_exact_against_canonical_text[whitespace] 
tests/test_tokenizer_regime.py::test_round_trip_is_exact_against_canonical_text[control_whitespace] 
[gw7] [ 34%] PASSED tests/test_tokenizer_regime.py::test_round_trip_is_exact_against_canonical_text[control_whitespace] 
tests/test_tokenizer_regime.py::test_byte_offsets_partition_the_canonical_bytes[proper_names_latin] 
[gw7] [ 34%] PASSED tests/test_tokenizer_regime.py::test_byte_offsets_partition_the_canonical_bytes[proper_names_latin] 
tests/test_tokenizer_regime.py::test_byte_offsets_partition_the_canonical_bytes[cyrillic] 
[gw7] [ 34%] PASSED tests/test_tokenizer_regime.py::test_byte_offsets_partition_the_canonical_bytes[cyrillic] 
tests/test_tokenizer_regime.py::test_byte_offsets_partition_the_canonical_bytes[cjk] 
[gw7] [ 34%] PASSED tests/test_tokenizer_regime.py::test_byte_offsets_partition_the_canonical_bytes[cjk] 
tests/test_tokenizer_regime.py::test_byte_offsets_partition_the_canonical_bytes[greek] 
[gw7] [ 34%] PASSED tests/test_tokenizer_regime.py::test_byte_offsets_partition_the_canonical_bytes[greek] 
tests/test_tokenizer_regime.py::test_byte_offsets_partition_the_canonical_bytes[code_indent] 
[gw7] [ 34%] PASSED tests/test_tokenizer_regime.py::test_byte_offsets_partition_the_canonical_bytes[code_indent] 
tests/test_tokenizer_regime.py::test_byte_offsets_partition_the_canonical_bytes[math_symbols] 
[gw7] [ 34%] PASSED tests/test_tokenizer_regime.py::test_byte_offsets_partition_the_canonical_bytes[math_symbols] 
tests/test_acquisition_fetcher.py::test_fetcher_malicious_redirect_blocked 
[gw3] [ 34%] PASSED tests/test_cli_inventory.py::test_every_registered_command_help[xlm maintenance] 
tests/test_cli_inventory.py::test_every_registered_command_help[xlm mixture] 
[gw3] [ 35%] PASSED tests/test_cli_inventory.py::test_every_registered_command_help[xlm mixture] 
tests/test_cli_inventory.py::test_every_registered_command_help[xlm mixture inspect] 
[gw3] [ 35%] PASSED tests/test_cli_inventory.py::test_every_registered_command_help[xlm mixture inspect] 
tests/test_cli_inventory.py::test_every_registered_command_help[xlm mixture matched-plan] 
[gw8] [ 35%] PASSED tests/test_experiment_plans.py::test_seed_and_source_changes_alter_plan_identity 
tests/test_experiment_plans.py::test_plan_round_trips_through_json 
[gw3] [ 35%] PASSED tests/test_cli_inventory.py::test_every_registered_command_help[xlm mixture matched-plan] 
tests/test_cli_inventory.py::test_every_registered_command_help[xlm mixture plan] 
[gw3] [ 35%] PASSED tests/test_cli_inventory.py::test_every_registered_command_help[xlm mixture plan] 
tests/test_cli_inventory.py::test_every_registered_command_help[xlm mixture preset-diff] 
[gw3] [ 35%] PASSED tests/test_cli_inventory.py::test_every_registered_command_help[xlm mixture preset-diff] 
tests/test_cli_inventory.py::test_every_registered_command_help[xlm mixture preset-validate] 
[gw3] [ 35%] PASSED tests/test_cli_inventory.py::test_every_registered_command_help[xlm mixture preset-validate] 
tests/test_cli_inventory.py::test_every_registered_command_help[xlm mixture preview] 
[gw2] [ 35%] PASSED tests/test_checkpoint.py::test_checkpoint_save_and_reload_roundtrip 
tests/test_checkpoint.py::test_checkpoint_checksum_corruption_detection 
[gw3] [ 35%] PASSED tests/test_cli_inventory.py::test_every_registered_command_help[xlm mixture preview] 
tests/test_cli_inventory.py::test_every_registered_command_help[xlm mixture validate] 
[gw3] [ 35%] PASSED tests/test_cli_inventory.py::test_every_registered_command_help[xlm mixture validate] 
tests/test_cli_inventory.py::test_every_registered_command_help[xlm model] 
[gw11] [ 35%] PASSED tests/test_models.py::test_cli_model_inspect_subprocess[tiny] 
tests/test_models.py::test_cli_model_inspect_subprocess[50m] 
[gw3] [ 35%] PASSED tests/test_cli_inventory.py::test_every_registered_command_help[xlm model] 
tests/test_cli_inventory.py::test_every_registered_command_help[xlm model inspect] 
[gw15] [ 36%] PASSED tests/test_trainer.py::test_trainer_overfitting_criterion 
tests/test_trainer.py::test_trainer_exact_token_budget_completion 
[gw3] [ 36%] PASSED tests/test_cli_inventory.py::test_every_registered_command_help[xlm model inspect] 
tests/test_cli_inventory.py::test_every_registered_command_help[xlm prepare] 
[gw3] [ 36%] PASSED tests/test_cli_inventory.py::test_every_registered_command_help[xlm prepare] 
tests/test_cli_inventory.py::test_every_registered_command_help[xlm profile] 
[gw12] [ 36%] PASSED tests/test_prepare.py::test_missing_approval_blocks_with_named_reason 
tests/test_prepare.py::test_unknown_variables_fail_closed 
[gw12] [ 36%] PASSED tests/test_prepare.py::test_unknown_variables_fail_closed 
tests/test_data_catalog.py::test_generic_catalog_does_not_hardcode_twenty 
[gw12] [ 36%] PASSED tests/test_data_catalog.py::test_generic_catalog_does_not_hardcode_twenty 
tests/test_data_catalog.py::test_fineweb_denial_policy_and_safeguards 
[gw12] [ 36%] PASSED tests/test_data_catalog.py::test_fineweb_denial_policy_and_safeguards 
tests/test_data_catalog.py::test_silent_fallback_prevention 
[gw12] [ 36%] PASSED tests/test_data_catalog.py::test_silent_fallback_prevention 
tests/test_data_catalog.py::test_license_evaluation_rules 
[gw12] [ 36%] PASSED tests/test_data_catalog.py::test_license_evaluation_rules 
tests/test_dedup_engine.py::test_exact_duplicates_are_detected_across_source_families 
[gw10] [ 36%] PASSED tests/test_models.py::test_meta_parameter_counts_exact_matches 
tests/test_models.py::test_cpu_tiny_parameter_enumeration 
[gw3] [ 36%] PASSED tests/test_cli_inventory.py::test_every_registered_command_help[xlm profile] 
tests/test_cli_inventory.py::test_every_registered_command_help[xlm promote] 
[gw12] [ 37%] PASSED tests/test_dedup_engine.py::test_exact_duplicates_are_detected_across_source_families 
tests/test_dedup_engine.py::test_exact_match_ignores_case_and_punctuation_only_differences 
[gw10] [ 37%] PASSED tests/test_models.py::test_cpu_tiny_parameter_enumeration 
tests/test_models.py::test_untied_model_fixture_cross_check 
[gw10] [ 37%] PASSED tests/test_models.py::test_untied_model_fixture_cross_check 
tests/test_models.py::test_architecture_dimension_validation 
[gw10] [ 37%] PASSED tests/test_models.py::test_architecture_dimension_validation 
tests/test_models.py::test_token_id_bounds_and_context_limits 
[gw10] [ 37%] PASSED tests/test_models.py::test_token_id_bounds_and_context_limits 
tests/test_models.py::test_tokenizer_model_compatibility_check 
[gw10] [ 37%] PASSED tests/test_models.py::test_tokenizer_model_compatibility_check 
tests/test_models.py::test_deterministic_initialization_and_residual_scaling 
[gw10] [ 37%] PASSED tests/test_models.py::test_deterministic_initialization_and_residual_scaling 
tests/test_models.py::test_stateless_contract_and_hidden_states 
[gw10] [ 37%] PASSED tests/test_models.py::test_stateless_contract_and_hidden_states 
tests/test_models.py::test_tiny_model_numerical_gradient_flow 
[gw10] [ 37%] PASSED tests/test_models.py::test_tiny_model_numerical_gradient_flow 
tests/test_comparison.py::test_factorial_and_ablation_matrices_emit_plans_only 
[gw12] [ 37%] PASSED tests/test_dedup_engine.py::test_exact_match_ignores_case_and_punctuation_only_differences 
tests/test_dedup_engine.py::test_near_duplicates_are_detected_and_unrelated_text_is_not 
[gw3] [ 37%] PASSED tests/test_cli_inventory.py::test_every_registered_command_help[xlm promote] 
tests/test_cli_inventory.py::test_every_registered_command_help[xlm queue] 
[gw10] [ 37%] PASSED tests/test_comparison.py::test_factorial_and_ablation_matrices_emit_plans_only 
tests/test_comparison.py::test_compare_headline_is_stable_under_argument_permutation 
[gw3] [ 38%] PASSED tests/test_cli_inventory.py::test_every_registered_command_help[xlm queue] 
tests/test_cli_inventory.py::test_every_registered_command_help[xlm queue cancel] 
[gw8] [ 38%] PASSED tests/test_experiment_plans.py::test_plan_round_trips_through_json 
tests/test_experiment_plans.py::test_budget_beyond_horizon_requires_a_fork 
[gw8] [ 38%] PASSED tests/test_experiment_plans.py::test_budget_beyond_horizon_requires_a_fork 
tests/test_experiment_plans.py::test_extend_plan_budget_forks_with_lineage 
[gw12] [ 38%] PASSED tests/test_dedup_engine.py::test_near_duplicates_are_detected_and_unrelated_text_is_not 
tests/test_dedup_engine.py::test_documents_below_the_frozen_threshold_are_not_merged 
[gw3] [ 38%] PASSED tests/test_cli_inventory.py::test_every_registered_command_help[xlm queue cancel] 
tests/test_cli_inventory.py::test_every_registered_command_help[xlm queue run] 
[gw12] [ 38%] PASSED tests/test_dedup_engine.py::test_documents_below_the_frozen_threshold_are_not_merged 
tests/test_dedup_engine.py::test_clusters_and_survivors_are_identical_across_worker_counts[1] 
[gw2] [ 38%] PASSED tests/test_checkpoint.py::test_checkpoint_checksum_corruption_detection 
tests/test_checkpoint.py::test_checkpoint_plan_compatibility_validation 
[gw3] [ 38%] PASSED tests/test_cli_inventory.py::test_every_registered_command_help[xlm queue run] 
tests/test_cli_inventory.py::test_every_registered_command_help[xlm queue status] 
[gw10] [ 38%] PASSED tests/test_comparison.py::test_compare_headline_is_stable_under_argument_permutation 
tests/test_comparison.py::test_compare_swapped_arms_negate_the_headline 
[gw0] [ 38%] PASSED tests/test_acquisition_bounds.py::test_completed_original_is_never_repaired[same_length] 
tests/test_acquisition_bounds.py::test_completed_original_is_never_repaired[missing] 
[gw12] [ 38%] PASSED tests/test_dedup_engine.py::test_clusters_and_survivors_are_identical_across_worker_counts[1] 
tests/test_dedup_engine.py::test_clusters_and_survivors_are_identical_across_worker_counts[3] 
[gw3] [ 38%] PASSED tests/test_cli_inventory.py::test_every_registered_command_help[xlm queue status] 
tests/test_cli_inventory.py::test_every_registered_command_help[xlm release] 
[gw3] [ 39%] PASSED tests/test_cli_inventory.py::test_every_registered_command_help[xlm release] 
tests/test_cli_inventory.py::test_every_registered_command_help[xlm release audit] 
[gw12] [ 39%] PASSED tests/test_dedup_engine.py::test_clusters_and_survivors_are_identical_across_worker_counts[3] 
tests/test_dedup_engine.py::test_clusters_and_survivors_are_identical_across_worker_counts[8] 
[gw3] [ 39%] PASSED tests/test_cli_inventory.py::test_every_registered_command_help[xlm release audit] 
tests/test_cli_inventory.py::test_every_registered_command_help[xlm report] 
[gw10] [ 39%] PASSED tests/test_comparison.py::test_compare_swapped_arms_negate_the_headline 
tests/test_comparison.py::test_primary_pair_uses_numeric_seed_order 
[gw3] [ 39%] PASSED tests/test_cli_inventory.py::test_every_registered_command_help[xlm report] 
tests/test_cli_inventory.py::test_every_registered_command_help[xlm research] 
[gw3] [ 39%] PASSED tests/test_cli_inventory.py::test_every_registered_command_help[xlm research] 
tests/test_cli_inventory.py::test_every_registered_command_help[xlm research check-plugin] 
[gw3] [ 39%] PASSED tests/test_cli_inventory.py::test_every_registered_command_help[xlm research check-plugin] 
tests/test_cli_inventory.py::test_every_registered_command_help[xlm research idea] 
[gw12] [ 39%] PASSED tests/test_dedup_engine.py::test_clusters_and_survivors_are_identical_across_worker_counts[8] 
tests/test_dedup_engine.py::test_clusters_and_survivors_are_identical_across_worker_counts[32] 
[gw10] [ 39%] PASSED tests/test_comparison.py::test_primary_pair_uses_numeric_seed_order 
tests/test_comparison.py::test_compare_is_deterministic_for_identical_invocations 
[gw3] [ 39%] PASSED tests/test_cli_inventory.py::test_every_registered_command_help[xlm research idea] 
tests/test_cli_inventory.py::test_every_registered_command_help[xlm research idea new] 
[gw3] [ 39%] PASSED tests/test_cli_inventory.py::test_every_registered_command_help[xlm research idea new] 
tests/test_cli_inventory.py::test_every_registered_command_help[xlm research idea validate] 
[gw4] [ 39%] PASSED tests/test_cli_train_demo.py::test_cli_demo_subprocess 
tests/test_cli_train_demo.py::test_cli_run_inspect_subprocess 
[gw3] [ 40%] PASSED tests/test_cli_inventory.py::test_every_registered_command_help[xlm research idea validate] 
tests/test_cli_inventory.py::test_every_registered_command_help[xlm research scaffold] 
[gw12] [ 40%] PASSED tests/test_dedup_engine.py::test_clusters_and_survivors_are_identical_across_worker_counts[32] 
tests/test_dedup_engine.py::test_survivor_rule_is_frozen_and_content_determined 
[gw12] [ 40%] PASSED tests/test_dedup_engine.py::test_survivor_rule_is_frozen_and_content_determined 
tests/test_dedup_engine.py::test_cluster_id_depends_only_on_membership 
[gw12] [ 40%] PASSED tests/test_dedup_engine.py::test_cluster_id_depends_only_on_membership 
tests/test_dedup_engine.py::test_partitioned_index_is_disk_backed_and_stable 
[gw10] [ 40%] PASSED tests/test_comparison.py::test_compare_is_deterministic_for_identical_invocations 
tests/test_comparison.py::test_compare_refuses_missing_seed_partner 
[gw12] [ 40%] PASSED tests/test_dedup_engine.py::test_partitioned_index_is_disk_backed_and_stable 
tests/test_dedup_engine.py::test_oversized_buckets_are_reported_not_expanded 
[gw3] [ 40%] PASSED tests/test_cli_inventory.py::test_every_registered_command_help[xlm research scaffold] 
tests/test_cli_inventory.py::test_every_registered_command_help[xlm resume] 
[gw10] [ 40%] PASSED tests/test_comparison.py::test_compare_refuses_missing_seed_partner 
tests/test_comparison.py::test_compare_refuses_duplicate_seed_pair 
[gw3] [ 40%] PASSED tests/test_cli_inventory.py::test_every_registered_command_help[xlm resume] 
tests/test_cli_inventory.py::test_every_registered_command_help[xlm run] 
[gw12] [ 40%] PASSED tests/test_dedup_engine.py::test_oversized_buckets_are_reported_not_expanded 
tests/test_dedup_engine.py::test_candidate_verification_is_budget_bounded 
[gw3] [ 40%] PASSED tests/test_cli_inventory.py::test_every_registered_command_help[xlm run] 
tests/test_cli_inventory.py::test_every_registered_command_help[xlm run inspect] 
[gw10] [ 40%] PASSED tests/test_comparison.py::test_compare_refuses_duplicate_seed_pair 
tests/test_comparison.py::test_compare_refuses_cross_pair_population_mismatch 
[gw3] [ 41%] PASSED tests/test_cli_inventory.py::test_every_registered_command_help[xlm run inspect] 
[gw8] [ 41%] PASSED tests/test_experiment_plans.py::test_extend_plan_budget_forks_with_lineage 
tests/test_cli_inventory.py::test_every_registered_command_help[xlm runs] 
tests/test_experiment_plans.py::test_grid_sweep_counts_and_orders_deterministically 
[gw8] [ 41%] PASSED tests/test_experiment_plans.py::test_grid_sweep_counts_and_orders_deterministically 
tests/test_experiment_plans.py::test_random_proposals_are_deterministic_and_valid 
[gw8] [ 41%] PASSED tests/test_experiment_plans.py::test_random_proposals_are_deterministic_and_valid 
tests/test_experiment_plans.py::test_simplex_proposals_cover_the_lattice 
[gw8] [ 41%] PASSED tests/test_experiment_plans.py::test_simplex_proposals_cover_the_lattice 
tests/test_experiment_plans.py::test_explicit_lists_and_diffs 
[gw8] [ 41%] PASSED tests/test_experiment_plans.py::test_explicit_lists_and_diffs 
tests/test_experiment_plans.py::test_six_mixture_campaign_expands_with_gated_later_rounds 
[gw8] [ 41%] PASSED tests/test_experiment_plans.py::test_six_mixture_campaign_expands_with_gated_later_rounds 
tests/test_experiment_plans.py::test_selection_unblocks_a_later_round 
[gw8] [ 41%] PASSED tests/test_experiment_plans.py::test_selection_unblocks_a_later_round 
tests/test_experiment_plans.py::test_campaign_plan_is_hash_stable_and_budget_gated 
[gw10] [ 41%] PASSED tests/test_comparison.py::test_compare_refuses_cross_pair_population_mismatch 
tests/test_comparison.py::test_compare_refuses_ineligible_nonprimary_pair 
[gw2] [ 41%] PASSED tests/test_checkpoint.py::test_checkpoint_plan_compatibility_validation 
tests/test_checkpoint.py::test_checkpoint_tied_weights_mismatch_detected 
[gw8] [ 41%] PASSED tests/test_experiment_plans.py::test_campaign_plan_is_hash_stable_and_budget_gated 
tests/test_export.py::test_export_bundle_contains_only_declared_files 
[gw12] [ 41%] PASSED tests/test_dedup_engine.py::test_candidate_verification_is_budget_bounded 
tests/test_dedup_engine.py::test_signatures_are_only_retained_for_candidate_documents 
[gw3] [ 42%] PASSED tests/test_cli_inventory.py::test_every_registered_command_help[xlm runs] 
tests/test_cli_inventory.py::test_every_registered_command_help[xlm runs list] 
[gw3] [ 42%] PASSED tests/test_cli_inventory.py::test_every_registered_command_help[xlm runs list] 
tests/test_cli_inventory.py::test_every_registered_command_help[xlm tokenizer] 
[gw10] [ 42%] PASSED tests/test_comparison.py::test_compare_refuses_ineligible_nonprimary_pair 
tests/test_comparison.py::test_compare_refuses_duplicate_input_records 
[gw3] [ 42%] PASSED tests/test_cli_inventory.py::test_every_registered_command_help[xlm tokenizer] 
tests/test_cli_inventory.py::test_every_registered_command_help[xlm tokenizer encode] 
[gw7] [ 42%] PASSED tests/test_acquisition_fetcher.py::test_fetcher_malicious_redirect_blocked 
tests/test_acquisition_fetcher.py::test_fetcher_cache_hits_and_zero_network 
[gw10] [ 42%] PASSED tests/test_comparison.py::test_compare_refuses_duplicate_input_records 
tests/test_comparison.py::test_compare_refuses_conflicting_chance_references 
[gw3] [ 42%] PASSED tests/test_cli_inventory.py::test_every_registered_command_help[xlm tokenizer encode] 
tests/test_cli_inventory.py::test_every_registered_command_help[xlm tokenizer inspect] 
[gw12] [ 42%] PASSED tests/test_dedup_engine.py::test_signatures_are_only_retained_for_candidate_documents 
tests/test_dedup_engine.py::test_shingling_and_hashing_are_deterministic 
[gw12] [ 42%] PASSED tests/test_dedup_engine.py::test_shingling_and_hashing_are_deterministic 
tests/test_dedup_engine.py::test_match_view_never_alters_canonical_text 
[gw3] [ 42%] PASSED tests/test_cli_inventory.py::test_every_registered_command_help[xlm tokenizer inspect] 
tests/test_cli_inventory.py::test_every_registered_command_help[xlm tokenizer train] 
[gw3] [ 42%] PASSED tests/test_cli_inventory.py::test_every_registered_command_help[xlm tokenizer train] 
tests/test_cli_inventory.py::test_every_registered_command_help[xlm tokenizer verify] 
[gw10] [ 43%] PASSED tests/test_comparison.py::test_compare_refuses_conflicting_chance_references 
tests/test_comparison.py::test_suite_blimp_draws_retain_repeated_occurrences 
[gw12] [ 43%] PASSED tests/test_dedup_engine.py::test_match_view_never_alters_canonical_text 
tests/test_dedup_engine.py::test_surviving_documents_carry_cluster_and_alias_provenance 
[gw10] [ 43%] PASSED tests/test_comparison.py::test_suite_blimp_draws_retain_repeated_occurrences 
tests/test_comparison.py::test_suite_blimp_unequal_clusters_keep_macro_weighting 
[gw3] [ 43%] PASSED tests/test_cli_inventory.py::test_every_registered_command_help[xlm tokenizer verify] 
tests/test_cli_inventory.py::test_every_registered_command_help[xlm train] 
[gw10] [ 43%] PASSED tests/test_comparison.py::test_suite_blimp_unequal_clusters_keep_macro_weighting 
tests/test_comparison.py::test_promote_refuses_stale_unversioned_comparison 
[gw12] [ 43%] PASSED tests/test_dedup_engine.py::test_surviving_documents_carry_cluster_and_alias_provenance 
tests/test_dedup_engine.py::test_dedup_identity_changes_with_behavioral_configuration 
[gw12] [ 43%] PASSED tests/test_dedup_engine.py::test_dedup_identity_changes_with_behavioral_configuration 
tests/test_dedup_engine.py::test_minhash_banding_must_divide_permutations 
[gw12] [ 43%] PASSED tests/test_dedup_engine.py::test_minhash_banding_must_divide_permutations 
tests/test_dedup_engine.py::test_build_clusters_applies_the_frozen_survivor_rule 
[gw3] [ 43%] PASSED tests/test_cli_inventory.py::test_every_registered_command_help[xlm train] 
tests/test_cli_pool_freeze.py::test_pool_build_inspect_verify_roundtrip 
[gw15] [ 43%] PASSED tests/test_trainer.py::test_trainer_exact_token_budget_completion 
tests/test_trainer.py::test_trainer_non_finite_gradient_failure_guard 
[gw12] [ 43%] PASSED tests/test_dedup_engine.py::test_build_clusters_applies_the_frozen_survivor_rule 
tests/test_dedup_lineage.py::test_synthetic_examples_sharing_a_seed_group_together 
[gw12] [ 43%] PASSED tests/test_dedup_lineage.py::test_synthetic_examples_sharing_a_seed_group_together 
tests/test_dedup_lineage.py::test_book_chapters_and_conversation_turns_group_together 
[gw12] [ 44%] PASSED tests/test_dedup_lineage.py::test_book_chapters_and_conversation_turns_group_together 
tests/test_dedup_lineage.py::test_url_variants_collapse_to_one_lineage_key 
[gw12] [ 44%] PASSED tests/test_dedup_lineage.py::test_url_variants_collapse_to_one_lineage_key 
tests/test_dedup_lineage.py::test_explicit_lineage_id_takes_priority 
[gw4] [ 44%] PASSED tests/test_cli_train_demo.py::test_cli_run_inspect_subprocess 
[gw12] [ 44%] PASSED tests/test_dedup_lineage.py::test_explicit_lineage_id_takes_priority 
tests/test_dedup_lineage.py::test_parent_ids_are_used_before_falling_back_to_singleton 
tests/test_cli_train_demo.py::test_cli_train_and_resume_subprocess 
[gw12] [ 44%] PASSED tests/test_dedup_lineage.py::test_parent_ids_are_used_before_falling_back_to_singleton 
tests/test_dedup_lineage.py::test_lineage_families_are_reported_but_never_deduplicated_away 
[gw10] [ 44%] PASSED tests/test_comparison.py::test_promote_refuses_stale_unversioned_comparison 
tests/test_config.py::test_duplicate_yaml_key_rejection 
[gw10] [ 44%] PASSED tests/test_config.py::test_duplicate_yaml_key_rejection 
tests/test_config.py::test_unknown_key_rejection 
[gw10] [ 44%] PASSED tests/test_config.py::test_unknown_key_rejection 
tests/test_config.py::test_non_finite_float_rejection 
[gw10] [ 44%] PASSED tests/test_config.py::test_non_finite_float_rejection 
tests/test_config.py::test_composition_extends_and_cycle_detection 
[gw12] [ 44%] PASSED tests/test_dedup_lineage.py::test_lineage_families_are_reported_but_never_deduplicated_away 
tests/test_doctor.py::test_doctor_with_torch_absent 
[gw10] [ 44%] PASSED tests/test_config.py::test_composition_extends_and_cycle_detection 
tests/test_config.py::test_list_replacement_and_deep_merge 
[gw10] [ 44%] PASSED tests/test_config.py::test_list_replacement_and_deep_merge 
tests/test_config.py::test_conflicting_component_type_change 
[gw10] [ 45%] PASSED tests/test_config.py::test_conflicting_component_type_change 
tests/test_config.py::test_environment_variable_interpolation 
[gw3] [ 45%] PASSED tests/test_cli_pool_freeze.py::test_pool_build_inspect_verify_roundtrip 
tests/test_cli_pool_freeze.py::test_pool_inspect_json_is_valid 
[gw10] [ 45%] PASSED tests/test_config.py::test_environment_variable_interpolation 
tests/test_config.py::test_cli_overrides 
[gw12] [ 45%] PASSED tests/test_doctor.py::test_doctor_with_torch_absent 
tests/test_doctor.py::test_doctor_with_torch_broken_import 
[gw12] [ 45%] PASSED tests/test_doctor.py::test_doctor_with_torch_broken_import 
tests/test_doctor.py::test_doctor_missing_nvidia_smi 
[gw10] [ 45%] PASSED tests/test_config.py::test_cli_overrides 
[gw12] [ 45%] PASSED tests/test_doctor.py::test_doctor_missing_nvidia_smi 
tests/test_config.py::test_draft_versus_executable_validation 
tests/test_doctor.py::test_doctor_nvidia_smi_timeout 
[gw12] [ 45%] PASSED tests/test_doctor.py::test_doctor_nvidia_smi_timeout 
tests/test_doctor.py::test_doctor_nonexistent_xlm_home 
[gw10] [ 45%] PASSED tests/test_config.py::test_draft_versus_executable_validation 
tests/test_config.py::test_supplied_preset_recipes_validity 
[gw10] [ 45%] PASSED tests/test_config.py::test_supplied_preset_recipes_validity 
tests/test_config.py::test_canonical_hashing_and_granularity 
[gw10] [ 45%] PASSED tests/test_config.py::test_canonical_hashing_and_granularity 
tests/test_config.py::test_cli_config_commands 
[gw2] [ 45%] PASSED tests/test_checkpoint.py::test_checkpoint_tied_weights_mismatch_detected 
tests/test_checkpoint.py::test_checkpoint_fork_lineage 
[gw10] [ 46%] PASSED tests/test_config.py::test_cli_config_commands 
tests/test_configurable_training.py::test_document_visit_respects_declared_cap 
[gw3] [ 46%] PASSED tests/test_cli_pool_freeze.py::test_pool_inspect_json_is_valid 
[gw10] [ 46%] PASSED tests/test_configurable_training.py::test_document_visit_respects_declared_cap 
tests/test_cli_pool_freeze.py::test_pool_verify_fails_on_altered_documents 
tests/test_configurable_training.py::test_uncapped_authored_stream_positive_control 
[gw12] [ 46%] PASSED tests/test_doctor.py::test_doctor_nonexistent_xlm_home 
tests/test_eval_coverage.py::test_full_coverage_is_complete_and_publishes_the_index 
[gw12] [ 46%] PASSED tests/test_eval_coverage.py::test_full_coverage_is_complete_and_publishes_the_index 
tests/test_imports.py::test_import_xlm_without_heavy_deps 
[gw10] [ 46%] PASSED tests/test_configurable_training.py::test_uncapped_authored_stream_positive_control 
tests/test_configurable_training.py::test_public_cli_executes_registered_objective 
[gw12] [ 46%] PASSED tests/test_imports.py::test_import_xlm_without_heavy_deps 
tests/test_imports.py::test_package_metadata_and_location 
[gw12] [ 46%] PASSED tests/test_imports.py::test_package_metadata_and_location 
tests/test_ledger.py::test_ledger_initialization_and_run_state_transitions 
[gw3] [ 46%] PASSED tests/test_cli_pool_freeze.py::test_pool_verify_fails_on_altered_documents 
tests/test_cli_pool_freeze.py::test_pool_build_refuses_an_incomplete_binding 
[gw3] [ 46%] PASSED tests/test_cli_pool_freeze.py::test_pool_build_refuses_an_incomplete_binding 
tests/test_cli_pool_freeze.py::test_freeze_plan_only_does_not_fit_a_tokenizer 
[gw11] [ 46%] PASSED tests/test_models.py::test_cli_model_inspect_subprocess[50m] 
tests/test_models.py::test_cli_model_inspect_subprocess[150m] 
[gw0] [ 46%] PASSED tests/test_acquisition_bounds.py::test_completed_original_is_never_repaired[missing] 
tests/test_acquisition_bounds.py::test_completed_original_is_never_repaired[incomplete] 
[gw3] [ 47%] PASSED tests/test_cli_pool_freeze.py::test_freeze_plan_only_does_not_fit_a_tokenizer 
tests/test_operator.py::test_cli_final_request_builds_but_never_executes 
[gw2] [ 47%] PASSED tests/test_checkpoint.py::test_checkpoint_fork_lineage 
tests/test_cleaning_filters.py::test_boilerplate_removal_and_contextual_preservation 
[gw2] [ 47%] PASSED tests/test_cleaning_filters.py::test_boilerplate_removal_and_contextual_preservation 
tests/test_cleaning_filters.py::test_boilerplate_only_rejected 
[gw2] [ 47%] PASSED tests/test_cleaning_filters.py::test_boilerplate_only_rejected 
tests/test_cleaning_filters.py::test_repetition_line_and_character_loops 
[gw2] [ 47%] PASSED tests/test_cleaning_filters.py::test_repetition_line_and_character_loops 
tests/test_cleaning_filters.py::test_language_heuristic_and_classifier_preflight 
[gw2] [ 47%] PASSED tests/test_cleaning_filters.py::test_language_heuristic_and_classifier_preflight 
tests/test_cleaning_filters.py::test_length_and_educational_density_exemption 
[gw2] [ 47%] PASSED tests/test_cleaning_filters.py::test_length_and_educational_density_exemption 
tests/test_cleaning_filters.py::test_noise_filter_encoding_and_symbols 
[gw2] [ 47%] PASSED tests/test_cleaning_filters.py::test_noise_filter_encoding_and_symbols 
tests/test_cleaning_filters.py::test_pii_secret_filter_and_quarantine_protection 
[gw2] [ 47%] PASSED tests/test_cleaning_filters.py::test_pii_secret_filter_and_quarantine_protection 
tests/test_cleaning_html.py::test_true_html_extraction 
[gw2] [ 47%] PASSED tests/test_cleaning_html.py::test_true_html_extraction 
tests/test_cleaning_html.py::test_mathematical_inequalities_never_stripped 
[gw2] [ 47%] PASSED tests/test_cleaning_html.py::test_mathematical_inequalities_never_stripped 
tests/test_cleaning_html.py::test_code_document_bypasses_html_extraction 
[gw2] [ 48%] PASSED tests/test_cleaning_html.py::test_code_document_bypasses_html_extraction 
tests/test_cleaning_html.py::test_script_and_style_dropping 
[gw3] [ 48%] PASSED tests/test_operator.py::test_cli_final_request_builds_but_never_executes 
[gw2] [ 48%] PASSED tests/test_cleaning_html.py::test_script_and_style_dropping 
tests/test_operator.py::test_cli_final_execute_refuses_without_operator 
tests/test_cleaning_normalization.py::test_normalization_idempotence 
[gw2] [ 48%] PASSED tests/test_cleaning_normalization.py::test_normalization_idempotence 
tests/test_cleaning_normalization.py::test_unicode_preservation 
[gw2] [ 48%] PASSED tests/test_cleaning_normalization.py::test_unicode_preservation 
tests/test_cleaning_normalization.py::test_code_indentation_preservation 
[gw2] [ 48%] PASSED tests/test_cleaning_normalization.py::test_code_indentation_preservation 
tests/test_cleaning_normalization.py::test_immutability_and_hash_update 
[gw2] [ 48%] PASSED tests/test_cleaning_normalization.py::test_immutability_and_hash_update 
tests/test_cleaning_pipeline.py::test_incompatible_pipeline_order_raises 
[gw2] [ 48%] PASSED tests/test_cleaning_pipeline.py::test_incompatible_pipeline_order_raises 
tests/test_cleaning_pipeline.py::test_pipeline_hash_invalidation_on_config_or_code 
[gw2] [ 48%] PASSED tests/test_cleaning_pipeline.py::test_pipeline_hash_invalidation_on_config_or_code 
tests/test_cleaning_pipeline.py::test_pipeline_execution_and_quarantine_flow 
[gw2] [ 48%] PASSED tests/test_cleaning_pipeline.py::test_pipeline_execution_and_quarantine_flow 
tests/test_cleaning_pipeline.py::test_quality_reporter_html_escaping_and_zero_handling 
[gw3] [ 48%] PASSED tests/test_operator.py::test_cli_final_execute_refuses_without_operator 
tests/test_operator.py::test_cli_release_audit_gates_releases 
[gw2] [ 48%] PASSED tests/test_cleaning_pipeline.py::test_quality_reporter_html_escaping_and_zero_handling 
tests/test_cleaning_pipeline.py::test_base_environment_zero_torch_isolation 
[gw2] [ 49%] PASSED tests/test_cleaning_pipeline.py::test_base_environment_zero_torch_isolation 
tests/test_cleaning_scale.py::test_fixture_corpus_is_present_and_multi_shard 
[gw2] [ 49%] PASSED tests/test_cleaning_scale.py::test_fixture_corpus_is_present_and_multi_shard 
tests/test_cleaning_scale.py::test_read_shards_streams_every_shard_not_just_the_first 
[gw2] [ 49%] PASSED tests/test_cleaning_scale.py::test_read_shards_streams_every_shard_not_just_the_first 
tests/test_cleaning_scale.py::test_pipeline_does_not_retain_emitted_documents_mid_stream 
[gw3] [ 49%] PASSED tests/test_operator.py::test_cli_release_audit_gates_releases 
tests/test_optimizers.py::test_parameter_grouping_completeness_and_tied_weights 
[gw15] [ 49%] PASSED tests/test_trainer.py::test_trainer_non_finite_gradient_failure_guard 
tests/test_trainer.py::test_trainer_cooperative_interruption 
[gw2] [ 49%] PASSED tests/test_cleaning_scale.py::test_pipeline_does_not_retain_emitted_documents_mid_stream 
tests/test_cleaning_scale.py::test_pipeline_is_lazy_and_does_not_drain_its_input_upfront 
[gw2] [ 49%] PASSED tests/test_cleaning_scale.py::test_pipeline_is_lazy_and_does_not_drain_its_input_upfront 
tests/test_cleaning_scale.py::test_summary_is_not_final_until_iterator_is_consumed 
[gw2] [ 49%] PASSED tests/test_cleaning_scale.py::test_summary_is_not_final_until_iterator_is_consumed 
tests/test_cleaning_scale.py::test_measured_yield_and_rejection_reasons_on_fixture_corpus 
[gw2] [ 49%] PASSED tests/test_cleaning_scale.py::test_measured_yield_and_rejection_reasons_on_fixture_corpus 
tests/test_cleaning_scale.py::test_filter_config_change_invalidates_pipeline_and_artifact_identity 
[gw2] [ 49%] PASSED tests/test_cleaning_scale.py::test_filter_config_change_invalidates_pipeline_and_artifact_identity 
tests/test_cleaning_scale.py::test_quarantine_retention_purges_expired_records 
[gw2] [ 49%] PASSED tests/test_cleaning_scale.py::test_quarantine_retention_purges_expired_records 
tests/test_cleaning_scale.py::test_quarantine_retention_disabled_keeps_records 
[gw2] [ 49%] PASSED tests/test_cleaning_scale.py::test_quarantine_retention_disabled_keeps_records 
tests/test_cleaning_scale.py::test_quarantine_access_control_suppresses_all_previews 
[gw2] [ 50%] PASSED tests/test_cleaning_scale.py::test_quarantine_access_control_suppresses_all_previews 
tests/test_cleaning_scale.py::test_streaming_parquet_round_trip_is_lossless 
[gw2] [ 50%] PASSED tests/test_cleaning_scale.py::test_streaming_parquet_round_trip_is_lossless 
tests/test_cleaning_structured.py::test_passage_qa_rendering_and_missing_context 
[gw2] [ 50%] PASSED tests/test_cleaning_structured.py::test_passage_qa_rendering_and_missing_context 
tests/test_cleaning_structured.py::test_direct_qa_does_not_require_passage 
[gw2] [ 50%] PASSED tests/test_cleaning_structured.py::test_direct_qa_does_not_require_passage 
tests/test_cleaning_structured.py::test_non_substring_answer_span_tracking 
[gw2] [ 50%] PASSED tests/test_cleaning_structured.py::test_non_substring_answer_span_tracking 
tests/test_cleaning_structured.py::test_reasoning_policy_and_think_tag_parsing 
[gw2] [ 50%] PASSED tests/test_cleaning_structured.py::test_reasoning_policy_and_think_tag_parsing 
tests/test_cleaning_structured.py::test_messages_conversation_schema 
[gw2] [ 50%] PASSED tests/test_cleaning_structured.py::test_messages_conversation_schema 
tests/test_cli.py::test_cli_help 
[gw2] [ 50%] PASSED tests/test_cli.py::test_cli_help 
tests/test_cli.py::test_cli_version 
[gw7] [ 50%] PASSED tests/test_acquisition_fetcher.py::test_fetcher_cache_hits_and_zero_network 
tests/test_acquisition_fetcher.py::test_fetcher_decompression_bomb_guard 
[gw7] [ 50%] PASSED tests/test_acquisition_fetcher.py::test_fetcher_decompression_bomb_guard 
tests/test_acquisition_fetcher.py::test_fetcher_crash_consistency_reconciliation 
[gw2] [ 50%] PASSED tests/test_cli.py::test_cli_version 
tests/test_cli.py::test_cli_unknown_command 
[gw7] [ 50%] PASSED tests/test_acquisition_fetcher.py::test_fetcher_crash_consistency_reconciliation 
[gw2] [ 51%] PASSED tests/test_cli.py::test_cli_unknown_command 
tests/test_cli.py::test_cli_doctor_text 
tests/test_acquisition_plan.py::test_plan_behavioral_hash_invariance 
[gw7] [ 51%] PASSED tests/test_acquisition_plan.py::test_plan_behavioral_hash_invariance 
tests/test_acquisition_plan.py::test_plan_pilot_approval_enforcement 
[gw7] [ 51%] PASSED tests/test_acquisition_plan.py::test_plan_pilot_approval_enforcement 
tests/test_acquisition_plan.py::test_plan_production_authorization_enforcement 
[gw7] [ 51%] PASSED tests/test_acquisition_plan.py::test_plan_production_authorization_enforcement 
tests/test_acquisition_plan.py::test_plan_denied_fineweb_policy 
[gw7] [ 51%] PASSED tests/test_acquisition_plan.py::test_plan_denied_fineweb_policy 
tests/test_acquisition_plan.py::test_plan_serialization_roundtrip 
[gw7] [ 51%] PASSED tests/test_acquisition_plan.py::test_plan_serialization_roundtrip 
tests/test_acquisition_verifier.py::test_verifier_independent_checksum_positive 
[gw7] [ 51%] PASSED tests/test_acquisition_verifier.py::test_verifier_independent_checksum_positive 
tests/test_acquisition_verifier.py::test_verifier_corrupted_jsonl_mismatch 
[gw7] [ 51%] PASSED tests/test_acquisition_verifier.py::test_verifier_corrupted_jsonl_mismatch 
tests/test_acquisition_verifier.py::test_verifier_parquet_format_verification 
[gw12] [ 51%] PASSED tests/test_ledger.py::test_ledger_initialization_and_run_state_transitions 
tests/test_ledger.py::test_stale_authorization_rejection 
[gw7] [ 51%] PASSED tests/test_acquisition_verifier.py::test_verifier_parquet_format_verification 
tests/test_acquisition_verifier.py::test_verifier_missing_file_fails 
[gw7] [ 51%] PASSED tests/test_acquisition_verifier.py::test_verifier_missing_file_fails 
tests/test_acquisition_verifier.py::test_verifier_artifact_store_publication_and_post_corruption 
[gw2] [ 51%] PASSED tests/test_cli.py::test_cli_doctor_text 
tests/test_cli.py::test_cli_doctor_json 
[gw2] [ 52%] PASSED tests/test_cli.py::test_cli_doctor_json 
tests/test_cli.py::test_installed_entrypoint_subprocess 
[gw7] [ 52%] PASSED tests/test_acquisition_verifier.py::test_verifier_artifact_store_publication_and_post_corruption 
tests/test_acquisition_verifier.py::test_base_environment_zero_torch_isolation 
[gw3] [ 52%] PASSED tests/test_optimizers.py::test_parameter_grouping_completeness_and_tied_weights 
tests/test_optimizers.py::test_optimizer_memory_estimation 
[gw3] [ 52%] PASSED tests/test_optimizers.py::test_optimizer_memory_estimation 
tests/test_optimizers.py::test_optimizer_state_serialization_and_reloading 
[gw3] [ 52%] PASSED tests/test_optimizers.py::test_optimizer_state_serialization_and_reloading 
tests/test_optimizers.py::test_optimizer_reload_rejects_reordered_same_shaped_parameters 
[gw3] [ 52%] PASSED tests/test_optimizers.py::test_optimizer_reload_rejects_reordered_same_shaped_parameters 
tests/test_optimizers.py::test_build_parameter_groups_detects_omissions_or_duplicates 
[gw3] [ 52%] PASSED tests/test_optimizers.py::test_build_parameter_groups_detects_omissions_or_duplicates 
tests/test_packing_scheduling.py::test_shift_feeds_first_t_and_targets_next_t 
[gw3] [ 52%] PASSED tests/test_packing_scheduling.py::test_shift_feeds_first_t_and_targets_next_t 
tests/test_packing_scheduling.py::test_partial_window_is_padded_and_masked_not_dropped 
[gw3] [ 52%] PASSED tests/test_packing_scheduling.py::test_partial_window_is_padded_and_masked_not_dropped 
tests/test_packing_scheduling.py::test_window_shorter_than_two_tokens_is_rejected 
[gw3] [ 52%] PASSED tests/test_packing_scheduling.py::test_window_shorter_than_two_tokens_is_rejected 
tests/test_packing_scheduling.py::test_one_token_overlap_neither_drops_nor_double_counts_targets 
[gw3] [ 52%] PASSED tests/test_packing_scheduling.py::test_one_token_overlap_neither_drops_nor_double_counts_targets 
tests/test_packing_scheduling.py::test_bos_is_context_only_and_never_a_target_position 
[gw3] [ 53%] PASSED tests/test_packing_scheduling.py::test_bos_is_context_only_and_never_a_target_position 
tests/test_packing_scheduling.py::test_causal_stream_uses_one_segment_and_continuous_positions 
[gw3] [ 53%] PASSED tests/test_packing_scheduling.py::test_causal_stream_uses_one_segment_and_continuous_positions 
tests/test_packing_scheduling.py::test_isolated_packing_resets_positions_and_masks_boundaries 
[gw3] [ 53%] PASSED tests/test_packing_scheduling.py::test_isolated_packing_resets_positions_and_masks_boundaries 
tests/test_packing_scheduling.py::test_isolated_packing_preserves_document_and_byte_provenance 
[gw3] [ 53%] PASSED tests/test_packing_scheduling.py::test_isolated_packing_preserves_document_and_byte_provenance 
tests/test_packing_scheduling.py::test_isolated_packing_rejects_a_window_without_a_target 
[gw3] [ 53%] PASSED tests/test_packing_scheduling.py::test_isolated_packing_rejects_a_window_without_a_target 
tests/test_packing_scheduling.py::test_build_packer_selects_the_declared_policy 
[gw3] [ 53%] PASSED tests/test_packing_scheduling.py::test_build_packer_selects_the_declared_policy 
tests/test_packing_scheduling.py::test_the_two_packing_policies_produce_different_masks 
[gw3] [ 53%] PASSED tests/test_packing_scheduling.py::test_the_two_packing_policies_produce_different_masks 
tests/test_packing_scheduling.py::test_deficit_scheduling_tracks_configured_weights 
[gw3] [ 53%] PASSED tests/test_packing_scheduling.py::test_deficit_scheduling_tracks_configured_weights 
tests/test_packing_scheduling.py::test_first_selection_is_deterministic_not_arbitrary 
[gw3] [ 53%] PASSED tests/test_packing_scheduling.py::test_first_selection_is_deterministic_not_arbitrary 
tests/test_packing_scheduling.py::test_eos_is_attributed_to_its_own_source_and_reported_separately 
[gw3] [ 53%] PASSED tests/test_packing_scheduling.py::test_eos_is_attributed_to_its_own_source_and_reported_separately 
tests/test_packing_scheduling.py::test_bos_and_padding_are_excluded_from_the_budget 
[gw3] [ 53%] PASSED tests/test_packing_scheduling.py::test_bos_and_padding_are_excluded_from_the_budget 
tests/test_packing_scheduling.py::test_repeat_false_raises_on_exhaustion_without_redistributing 
[gw3] [ 53%] PASSED tests/test_packing_scheduling.py::test_repeat_false_raises_on_exhaustion_without_redistributing 
tests/test_packing_scheduling.py::test_bounded_repeat_allows_declared_epochs_then_stops 
[gw3] [ 54%] PASSED tests/test_packing_scheduling.py::test_bounded_repeat_allows_declared_epochs_then_stops 
tests/test_packing_scheduling.py::test_repeated_exposure_is_counted_separately_from_unique 
[gw3] [ 54%] PASSED tests/test_packing_scheduling.py::test_repeated_exposure_is_counted_separately_from_unique 
tests/test_packing_scheduling.py::test_repeat_ceiling_is_enforced_at_runtime 
[gw3] [ 54%] PASSED tests/test_packing_scheduling.py::test_repeat_ceiling_is_enforced_at_runtime 
tests/test_packing_scheduling.py::test_scheduler_state_round_trips_exactly 
[gw3] [ 54%] PASSED tests/test_packing_scheduling.py::test_scheduler_state_round_trips_exactly 
tests/test_packing_scheduling.py::test_schedule_state_survives_a_dict_round_trip 
[gw3] [ 54%] PASSED tests/test_packing_scheduling.py::test_schedule_state_survives_a_dict_round_trip 
tests/test_packing_scheduling.py::test_scheduler_rejects_a_source_without_availability 
[gw3] [ 54%] PASSED tests/test_packing_scheduling.py::test_scheduler_rejects_a_source_without_availability 
tests/test_packing_scheduling.py::test_negative_exposure_is_rejected 
[gw3] [ 54%] PASSED tests/test_packing_scheduling.py::test_negative_exposure_is_rejected 
tests/test_paths.py::test_get_artifact_root_default 
[gw3] [ 54%] PASSED tests/test_paths.py::test_get_artifact_root_default 
tests/test_paths.py::test_get_artifact_root_env_override 
[gw3] [ 54%] PASSED tests/test_paths.py::test_get_artifact_root_env_override 
tests/test_paths.py::test_artifact_paths_structure 
[gw3] [ 54%] PASSED tests/test_paths.py::test_artifact_paths_structure 
tests/test_paths.py::test_resolve_safe_subpath 
[gw3] [ 54%] PASSED tests/test_paths.py::test_resolve_safe_subpath 
tests/test_queue.py::test_crash_without_retries_fails_loudly 
[gw7] [ 54%] PASSED tests/test_acquisition_verifier.py::test_base_environment_zero_torch_isolation 
tests/test_artifact_identity.py::test_identical_request_reuses_unchanged_artifact 
[gw8] [ 55%] PASSED tests/test_export.py::test_export_bundle_contains_only_declared_files 
tests/test_export.py::test_clean_process_load_reproduces_logits_likelihood_and_completion 
[gw7] [ 55%] PASSED tests/test_artifact_identity.py::test_identical_request_reuses_unchanged_artifact 
tests/test_artifact_identity.py::test_conflicting_request_must_fail_and_preserve_original[payload] 
[gw7] [ 55%] PASSED tests/test_artifact_identity.py::test_conflicting_request_must_fail_and_preserve_original[payload] 
tests/test_artifact_identity.py::test_conflicting_request_must_fail_and_preserve_original[producer] 
[gw7] [ 55%] PASSED tests/test_artifact_identity.py::test_conflicting_request_must_fail_and_preserve_original[producer] 
tests/test_artifact_identity.py::test_conflicting_request_must_fail_and_preserve_original[dependency] 
[gw7] [ 55%] PASSED tests/test_artifact_identity.py::test_conflicting_request_must_fail_and_preserve_original[dependency] 
tests/test_artifact_identity.py::test_conflicting_request_must_fail_and_preserve_original[lineage] 
[gw7] [ 55%] PASSED tests/test_artifact_identity.py::test_conflicting_request_must_fail_and_preserve_original[lineage] 
tests/test_artifact_identity.py::test_publication_must_not_replace_an_incomplete_existing_directory 
[gw7] [ 55%] PASSED tests/test_artifact_identity.py::test_publication_must_not_replace_an_incomplete_existing_directory 
tests/test_artifact_identity.py::test_cosmetics_reuse_without_touching_original_and_keys_are_separate 
[gw12] [ 55%] PASSED tests/test_ledger.py::test_stale_authorization_rejection 
tests/test_ledger.py::test_rebuild_from_filesystem 
[gw7] [ 55%] PASSED tests/test_artifact_identity.py::test_cosmetics_reuse_without_touching_original_and_keys_are_separate 
tests/test_artifact_identity.py::test_behavioral_metadata_and_serializer_changes_conflict[seed] 
[gw2] [ 55%] PASSED tests/test_cli.py::test_installed_entrypoint_subprocess 
tests/test_cli_eval_gen.py::test_cli_demo_complete_vertical_slice_subprocess 
[gw0] [ 55%] PASSED tests/test_acquisition_bounds.py::test_completed_original_is_never_repaired[incomplete] 
tests/test_acquisition_bounds.py::test_whole_original_over_record_limit_is_refused 
[gw7] [ 55%] PASSED tests/test_artifact_identity.py::test_behavioral_metadata_and_serializer_changes_conflict[seed] 
tests/test_artifact_identity.py::test_behavioral_metadata_and_serializer_changes_conflict[timestamp] 
[gw7] [ 56%] PASSED tests/test_artifact_identity.py::test_behavioral_metadata_and_serializer_changes_conflict[timestamp] 
tests/test_artifact_identity.py::test_behavioral_metadata_and_serializer_changes_conflict[serializer_version] 
[gw15] [ 56%] PASSED tests/test_trainer.py::test_trainer_cooperative_interruption 
tests/test_trainer_data.py::test_carryover_context_and_causal_shifting 
[gw15] [ 56%] PASSED tests/test_trainer_data.py::test_carryover_context_and_causal_shifting 
tests/test_trainer_data.py::test_masking_excludes_padding_bos_and_retains_eos 
[gw15] [ 56%] PASSED tests/test_trainer_data.py::test_masking_excludes_padding_bos_and_retains_eos 
tests/test_trainer_data.py::test_exact_budget_completion_8_8_1 
[gw15] [ 56%] PASSED tests/test_trainer_data.py::test_exact_budget_completion_8_8_1 
tests/test_trainer_data.py::test_untrained_suffix_preservation_and_replay 
[gw15] [ 56%] PASSED tests/test_trainer_data.py::test_untrained_suffix_preservation_and_replay 
tests/test_trainer_data.py::test_microbatch_sequences_chunking 
[gw15] [ 56%] PASSED tests/test_trainer_data.py::test_microbatch_sequences_chunking 
tests/test_trainer_data.py::test_empty_and_exhausted_data_error_policies 
[gw15] [ 56%] PASSED tests/test_trainer_data.py::test_empty_and_exhausted_data_error_policies 
tests/test_trainer_data.py::test_training_batcher_with_token_shard_reader 
[gw7] [ 56%] PASSED tests/test_artifact_identity.py::test_behavioral_metadata_and_serializer_changes_conflict[serializer_version] 
tests/test_artifact_identity.py::test_damaged_existing_destination_is_never_repaired[payload] 
[gw15] [ 56%] PASSED tests/test_trainer_data.py::test_training_batcher_with_token_shard_reader 
tests/test_trainer_mixture.py::test_real_trainer_consumes_the_mixture_loader 
[gw7] [ 56%] PASSED tests/test_artifact_identity.py::test_damaged_existing_destination_is_never_repaired[payload] 
tests/test_artifact_identity.py::test_damaged_existing_destination_is_never_repaired[identity] 
[gw7] [ 56%] PASSED tests/test_artifact_identity.py::test_damaged_existing_destination_is_never_repaired[identity] 
tests/test_artifact_identity.py::test_damaged_existing_destination_is_never_repaired[incomplete] 
[gw11] [ 57%] PASSED tests/test_models.py::test_cli_model_inspect_subprocess[150m] 
tests/test_models.py::test_cli_model_inspect_subprocess[300m] 
[gw7] [ 57%] PASSED tests/test_artifact_identity.py::test_damaged_existing_destination_is_never_repaired[incomplete] 
tests/test_artifact_identity.py::test_damaged_existing_destination_is_never_repaired[extra_file] 
[gw7] [ 57%] PASSED tests/test_artifact_identity.py::test_damaged_existing_destination_is_never_repaired[extra_file] 
tests/test_artifact_identity.py::test_legacy_integrity_is_not_automatic_equivalent_reuse 
[gw7] [ 57%] PASSED tests/test_artifact_identity.py::test_legacy_integrity_is_not_automatic_equivalent_reuse 
tests/test_artifact_identity.py::test_verified_input_manifest_fingerprint_is_bound_and_checked 
[gw1] [ 57%] PASSED tests/test_artifact_identity.py::test_actual_public_cli_current_and_legacy_artifacts 
tests/test_artifact_identity.py::test_json_types_are_part_of_request_identity[1-True] 
[gw7] [ 57%] PASSED tests/test_artifact_identity.py::test_verified_input_manifest_fingerprint_is_bound_and_checked 
tests/test_artifact_identity.py::test_invalid_identifiers_fail_before_store_creation[../escape-artifact_id] 
[gw7] [ 57%] PASSED tests/test_artifact_identity.py::test_invalid_identifiers_fail_before_store_creation[../escape-artifact_id] 
tests/test_artifact_identity.py::test_invalid_identifiers_fail_before_store_creation[../escape-kind] 
[gw7] [ 57%] PASSED tests/test_artifact_identity.py::test_invalid_identifiers_fail_before_store_creation[../escape-kind] 
tests/test_artifact_identity.py::test_invalid_identifiers_fail_before_store_creation[..\\escape-artifact_id] 
[gw7] [ 57%] PASSED tests/test_artifact_identity.py::test_invalid_identifiers_fail_before_store_creation[..\\escape-artifact_id] 
tests/test_artifact_identity.py::test_invalid_identifiers_fail_before_store_creation[..\\escape-kind] 
[gw7] [ 57%] PASSED tests/test_artifact_identity.py::test_invalid_identifiers_fail_before_store_creation[..\\escape-kind] 
tests/test_artifact_identity.py::test_invalid_identifiers_fail_before_store_creation[/absolute-artifact_id] 
[gw1] [ 57%] PASSED tests/test_artifact_identity.py::test_json_types_are_part_of_request_identity[1-True] 
[gw7] [ 58%] PASSED tests/test_artifact_identity.py::test_invalid_identifiers_fail_before_store_creation[/absolute-artifact_id] 
tests/test_eval_declared_inputs.py::test_receipt_exact_lineage_verifies 
tests/test_artifact_identity.py::test_json_types_are_part_of_request_identity[1-1.0] 
[gw7] [ 58%] PASSED tests/test_eval_declared_inputs.py::test_receipt_exact_lineage_verifies 
tests/test_eval_declared_inputs.py::test_receipt_missing_is_refused 
[gw7] [ 58%] PASSED tests/test_eval_declared_inputs.py::test_receipt_missing_is_refused 
tests/test_eval_declared_inputs.py::test_receipt_unresolvable_without_store_root_is_refused 
[gw7] [ 58%] PASSED tests/test_eval_declared_inputs.py::test_receipt_unresolvable_without_store_root_is_refused 
tests/test_eval_declared_inputs.py::test_receipt_corrupt_is_refused 
[gw7] [ 58%] PASSED tests/test_eval_declared_inputs.py::test_receipt_corrupt_is_refused 
tests/test_eval_declared_inputs.py::test_receipt_unrelated_substitution_is_refused 
[gw7] [ 58%] PASSED tests/test_eval_declared_inputs.py::test_receipt_unrelated_substitution_is_refused 
tests/test_eval_declared_inputs.py::test_receipt_tampered_digest_is_refused 
[gw1] [ 58%] PASSED tests/test_artifact_identity.py::test_json_types_are_part_of_request_identity[1-1.0] 
tests/test_artifact_identity.py::test_verification_is_bounded_and_unresolved_lineage_is_explicit 
[gw7] [ 58%] PASSED tests/test_eval_declared_inputs.py::test_receipt_tampered_digest_is_refused 
tests/test_eval_declared_inputs.py::test_receipt_derived_locator_chain_verifies 
[gw1] [ 58%] PASSED tests/test_artifact_identity.py::test_verification_is_bounded_and_unresolved_lineage_is_explicit 
tests/test_artifact_identity.py::test_internal_kind_rejected_before_side_effects[ledger] 
[gw1] [ 58%] PASSED tests/test_artifact_identity.py::test_internal_kind_rejected_before_side_effects[ledger] 
tests/test_artifact_identity.py::test_internal_kind_rejected_before_side_effects[runs] 
[gw1] [ 58%] PASSED tests/test_artifact_identity.py::test_internal_kind_rejected_before_side_effects[runs] 
[gw7] [ 58%] PASSED tests/test_eval_declared_inputs.py::test_receipt_derived_locator_chain_verifies 
tests/test_artifact_identity.py::test_internal_kind_rejected_before_side_effects[TMP] 
tests/test_eval_declared_inputs.py::test_receipt_broken_locator_chain_is_refused 
[gw1] [ 59%] PASSED tests/test_artifact_identity.py::test_internal_kind_rejected_before_side_effects[TMP] 
tests/test_artifact_identity.py::test_path_alias_and_ambiguous_cli_lookup_are_refused 
[gw7] [ 59%] PASSED tests/test_eval_declared_inputs.py::test_receipt_broken_locator_chain_is_refused 
tests/test_eval_declared_inputs.py::test_receipt_changed_derived_input_is_refused 
[gw7] [ 59%] PASSED tests/test_eval_declared_inputs.py::test_receipt_changed_derived_input_is_refused 
tests/test_eval_declared_inputs.py::test_receipt_verify_inputs_only_reports_verified_receipts 
[gw12] [ 59%] PASSED tests/test_ledger.py::test_rebuild_from_filesystem 
tests/test_ledger.py::test_cli_rebuild_ledger_command 
[gw1] [ 59%] PASSED tests/test_artifact_identity.py::test_path_alias_and_ambiguous_cli_lookup_are_refused 
tests/test_artifacts.py::test_atomic_publication_and_verification 
[gw6] [ 59%] PASSED tests/test_eval_declared_inputs.py::test_official_definitions_resolve_their_inherited_configuration 
tests/test_eval_declared_inputs.py::test_binding_rewrites_only_loader_keys 
[gw6] [ 59%] PASSED tests/test_eval_declared_inputs.py::test_binding_rewrites_only_loader_keys 
tests/test_eval_declared_inputs.py::test_binding_refuses_an_unsupported_task_shape 
[gw1] [ 59%] PASSED tests/test_artifacts.py::test_atomic_publication_and_verification 
tests/test_artifacts.py::test_idempotent_publication_and_conflict_rejection 
[gw6] [ 59%] PASSED tests/test_eval_declared_inputs.py::test_binding_refuses_an_unsupported_task_shape 
tests/test_eval_declared_inputs.py::test_binding_refuses_a_few_shot_task 
[gw6] [ 59%] PASSED tests/test_eval_declared_inputs.py::test_binding_refuses_a_few_shot_task 
tests/test_eval_declared_inputs.py::test_official_formatting_is_applied_to_authored_records 
[gw1] [ 59%] PASSED tests/test_artifacts.py::test_idempotent_publication_and_conflict_rejection 
tests/test_artifacts.py::test_corrupt_artifact_rejection 
[gw1] [ 59%] PASSED tests/test_artifacts.py::test_corrupt_artifact_rejection 
tests/test_artifacts.py::test_interrupted_artifact_rejection 
[gw1] [ 60%] PASSED tests/test_artifacts.py::test_interrupted_artifact_rejection 
tests/test_artifacts.py::test_path_traversal_rejection 
[gw1] [ 60%] PASSED tests/test_artifacts.py::test_path_traversal_rejection 
tests/test_artifacts.py::test_concurrent_writer_lock_contention 
[gw0] [ 60%] PASSED tests/test_acquisition_bounds.py::test_whole_original_over_record_limit_is_refused 
tests/test_acquisition_bounds.py::test_original_concurrent_reservations_share_allowance 
[gw0] [ 60%] PASSED tests/test_acquisition_bounds.py::test_original_concurrent_reservations_share_allowance 
tests/test_acquisition_bounds.py::test_fresh_process_reservations_and_killed_owner_remain_spent 
[gw1] [ 60%] PASSED tests/test_artifacts.py::test_concurrent_writer_lock_contention 
tests/test_artifacts.py::test_resolved_containment_is_existence_independent 
[gw12] [ 60%] PASSED tests/test_ledger.py::test_cli_rebuild_ledger_command 
tests/test_ledger.py::test_catalog_collision_cannot_replace_existing_kind_or_path 
[gw15] [ 60%] PASSED tests/test_trainer_mixture.py::test_real_trainer_consumes_the_mixture_loader 
tests/test_trainer_mixture.py::test_mixture_batches_are_tensors_with_correct_shapes 
[gw12] [ 60%] PASSED tests/test_ledger.py::test_catalog_collision_cannot_replace_existing_kind_or_path 
tests/test_likelihood.py::test_vectorized_vs_brute_force_token_by_token_parity 
[gw12] [ 60%] PASSED tests/test_likelihood.py::test_vectorized_vs_brute_force_token_by_token_parity 
tests/test_likelihood.py::test_prefix_dependent_toy_oracle_target_shifting 
[gw12] [ 60%] PASSED tests/test_likelihood.py::test_prefix_dependent_toy_oracle_target_shifting 
tests/test_likelihood.py::test_single_vs_batch_parity_with_padding 
[gw15] [ 60%] PASSED tests/test_trainer_mixture.py::test_mixture_batches_are_tensors_with_correct_shapes 
tests/test_trainer_mixture.py::test_mixture_run_resumes_to_the_same_committed_data 
[gw12] [ 60%] PASSED tests/test_likelihood.py::test_single_vs_batch_parity_with_padding 
tests/test_likelihood.py::test_answer_mask_positions_and_empty_prompt 
[gw12] [ 61%] PASSED tests/test_likelihood.py::test_answer_mask_positions_and_empty_prompt 
tests/test_likelihood.py::test_long_continuation_rolling_vs_error_policies 
[gw12] [ 61%] PASSED tests/test_likelihood.py::test_long_continuation_rolling_vs_error_policies 
tests/test_likelihood.py::test_boundary_policies_and_cross_merges 
[gw12] [ 61%] PASSED tests/test_likelihood.py::test_boundary_policies_and_cross_merges 
tests/test_likelihood.py::test_hand_computable_bits_per_byte 
[gw12] [ 61%] PASSED tests/test_likelihood.py::test_hand_computable_bits_per_byte 
tests/test_likelihood.py::test_read_only_and_mode_restoration 
[gw12] [ 61%] PASSED tests/test_likelihood.py::test_read_only_and_mode_restoration 
tests/test_mix01_views.py::test_all_pack_presets_sum_exactly_to_one[mix01.yaml] 
[gw12] [ 61%] PASSED tests/test_mix01_views.py::test_all_pack_presets_sum_exactly_to_one[mix01.yaml] 
tests/test_mix01_views.py::test_all_pack_presets_sum_exactly_to_one[m1_less_synth.yaml] 
[gw12] [ 61%] PASSED tests/test_mix01_views.py::test_all_pack_presets_sum_exactly_to_one[m1_less_synth.yaml] 
tests/test_mix01_views.py::test_all_pack_presets_sum_exactly_to_one[m2_more_synth.yaml] 
[gw12] [ 61%] PASSED tests/test_mix01_views.py::test_all_pack_presets_sum_exactly_to_one[m2_more_synth.yaml] 
tests/test_mix01_views.py::test_all_pack_presets_sum_exactly_to_one[m3_more_pdfs.yaml] 
[gw12] [ 61%] PASSED tests/test_mix01_views.py::test_all_pack_presets_sum_exactly_to_one[m3_more_pdfs.yaml] 
tests/test_mix01_views.py::test_all_pack_presets_sum_exactly_to_one[m4_txt360_web.yaml] 
[gw12] [ 61%] PASSED tests/test_mix01_views.py::test_all_pack_presets_sum_exactly_to_one[m4_txt360_web.yaml] 
tests/test_mix01_views.py::test_all_pack_presets_sum_exactly_to_one[m5_more_practical.yaml] 
[gw12] [ 61%] PASSED tests/test_mix01_views.py::test_all_pack_presets_sum_exactly_to_one[m5_more_practical.yaml] 
tests/test_mix01_views.py::test_all_pack_presets_sum_exactly_to_one[mix01_no_ifm.yaml] 
[gw12] [ 61%] PASSED tests/test_mix01_views.py::test_all_pack_presets_sum_exactly_to_one[mix01_no_ifm.yaml] 
tests/test_mix01_views.py::test_preset_rejects_silent_renormalization_and_lax_missing_policy 
[gw15] [ 62%] PASSED tests/test_trainer_mixture.py::test_mixture_run_resumes_to_the_same_committed_data 
tests/test_trainer_mixture.py::test_trainer_checkpoint_carries_mixture_state 
[gw12] [ 62%] PASSED tests/test_mix01_views.py::test_preset_rejects_silent_renormalization_and_lax_missing_policy 
tests/test_mix01_views.py::test_preset_rejects_a_nonexact_sum 
[gw12] [ 62%] PASSED tests/test_mix01_views.py::test_preset_rejects_a_nonexact_sum 
tests/test_mix01_views.py::test_m0_m5_treatment_diffs_match_pack_intent 
[gw12] [ 62%] PASSED tests/test_mix01_views.py::test_m0_m5_treatment_diffs_match_pack_intent 
tests/test_mix01_views.py::test_no_ifm_is_an_explicit_alternative_not_a_fallback 
[gw12] [ 62%] PASSED tests/test_mix01_views.py::test_no_ifm_is_an_explicit_alternative_not_a_fallback 
tests/test_mix01_views.py::test_all_treatment_identities_are_distinct 
[gw12] [ 62%] PASSED tests/test_mix01_views.py::test_all_treatment_identities_are_distinct 
tests/test_mix01_views.py::test_unknown_component_blocks_without_fallback 
[gw0] [ 62%] PASSED tests/test_acquisition_bounds.py::test_fresh_process_reservations_and_killed_owner_remain_spent 
tests/test_acquisition_bounds.py::test_killed_download_resumes_in_a_fresh_process_without_new_allowance 
[gw12] [ 62%] PASSED tests/test_mix01_views.py::test_unknown_component_blocks_without_fallback 
tests/test_mix01_views.py::test_registry_loads_and_covers_every_preset_component 
[gw12] [ 62%] PASSED tests/test_mix01_views.py::test_registry_loads_and_covers_every_preset_component 
tests/test_mix01_views.py::test_registry_selectors_use_observed_upstream_names 
[gw12] [ 62%] PASSED tests/test_mix01_views.py::test_registry_selectors_use_observed_upstream_names 
tests/test_mix01_views.py::test_view_selectors_are_nonempty_over_adapted_fixtures 
[gw12] [ 62%] PASSED tests/test_mix01_views.py::test_view_selectors_are_nonempty_over_adapted_fixtures 
tests/test_mix01_views.py::test_empty_selector_is_refused_by_gating 
[gw12] [ 62%] PASSED tests/test_mix01_views.py::test_empty_selector_is_refused_by_gating 
tests/test_mix01_views.py::test_essential_taxonomy_slices_and_fail_closed_fallback 
[gw12] [ 63%] PASSED tests/test_mix01_views.py::test_essential_taxonomy_slices_and_fail_closed_fallback 
tests/test_mix01_views.py::test_nemotron_organic_synthetic_separation 
[gw12] [ 63%] PASSED tests/test_mix01_views.py::test_nemotron_organic_synthetic_separation 
tests/test_mix01_views.py::test_synth_requires_context_and_rejects_traces 
[gw12] [ 63%] PASSED tests/test_mix01_views.py::test_synth_requires_context_and_rejects_traces 
tests/test_export_aliases.py::test_invalid_alias_metadata_is_rejected[mutate1-targets itself] 
[gw12] [ 63%] PASSED tests/test_export_aliases.py::test_invalid_alias_metadata_is_rejected[mutate1-targets itself] 
tests/test_export_aliases.py::test_invalid_alias_metadata_is_rejected[mutate2-carries no stored payload] 
[gw12] [ 63%] PASSED tests/test_export_aliases.py::test_invalid_alias_metadata_is_rejected[mutate2-carries no stored payload] 
tests/test_export_aliases.py::test_alias_chains_and_cycles_are_rejected 
[gw12] [ 63%] PASSED tests/test_export_aliases.py::test_alias_chains_and_cycles_are_rejected 
tests/test_export_aliases.py::test_missing_and_extra_tensors_are_rejected 
[gw12] [ 63%] PASSED tests/test_export_aliases.py::test_missing_and_extra_tensors_are_rejected 
tests/test_export_aliases.py::test_unsupported_versions_are_rejected 
[gw1] [ 63%] PASSED tests/test_artifacts.py::test_resolved_containment_is_existence_independent 
tests/test_artifacts.py::test_artifact_lineage_round_trip 
[gw12] [ 63%] PASSED tests/test_export_aliases.py::test_unsupported_versions_are_rejected 
tests/test_export_aliases.py::test_a_v1_bundle_cannot_claim_single_copy 
[gw12] [ 63%] PASSED tests/test_export_aliases.py::test_a_v1_bundle_cannot_claim_single_copy 
tests/test_export_aliases.py::test_legacy_v1_bundle_loads_and_is_labelled_duplicated 
[gw1] [ 63%] PASSED tests/test_artifacts.py::test_artifact_lineage_round_trip 
tests/test_artifacts.py::test_cli_artifact_commands 
[gw12] [ 64%] PASSED tests/test_export_aliases.py::test_legacy_v1_bundle_loads_and_is_labelled_duplicated 
tests/test_export_aliases.py::test_conflicting_legacy_copies_are_refused 
[gw12] [ 64%] PASSED tests/test_export_aliases.py::test_conflicting_legacy_copies_are_refused 
tests/test_export_aliases.py::test_legacy_shape_mismatch_is_refused_before_bit_comparison 
[gw12] [ 64%] PASSED tests/test_export_aliases.py::test_legacy_shape_mismatch_is_refused_before_bit_comparison 
tests/test_export_aliases.py::test_partial_and_transposed_views_are_refused 
[gw12] [ 64%] PASSED tests/test_export_aliases.py::test_partial_and_transposed_views_are_refused 
tests/test_export_aliases.py::test_undeclared_shared_storage_is_refused_by_the_writer 
[gw12] [ 64%] PASSED tests/test_export_aliases.py::test_undeclared_shared_storage_is_refused_by_the_writer 
tests/test_export_aliases.py::test_alias_detection_rejects_a_declared_but_absent_alias 
[gw12] [ 64%] PASSED tests/test_export_aliases.py::test_alias_detection_rejects_a_declared_but_absent_alias 
tests/test_export_aliases.py::test_published_bundle_reuses_identical_content 
[gw12] [ 64%] PASSED tests/test_export_aliases.py::test_published_bundle_reuses_identical_content 
tests/test_export_aliases.py::test_conflicting_content_under_one_export_id_is_refused 
[gw1] [ 64%] PASSED tests/test_artifacts.py::test_cli_artifact_commands 
tests/test_artifacts.py::test_artifact_lookup_by_id_covers_newly_introduced_kinds 
[gw12] [ 64%] PASSED tests/test_export_aliases.py::test_conflicting_content_under_one_export_id_is_refused 
tests/test_export_aliases.py::test_layout_change_is_a_different_representation_identity 
[gw12] [ 64%] PASSED tests/test_export_aliases.py::test_layout_change_is_a_different_representation_identity 
tests/test_export_aliases.py::test_a_copied_bundle_loads_without_the_store 
[gw15] [ 64%] PASSED tests/test_trainer_mixture.py::test_trainer_checkpoint_carries_mixture_state 
tests/test_trainer_mixture.py::test_trainer_loss_decreases_on_a_bounded_mixture_run 
[gw12] [ 64%] PASSED tests/test_export_aliases.py::test_a_copied_bundle_loads_without_the_store 
tests/test_export_aliases.py::test_public_cli_export_and_load_round_trip 
[gw1] [ 65%] PASSED tests/test_artifacts.py::test_artifact_lookup_by_id_covers_newly_introduced_kinds 
tests/test_artifacts.py::test_artifact_lookup_ignores_internal_store_directories 
[gw8] [ 65%] PASSED tests/test_export.py::test_clean_process_load_reproduces_logits_likelihood_and_completion 
tests/test_export.py::test_tokenizer_reconstruction_and_tied_identity 
[gw1] [ 65%] PASSED tests/test_artifacts.py::test_artifact_lookup_ignores_internal_store_directories 
tests/test_attention_and_masks.py::test_rope_rotation_properties 
[gw1] [ 65%] PASSED tests/test_attention_and_masks.py::test_rope_rotation_properties 
tests/test_attention_and_masks.py::test_rope_offsets_and_padding_support 
[gw1] [ 65%] PASSED tests/test_attention_and_masks.py::test_rope_offsets_and_padding_support 
tests/test_attention_and_masks.py::test_rmsnorm_precision_and_stability 
[gw1] [ 65%] PASSED tests/test_attention_and_masks.py::test_rmsnorm_precision_and_stability 
tests/test_attention_and_masks.py::test_safe_masking_padding_and_gradients[eager] 
[gw1] [ 65%] PASSED tests/test_attention_and_masks.py::test_safe_masking_padding_and_gradients[eager] 
tests/test_attention_and_masks.py::test_safe_masking_padding_and_gradients[sdpa] 
[gw1] [ 65%] PASSED tests/test_attention_and_masks.py::test_safe_masking_padding_and_gradients[sdpa] 
tests/test_attention_and_masks.py::test_isolated_document_attention_and_positive_control[eager] 
[gw1] [ 65%] PASSED tests/test_attention_and_masks.py::test_isolated_document_attention_and_positive_control[eager] 
tests/test_attention_and_masks.py::test_isolated_document_attention_and_positive_control[sdpa] 
[gw1] [ 65%] PASSED tests/test_attention_and_masks.py::test_isolated_document_attention_and_positive_control[sdpa] 
tests/test_research.py::test_cli_idea_new_and_validate 
[gw1] [ 65%] PASSED tests/test_research.py::test_cli_idea_new_and_validate 
tests/test_research.py::test_cli_scaffold_and_check_plugin 
[gw11] [ 65%] PASSED tests/test_models.py::test_cli_model_inspect_subprocess[300m] 
tests/test_objectives.py::test_cross_entropy_hand_sized_reference_calculation 
[gw11] [ 66%] PASSED tests/test_objectives.py::test_cross_entropy_hand_sized_reference_calculation 
tests/test_objectives.py::test_masking_excludes_padding_bos_and_retains_eos 
[gw11] [ 66%] PASSED tests/test_objectives.py::test_masking_excludes_padding_bos_and_retains_eos 
tests/test_objectives.py::test_ignored_label_sentinels_handled_safely_before_indexing 
[gw11] [ 66%] PASSED tests/test_objectives.py::test_ignored_label_sentinels_handled_safely_before_indexing 
tests/test_objectives.py::test_out_of_bounds_label_on_valid_position_raises_error 
[gw11] [ 66%] PASSED tests/test_objectives.py::test_out_of_bounds_label_on_valid_position_raises_error 
tests/test_objectives.py::test_all_masked_batch_raises_explicit_invalid_error 
[gw11] [ 66%] PASSED tests/test_objectives.py::test_all_masked_batch_raises_explicit_invalid_error 
tests/test_objectives.py::test_empty_microbatch_in_accumulation_does_not_erase_gradients 
[gw11] [ 66%] PASSED tests/test_objectives.py::test_empty_microbatch_in_accumulation_does_not_erase_gradients 
tests/test_objectives.py::test_a06_numerical_gradient_parity_full_vs_microbatches 
[gw2] [ 66%] PASSED tests/test_cli_eval_gen.py::test_cli_demo_complete_vertical_slice_subprocess 
tests/test_cli_eval_gen.py::test_cli_evaluate_and_generate_subprocess 
[gw1] [ 66%] PASSED tests/test_research.py::test_cli_scaffold_and_check_plugin 
tests/test_research.py::test_cli_scaffold_all_categories 
[gw1] [ 66%] PASSED tests/test_research.py::test_cli_scaffold_all_categories 
tests/test_research.py::test_idea_card_with_missing_falsification_fails_explicitly 
[gw1] [ 66%] PASSED tests/test_research.py::test_idea_card_with_missing_falsification_fails_explicitly 
tests/test_schedules.py::test_warmup_cosine_exact_boundary_values 
[gw1] [ 66%] PASSED tests/test_schedules.py::test_warmup_cosine_exact_boundary_values 
tests/test_schedules.py::test_warmup_cosine_zero_warmup 
[gw1] [ 66%] PASSED tests/test_schedules.py::test_warmup_cosine_zero_warmup 
tests/test_schedules.py::test_schedule_queries_are_side_effect_free 
[gw1] [ 67%] PASSED tests/test_schedules.py::test_schedule_queries_are_side_effect_free 
tests/test_schedules.py::test_apply_lr_to_optimizer 
[gw14] [ 67%] PASSED tests/test_reports.py::test_cli_runs_list_empty_and_populated 
tests/test_research.py::test_blank_card_fails_on_missing_fields 
[gw14] [ 67%] PASSED tests/test_research.py::test_blank_card_fails_on_missing_fields 
tests/test_research.py::test_complete_card_validates 
[gw14] [ 67%] PASSED tests/test_research.py::test_complete_card_validates 
tests/test_research.py::test_novelty_certainty_phrasing_is_refused 
[gw14] [ 67%] PASSED tests/test_research.py::test_novelty_certainty_phrasing_is_refused 
tests/test_research.py::test_card_statuses_round_trip_and_category_is_strict 
[gw14] [ 67%] PASSED tests/test_research.py::test_card_statuses_round_trip_and_category_is_strict 
tests/test_research.py::test_all_four_noop_plugins_load_into_isolated_registries 
[gw14] [ 67%] PASSED tests/test_research.py::test_all_four_noop_plugins_load_into_isolated_registries 
tests/test_research.py::test_plugin_loading_touches_no_trainer_or_scorer_files 
[gw14] [ 67%] PASSED tests/test_research.py::test_plugin_loading_touches_no_trainer_or_scorer_files 
tests/test_research.py::test_architecture_noop_matches_baseline_exactly 
[gw14] [ 67%] PASSED tests/test_research.py::test_architecture_noop_matches_baseline_exactly 
tests/test_research.py::test_objective_noop_matches_baseline_loss 
[gw14] [ 67%] PASSED tests/test_research.py::test_objective_noop_matches_baseline_loss 
tests/test_research.py::test_optimizer_noop_matches_baseline_updates 
[gw15] [ 67%] PASSED tests/test_trainer_mixture.py::test_trainer_loss_decreases_on_a_bounded_mixture_run 
tests/test_trainer_mixture.py::test_share_drift_converges_as_the_run_lengthens 
[gw8] [ 67%] PASSED tests/test_export.py::test_tokenizer_reconstruction_and_tied_identity 
tests/test_export.py::test_an_alias_carrying_its_own_payload_is_refused 
[gw15] [ 68%] PASSED tests/test_trainer_mixture.py::test_share_drift_converges_as_the_run_lengthens 
tests/test_training_resolution.py::test_declared_input_mismatches_are_refused[missing] 
[gw15] [ 68%] PASSED tests/test_training_resolution.py::test_declared_input_mismatches_are_refused[missing] 
tests/test_training_resolution.py::test_declared_input_mismatches_are_refused[source] 
[gw11] [ 68%] PASSED tests/test_objectives.py::test_a06_numerical_gradient_parity_full_vs_microbatches 
tests/test_objectives.py::test_noop_objective_matches_baseline_gradients_and_loss 
[gw11] [ 68%] PASSED tests/test_objectives.py::test_noop_objective_matches_baseline_gradients_and_loss 
tests/test_objectives.py::test_auxiliary_learning_objective_gradient_and_update_without_decay 
[gw11] [ 68%] PASSED tests/test_objectives.py::test_auxiliary_learning_objective_gradient_and_update_without_decay 
tests/test_objectives.py::test_global_batch_objective_rejects_microbatching 
[gw11] [ 68%] PASSED tests/test_objectives.py::test_global_batch_objective_rejects_microbatching 
tests/test_offline_workflow.py::test_offline_workflow_from_clean_environment 
[gw15] [ 68%] PASSED tests/test_training_resolution.py::test_declared_input_mismatches_are_refused[source] 
tests/test_training_resolution.py::test_declared_input_mismatches_are_refused[tokenizer] 
[gw15] [ 68%] PASSED tests/test_training_resolution.py::test_declared_input_mismatches_are_refused[tokenizer] 
tests/test_training_resolution.py::test_declared_input_mismatches_are_refused[exposure] 
[gw15] [ 68%] PASSED tests/test_training_resolution.py::test_declared_input_mismatches_are_refused[exposure] 
tests/test_training_resolution.py::test_declared_input_mismatches_are_refused[seed] 
[gw15] [ 68%] PASSED tests/test_training_resolution.py::test_declared_input_mismatches_are_refused[seed] 
tests/test_training_resolution.py::test_declared_input_mismatches_are_refused[field] 
[gw15] [ 68%] PASSED tests/test_training_resolution.py::test_declared_input_mismatches_are_refused[field] 
tests/test_training_resolution.py::test_declared_input_mismatches_are_refused[packing] 
[gw15] [ 69%] PASSED tests/test_training_resolution.py::test_declared_input_mismatches_are_refused[packing] 
tests/test_training_resolution.py::test_token_exposure_projection_is_recomputed 
[gw15] [ 69%] PASSED tests/test_training_resolution.py::test_token_exposure_projection_is_recomputed 
tests/test_training_resolution.py::test_exposure_quotas_and_block_size_change_actual_stream 
[gw7] [ 69%] PASSED tests/test_eval_declared_inputs.py::test_receipt_verify_inputs_only_reports_verified_receipts 
tests/test_eval_inputs.py::test_policy_splits_come_from_the_frozen_suite_definition 
[gw7] [ 69%] PASSED tests/test_eval_inputs.py::test_policy_splits_come_from_the_frozen_suite_definition 
tests/test_eval_inputs.py::test_authored_fixture_manifest_verifies_and_reports_its_scope 
[gw7] [ 69%] PASSED tests/test_eval_inputs.py::test_authored_fixture_manifest_verifies_and_reports_its_scope 
tests/test_eval_inputs.py::test_manifest_id_is_content_identity_not_file_location 
[gw7] [ 69%] PASSED tests/test_eval_inputs.py::test_manifest_id_is_content_identity_not_file_location 
tests/test_eval_inputs.py::test_manifest_id_changes_with_membership 
[gw15] [ 69%] PASSED tests/test_training_resolution.py::test_exposure_quotas_and_block_size_change_actual_stream 
tests/test_training_resolution.py::test_registered_unsupported_capabilities_fail_before_training 
[gw7] [ 69%] PASSED tests/test_eval_inputs.py::test_manifest_id_changes_with_membership 
tests/test_eval_inputs.py::test_prompt_and_label_digests_are_separate 
[gw15] [ 69%] PASSED tests/test_training_resolution.py::test_registered_unsupported_capabilities_fail_before_training 
tests/test_training_resolution.py::test_explicit_existing_control_plugin_does_not_mutate_global_registry 
[gw15] [ 69%] PASSED tests/test_training_resolution.py::test_explicit_existing_control_plugin_does_not_mutate_global_registry 
tests/test_training_resolution.py::test_worker_disk_sampling_tolerates_retired_staging_only 
[gw0] [ 69%] PASSED tests/test_acquisition_bounds.py::test_killed_download_resumes_in_a_fresh_process_without_new_allowance 
tests/test_acquisition_bounds.py::test_paths_and_collisions_fail_before_filesystem_effects[../escape.jsonl] 
[gw0] [ 69%] PASSED tests/test_acquisition_bounds.py::test_paths_and_collisions_fail_before_filesystem_effects[../escape.jsonl] 
tests/test_acquisition_bounds.py::test_paths_and_collisions_fail_before_filesystem_effects[CON] 
[gw0] [ 70%] PASSED tests/test_acquisition_bounds.py::test_paths_and_collisions_fail_before_filesystem_effects[CON] 
[gw15] [ 70%] PASSED tests/test_training_resolution.py::test_worker_disk_sampling_tolerates_retired_staging_only 
tests/test_acquisition_bounds.py::test_paths_and_collisions_fail_before_filesystem_effects[a/../b] 
tests/test_training_resolution.py::test_production_shapes_are_meta_only_and_smoke_refuses[50m] 
[gw0] [ 70%] PASSED tests/test_acquisition_bounds.py::test_paths_and_collisions_fail_before_filesystem_effects[a/../b] 
tests/test_acquisition_bounds.py::test_paths_and_collisions_fail_before_filesystem_effects[A.jsonl,a.jsonl] 
[gw0] [ 70%] PASSED tests/test_acquisition_bounds.py::test_paths_and_collisions_fail_before_filesystem_effects[A.jsonl,a.jsonl] 
tests/test_acquisition_bounds.py::test_corrupt_journal_is_not_reset 
[gw12] [ 70%] PASSED tests/test_export_aliases.py::test_public_cli_export_and_load_round_trip 
tests/test_final_acceptance.py::test_prepare_rejects_corrupted_existing_output 
[gw7] [ 70%] PASSED tests/test_eval_inputs.py::test_prompt_and_label_digests_are_separate 
tests/test_eval_inputs.py::test_digests_are_stable_under_record_reordering 
[gw15] [ 70%] PASSED tests/test_training_resolution.py::test_production_shapes_are_meta_only_and_smoke_refuses[50m] 
tests/test_training_resolution.py::test_production_shapes_are_meta_only_and_smoke_refuses[150m] 
[gw7] [ 70%] PASSED tests/test_eval_inputs.py::test_digests_are_stable_under_record_reordering 
tests/test_eval_inputs.py::test_wrong_split_for_the_tier_is_refused 
[gw7] [ 70%] PASSED tests/test_eval_inputs.py::test_wrong_split_for_the_tier_is_refused 
tests/test_eval_inputs.py::test_hellaswag_final_split_is_refused_at_search 
[gw7] [ 70%] PASSED tests/test_eval_inputs.py::test_hellaswag_final_split_is_refused_at_search 
tests/test_eval_inputs.py::test_final_tier_requires_operator_authorization 
[gw7] [ 70%] PASSED tests/test_eval_inputs.py::test_final_tier_requires_operator_authorization 
tests/test_eval_inputs.py::test_requested_tier_must_match_the_manifest 
[gw7] [ 70%] PASSED tests/test_eval_inputs.py::test_requested_tier_must_match_the_manifest 
tests/test_eval_inputs.py::test_isolated_final_exposure_is_refused_for_a_developer_run 
[gw1] [ 71%] PASSED tests/test_schedules.py::test_apply_lr_to_optimizer 
tests/test_schedules.py::test_schedule_resume_rejects_altered_configuration 
[gw1] [ 71%] PASSED tests/test_schedules.py::test_schedule_resume_rejects_altered_configuration 
tests/test_schedules.py::test_constant_schedule_fixture 
[gw1] [ 71%] PASSED tests/test_schedules.py::test_constant_schedule_fixture 
tests/test_schedules.py::test_lr_anchors_by_model_size 
[gw1] [ 71%] PASSED tests/test_schedules.py::test_lr_anchors_by_model_size 
tests/test_source_admission.py::test_admission_gate_positive_path 
[gw1] [ 71%] PASSED tests/test_source_admission.py::test_admission_gate_positive_path 
tests/test_source_admission.py::test_admission_gate_synthetic_evidence_rejection 
[gw1] [ 71%] PASSED tests/test_source_admission.py::test_admission_gate_synthetic_evidence_rejection 
tests/test_source_admission.py::test_admission_gate_operator_approval_cannot_override_denial_or_missing_revision 
[gw1] [ 71%] PASSED tests/test_source_admission.py::test_admission_gate_operator_approval_cannot_override_denial_or_missing_revision 
tests/test_source_admission.py::test_admission_gate_stale_fingerprint_invalidation 
[gw1] [ 71%] PASSED tests/test_source_admission.py::test_admission_gate_stale_fingerprint_invalidation 
[gw15] [ 71%] PASSED tests/test_training_resolution.py::test_production_shapes_are_meta_only_and_smoke_refuses[150m] 
tests/test_source_admission.py::test_catalog_auditor_all_twenty_candidates_unadmitted 
tests/test_training_resolution.py::test_production_shapes_are_meta_only_and_smoke_refuses[300m] 
[gw7] [ 71%] PASSED tests/test_eval_inputs.py::test_isolated_final_exposure_is_refused_for_a_developer_run 
tests/test_eval_inputs.py::test_same_length_corruption_is_rejected 
[gw1] [ 71%] PASSED tests/test_source_admission.py::test_catalog_auditor_all_twenty_candidates_unadmitted 
tests/test_source_admission.py::test_p01_artifact_persistence 
[gw7] [ 71%] PASSED tests/test_eval_inputs.py::test_same_length_corruption_is_rejected 
tests/test_eval_inputs.py::test_size_mismatch_is_rejected 
[gw7] [ 72%] PASSED tests/test_eval_inputs.py::test_size_mismatch_is_rejected 
tests/test_eval_inputs.py::test_an_unselected_larger_source_is_not_the_selected_artifact 
[gw7] [ 72%] PASSED tests/test_eval_inputs.py::test_an_unselected_larger_source_is_not_the_selected_artifact 
tests/test_eval_inputs.py::test_missing_declared_item_is_rejected 
[gw1] [ 72%] PASSED tests/test_source_admission.py::test_p01_artifact_persistence 
tests/test_source_admission.py::test_base_environment_zero_torch_isolation 
[gw14] [ 72%] PASSED tests/test_research.py::test_optimizer_noop_matches_baseline_updates 
tests/test_research.py::test_tokenizer_noop_matches_baseline_deterministically 
[gw14] [ 72%] PASSED tests/test_research.py::test_tokenizer_noop_matches_baseline_deterministically 
tests/test_research.py::test_baseline_combination_passes_and_unsupported_ones_fail 
[gw14] [ 72%] PASSED tests/test_research.py::test_baseline_combination_passes_and_unsupported_ones_fail 
tests/test_research.py::test_objective_owned_state_survives_resume 
[gw7] [ 72%] PASSED tests/test_eval_inputs.py::test_missing_declared_item_is_rejected 
tests/test_eval_inputs.py::test_duplicate_records_in_the_artifact_are_rejected 
[gw7] [ 72%] PASSED tests/test_eval_inputs.py::test_duplicate_records_in_the_artifact_are_rejected 
tests/test_eval_inputs.py::test_duplicate_declared_ids_are_rejected_by_the_schema 
[gw7] [ 72%] PASSED tests/test_eval_inputs.py::test_duplicate_declared_ids_are_rejected_by_the_schema 
tests/test_eval_inputs.py::test_missing_declared_id_field_is_rejected 
[gw15] [ 72%] PASSED tests/test_training_resolution.py::test_production_shapes_are_meta_only_and_smoke_refuses[300m] 
tests/test_training_resolution.py::test_real_document_boundaries_positions_and_model_isolation[None] 
[gw7] [ 72%] PASSED tests/test_eval_inputs.py::test_missing_declared_id_field_is_rejected 
tests/test_generation.py::test_repetition_penalty_enforcement 
[gw1] [ 72%] PASSED tests/test_source_admission.py::test_base_environment_zero_torch_isolation 
tests/test_cuda_execution.py::test_trainer_refuses_checkpointing_on_unsupported_models 
[gw7] [ 73%] PASSED tests/test_generation.py::test_repetition_penalty_enforcement 
tests/test_generation.py::test_stopping_conditions 
[gw7] [ 73%] PASSED tests/test_generation.py::test_stopping_conditions 
tests/test_generation.py::test_prompt_truncation_policies 
[gw7] [ 73%] PASSED tests/test_generation.py::test_prompt_truncation_policies 
tests/test_generation.py::test_mode_restoration_and_training_isolation 
[gw7] [ 73%] PASSED tests/test_generation.py::test_mode_restoration_and_training_isolation 
tests/test_harness_adapter.py::test_harness_loglikelihood_equals_native_scoring_for_every_pair 
[gw7] [ 73%] PASSED tests/test_harness_adapter.py::test_harness_loglikelihood_equals_native_scoring_for_every_pair 
tests/test_harness_adapter.py::test_batch_scoring_is_invariant_to_ordering 
[gw7] [ 73%] PASSED tests/test_harness_adapter.py::test_batch_scoring_is_invariant_to_ordering 
tests/test_harness_adapter.py::test_branch_state_resets_between_requests 
[gw7] [ 73%] PASSED tests/test_harness_adapter.py::test_branch_state_resets_between_requests 
tests/test_harness_adapter.py::test_rolling_loglikelihood_equals_native_document_scoring 
[gw8] [ 73%] PASSED tests/test_export.py::test_an_alias_carrying_its_own_payload_is_refused 
tests/test_export.py::test_corrupted_and_incomplete_exports_are_rejected 
[gw7] [ 73%] PASSED tests/test_harness_adapter.py::test_rolling_loglikelihood_equals_native_document_scoring 
tests/test_harness_adapter.py::test_long_example_error_policy_raises_while_rolling_covers_every_target 
[gw7] [ 73%] PASSED tests/test_harness_adapter.py::test_long_example_error_policy_raises_while_rolling_covers_every_target 
tests/test_harness_adapter.py::test_generate_until_is_deterministic_and_stops_on_until 
[gw7] [ 73%] PASSED tests/test_harness_adapter.py::test_generate_until_is_deterministic_and_stops_on_until 
tests/test_harness_adapter.py::test_harness_fixture_task_matches_native_acc_and_acc_norm 
[gw15] [ 74%] PASSED tests/test_training_resolution.py::test_real_document_boundaries_positions_and_model_isolation[None] 
tests/test_training_resolution.py::test_real_document_boundaries_positions_and_model_isolation[1] 
[gw1] [ 74%] PASSED tests/test_cuda_execution.py::test_trainer_refuses_checkpointing_on_unsupported_models 
tests/test_cuda_execution.py::test_resource_plan_reports_measured_ranges_not_peak_flops 
[gw1] [ 74%] PASSED tests/test_cuda_execution.py::test_resource_plan_reports_measured_ranges_not_peak_flops 
tests/test_cuda_execution.py::test_resource_plan_refuses_unfamiliar_architectures 
[gw1] [ 74%] PASSED tests/test_cuda_execution.py::test_resource_plan_refuses_unfamiliar_architectures 
tests/test_cuda_execution.py::test_preflight_refuses_instead_of_reshaping 
[gw1] [ 74%] PASSED tests/test_cuda_execution.py::test_preflight_refuses_instead_of_reshaping 
tests/test_cuda_execution.py::test_oom_recovery_cannot_skip_data_or_silently_change_contract 
[gw1] [ 74%] PASSED tests/test_cuda_execution.py::test_oom_recovery_cannot_skip_data_or_silently_change_contract 
tests/test_cuda_execution.py::test_cpu_compile_eager_parity 
[gw12] [ 74%] PASSED tests/test_final_acceptance.py::test_prepare_rejects_corrupted_existing_output 
tests/test_final_acceptance.py::test_prepare_hashes_copy_inputs_and_policy 
[gw0] [ 74%] PASSED tests/test_acquisition_bounds.py::test_corrupt_journal_is_not_reset 
tests/test_acquisition_bounds.py::test_redirect_retry_bodies_and_requests_are_charged[redirect.jsonl-redirect body] 
[gw15] [ 74%] PASSED tests/test_training_resolution.py::test_real_document_boundaries_positions_and_model_isolation[1] 
tests/test_training_resolution.py::test_real_document_boundaries_positions_and_model_isolation[4] 
[gw6] [ 74%] PASSED tests/test_eval_declared_inputs.py::test_official_formatting_is_applied_to_authored_records 
tests/test_eval_declared_inputs.py::test_resolve_metric_handles_the_installed_key_shape 
[gw6] [ 74%] PASSED tests/test_eval_declared_inputs.py::test_resolve_metric_handles_the_installed_key_shape 
tests/test_eval_declared_inputs.py::test_complete_declared_scope_publishes_a_labelled_index 
[gw15] [ 74%] PASSED tests/test_training_resolution.py::test_real_document_boundaries_positions_and_model_isolation[4] 
tests/test_training_vocabulary.py::test_authored_ids_do_not_excuse_a_declared_tokenizer_vocabulary_mismatch 
[gw15] [ 75%] PASSED tests/test_training_vocabulary.py::test_authored_ids_do_not_excuse_a_declared_tokenizer_vocabulary_mismatch 
tests/test_prepare_bounds.py::test_prepare_record_parser_and_expansion_caps[budget0-{"text":"a"}\n{"text":"b"}\n-record] 
[gw14] [ 75%] PASSED tests/test_research.py::test_objective_owned_state_survives_resume 
tests/test_research.py::test_scaffold_covers_all_categories_with_required_files 
[gw14] [ 75%] PASSED tests/test_research.py::test_scaffold_covers_all_categories_with_required_files 
tests/test_research.py::test_proposed_scaffold_cannot_pretend_to_run 
[gw14] [ 75%] PASSED tests/test_research.py::test_proposed_scaffold_cannot_pretend_to_run 
tests/test_research.py::test_protected_evaluator_change_is_detected 
[gw14] [ 75%] PASSED tests/test_research.py::test_protected_evaluator_change_is_detected 
tests/test_research.py::test_undeclared_files_and_path_escapes_are_refused 
[gw14] [ 75%] PASSED tests/test_research.py::test_undeclared_files_and_path_escapes_are_refused 
tests/test_research.py::test_plugin_changes_alter_code_fingerprints 
[gw14] [ 75%] PASSED tests/test_research.py::test_plugin_changes_alter_code_fingerprints 
tests/test_research.py::test_discover_plugins_lists_manifest_dirs 
[gw14] [ 75%] PASSED tests/test_research.py::test_discover_plugins_lists_manifest_dirs 
tests/test_registry.py::test_configuration_only_plugins_without_generic_composer_edits 
[gw14] [ 75%] PASSED tests/test_registry.py::test_configuration_only_plugins_without_generic_composer_edits 
tests/test_reports.py::test_missing_values_are_recorded_never_zero_filled 
[gw14] [ 75%] PASSED tests/test_reports.py::test_missing_values_are_recorded_never_zero_filled 
tests/test_reports.py::test_protected_keys_and_secrets_are_stripped_at_collection 
[gw14] [ 75%] PASSED tests/test_reports.py::test_protected_keys_and_secrets_are_stripped_at_collection 
tests/test_reports.py::test_evidence_tasks_index_and_partial_labels_land_in_report 
[gw14] [ 75%] PASSED tests/test_reports.py::test_evidence_tasks_index_and_partial_labels_land_in_report 
tests/test_reports.py::test_failures_stay_visible_with_attempt_history 
[gw14] [ 76%] PASSED tests/test_reports.py::test_failures_stay_visible_with_attempt_history 
tests/test_reports.py::test_campaign_report_marks_unexecuted_trials 
[gw14] [ 76%] PASSED tests/test_reports.py::test_campaign_report_marks_unexecuted_trials 
tests/test_reports.py::test_data_report_keeps_aggregates_drops_details 
[gw14] [ 76%] PASSED tests/test_reports.py::test_data_report_keeps_aggregates_drops_details 
tests/test_reports.py::test_injection_fixture_is_escaped_everywhere 
[gw14] [ 76%] PASSED tests/test_reports.py::test_injection_fixture_is_escaped_everywhere 
tests/test_reports.py::test_missing_renders_as_na_never_zero 
[gw14] [ 76%] PASSED tests/test_reports.py::test_missing_renders_as_na_never_zero 
tests/test_reports.py::test_failed_runs_render_visibly_not_hidden 
[gw14] [ 76%] PASSED tests/test_reports.py::test_failed_runs_render_visibly_not_hidden 
tests/test_reports.py::test_comparison_violations_and_seeds_are_visible 
[gw14] [ 76%] PASSED tests/test_reports.py::test_comparison_violations_and_seeds_are_visible 
tests/test_reports.py::test_curves_distinguish_raw_from_smoothing 
[gw14] [ 76%] PASSED tests/test_reports.py::test_curves_distinguish_raw_from_smoothing 
tests/test_reports.py::test_html_pages_are_self_contained_and_portable 
[gw14] [ 76%] PASSED tests/test_reports.py::test_html_pages_are_self_contained_and_portable 
tests/test_reports.py::test_campaign_and_data_markdown_render 
[gw14] [ 76%] PASSED tests/test_reports.py::test_campaign_and_data_markdown_render 
tests/test_reports.py::test_strip_protected_is_recursive 
[gw14] [ 76%] PASSED tests/test_reports.py::test_strip_protected_is_recursive 
tests/test_reports.py::test_cli_report_runs_in_all_formats 
[gw15] [ 76%] PASSED tests/test_prepare_bounds.py::test_prepare_record_parser_and_expansion_caps[budget0-{"text":"a"}\n{"text":"b"}\n-record] 
tests/test_prepare_bounds.py::test_prepare_record_parser_and_expansion_caps[budget1-{"text":"long"}\n-record byte] 
[gw14] [ 77%] PASSED tests/test_reports.py::test_cli_report_runs_in_all_formats 
tests/test_reports.py::test_cli_report_requires_exactly_one_source 
[gw0] [ 77%] PASSED tests/test_acquisition_bounds.py::test_redirect_retry_bodies_and_requests_are_charged[redirect.jsonl-redirect body] 
tests/test_acquisition_bounds.py::test_redirect_retry_bodies_and_requests_are_charged[retry.jsonl-retry body] 
[gw14] [ 77%] PASSED tests/test_reports.py::test_cli_report_requires_exactly_one_source 
tests/test_comparison.py::test_suite_bootstrap_rejects_partial_coverage 
[gw14] [ 77%] PASSED tests/test_comparison.py::test_suite_bootstrap_rejects_partial_coverage 
tests/test_comparison.py::test_suite_bootstrap_macro_averages_blimp_subclusters 
[gw14] [ 77%] PASSED tests/test_comparison.py::test_suite_bootstrap_macro_averages_blimp_subclusters 
tests/test_comparison.py::test_crossing_interpolates_between_measured_points 
[gw14] [ 77%] PASSED tests/test_comparison.py::test_crossing_interpolates_between_measured_points 
tests/test_comparison.py::test_unreached_and_out_of_range_targets_are_not_invented 
[gw14] [ 77%] PASSED tests/test_comparison.py::test_unreached_and_out_of_range_targets_are_not_invented 
tests/test_comparison.py::test_teacher_and_auxiliary_costs_are_labeled 
[gw14] [ 77%] PASSED tests/test_comparison.py::test_teacher_and_auxiliary_costs_are_labeled 
tests/test_comparison.py::test_compute_comparison_requires_both_arms_to_reach 
[gw14] [ 77%] PASSED tests/test_comparison.py::test_compute_comparison_requires_both_arms_to_reach 
tests/test_comparison.py::test_malformed_curve_mappings_are_rejected 
[gw14] [ 77%] PASSED tests/test_comparison.py::test_malformed_curve_mappings_are_rejected 
tests/test_comparison.py::test_promotion_passes_on_material_evidence 
[gw1] [ 77%] SKIPPED tests/test_cuda_execution.py::test_cpu_compile_eager_parity 
[gw14] [ 77%] PASSED tests/test_comparison.py::test_promotion_passes_on_material_evidence 
tests/test_comparison.py::test_promotion_refuses_ineligible_missing_or_weak_evidence 
[gw14] [ 78%] PASSED tests/test_comparison.py::test_promotion_refuses_ineligible_missing_or_weak_evidence 
tests/test_dashboard.py::test_dashboard_serves_runs_campaigns_and_data 
tests/test_comparison.py::test_material_regression_warns_without_silently_passing 
[gw14] [ 78%] PASSED tests/test_comparison.py::test_material_regression_warns_without_silently_passing 
tests/test_comparison.py::test_gate_thresholds_are_inputs_not_rewritten_by_scores 
[gw14] [ 78%] PASSED tests/test_comparison.py::test_gate_thresholds_are_inputs_not_rewritten_by_scores 
tests/test_comparison.py::test_promotion_emits_a_valid_from_scratch_draft 
[gw14] [ 78%] PASSED tests/test_comparison.py::test_promotion_emits_a_valid_from_scratch_draft 
tests/test_comparison.py::test_promotion_needs_a_passing_decision_for_drafts 
[gw14] [ 78%] PASSED tests/test_comparison.py::test_promotion_needs_a_passing_decision_for_drafts 
tests/test_comparison.py::test_cli_compare_reports_eligible_paired_difference 
[gw15] [ 78%] PASSED tests/test_prepare_bounds.py::test_prepare_record_parser_and_expansion_caps[budget1-{"text":"long"}\n-record byte] 
tests/test_prepare_bounds.py::test_prepare_record_parser_and_expansion_caps[budget2-{"text":"long"}\n-decompressed] 
[gw1] [ 78%] PASSED tests/test_dashboard.py::test_dashboard_serves_runs_campaigns_and_data 
tests/test_dashboard.py::test_dashboard_is_read_only 
[gw1] [ 78%] PASSED tests/test_dashboard.py::test_dashboard_is_read_only 
tests/test_dashboard.py::test_non_loopback_bind_requires_authenticated_deployment 
[gw1] [ 78%] PASSED tests/test_dashboard.py::test_non_loopback_bind_requires_authenticated_deployment 
tests/test_dashboard.py::test_failed_runs_are_shown_not_hidden 
[gw1] [ 78%] PASSED tests/test_dashboard.py::test_failed_runs_are_shown_not_hidden 
tests/test_dashboard.py::test_dashboard_pages_carry_no_external_assets 
[gw1] [ 78%] PASSED tests/test_dashboard.py::test_dashboard_pages_carry_no_external_assets 
tests/test_data_adapters.py::test_canonical_normalization_idempotence_and_preservation 
[gw1] [ 79%] PASSED tests/test_data_adapters.py::test_canonical_normalization_idempotence_and_preservation 
tests/test_data_adapters.py::test_strict_utf8_decode_rejection 
[gw1] [ 79%] PASSED tests/test_data_adapters.py::test_strict_utf8_decode_rejection 
tests/test_data_adapters.py::test_text_adapter_file_and_directory 
[gw1] [ 79%] PASSED tests/test_data_adapters.py::test_text_adapter_file_and_directory 
tests/test_data_adapters.py::test_text_adapter_oversized_file 
[gw1] [ 79%] PASSED tests/test_data_adapters.py::test_text_adapter_oversized_file 
tests/test_data_adapters.py::test_jsonl_adapter_strict_validation 
[gw1] [ 79%] PASSED tests/test_data_adapters.py::test_jsonl_adapter_strict_validation 
tests/test_data_adapters.py::test_canonical_dataset_writer_and_reader_roundtrip 
[gw14] [ 79%] PASSED tests/test_comparison.py::test_cli_compare_reports_eligible_paired_difference 
tests/test_comparison.py::test_cli_compare_refuses_ineligible_tracks_before_any_winner 
[gw1] [ 79%] PASSED tests/test_data_adapters.py::test_canonical_dataset_writer_and_reader_roundtrip 
tests/test_data_catalog.py::test_twenty_source_catalog_parsing_and_integrity 
[gw1] [ 79%] PASSED tests/test_data_catalog.py::test_twenty_source_catalog_parsing_and_integrity 
tests/test_acquisition_bounds.py::test_public_probe_attempt_has_durable_body_request_and_deadline_account 
[gw12] [ 79%] PASSED tests/test_final_acceptance.py::test_prepare_hashes_copy_inputs_and_policy 
tests/test_final_acceptance.py::test_failed_check_stops_preparation_and_records_failure 
[gw15] [ 79%] PASSED tests/test_prepare_bounds.py::test_prepare_record_parser_and_expansion_caps[budget2-{"text":"long"}\n-decompressed] 
tests/test_prepare_bounds.py::test_prepare_aggregate_output_guard 
[gw14] [ 79%] PASSED tests/test_comparison.py::test_cli_compare_refuses_ineligible_tracks_before_any_winner 
tests/test_comparison.py::test_cli_promote_emits_a_valid_draft_on_pass 
[gw14] [ 79%] PASSED tests/test_comparison.py::test_cli_promote_emits_a_valid_draft_on_pass 
tests/test_comparison.py::test_cli_promote_refuses_without_passing_gates 
[gw15] [ 80%] PASSED tests/test_prepare_bounds.py::test_prepare_aggregate_output_guard 
tests/test_prepare_bounds.py::test_timed_out_child_and_descendant_are_stopped 
[gw8] [ 80%] PASSED tests/test_export.py::test_corrupted_and_incomplete_exports_are_rejected 
tests/test_export.py::test_unknown_format_and_serializer_are_refused_with_guidance 
[gw14] [ 80%] PASSED tests/test_comparison.py::test_cli_promote_refuses_without_passing_gates 
tests/test_eval_declared_inputs.py::test_a_changed_runtime_limit_changes_both_identities 
[gw0] [ 80%] PASSED tests/test_acquisition_bounds.py::test_redirect_retry_bodies_and_requests_are_charged[retry.jsonl-retry body] 
tests/test_acquisition_bounds.py::test_metadata_uses_the_same_body_and_request_budget 
[gw15] [ 80%] PASSED tests/test_prepare_bounds.py::test_timed_out_child_and_descendant_are_stopped 
tests/test_prepare_bounds.py::test_prepare_unknown_budget_fields_fail_explicitly 
[gw15] [ 80%] PASSED tests/test_prepare_bounds.py::test_prepare_unknown_budget_fields_fail_explicitly 
tests/test_prepare_bounds.py::test_declared_external_output_is_in_shared_disk_account 
[gw0] [ 80%] PASSED tests/test_acquisition_bounds.py::test_metadata_uses_the_same_body_and_request_budget 
tests/test_acquisition_bounds.py::test_selected_records_have_exact_original_locators[rows.jsonl-interval0-texts0] 
[gw15] [ 80%] PASSED tests/test_prepare_bounds.py::test_declared_external_output_is_in_shared_disk_account 
tests/test_queue.py::test_submit_deduplicates_identical_plans 
[gw8] [ 80%] PASSED tests/test_export.py::test_unknown_format_and_serializer_are_refused_with_guidance 
tests/test_export.py::test_missing_plugin_fails_usefully 
[gw1] [ 80%] PASSED tests/test_acquisition_bounds.py::test_public_probe_attempt_has_durable_body_request_and_deadline_account 
[gw12] [ 80%] PASSED tests/test_final_acceptance.py::test_failed_check_stops_preparation_and_records_failure 
tests/test_final_acceptance.py::test_prepare_duplicate_yaml_keys_are_rejected 
[gw12] [ 80%] PASSED tests/test_final_acceptance.py::test_prepare_duplicate_yaml_keys_are_rejected 
tests/test_final_acceptance.py::test_blocked_upstream_blocks_pending_downstream 
tests/test_acquisition_bounds.py::test_shared_storage_reservations_and_verified_reconciliation[temp] 
[gw12] [ 81%] PASSED tests/test_final_acceptance.py::test_blocked_upstream_blocks_pending_downstream 
tests/test_final_acceptance.py::test_request_budget_counts_attempts_across_restart 
[gw12] [ 81%] PASSED tests/test_final_acceptance.py::test_request_budget_counts_attempts_across_restart 
tests/test_final_acceptance.py::test_seed_pairs_follow_recorded_ids_not_argument_order 
[gw12] [ 81%] PASSED tests/test_final_acceptance.py::test_seed_pairs_follow_recorded_ids_not_argument_order 
tests/test_final_acceptance.py::test_remote_harness_task_is_refused_before_dataset_loading 
[gw12] [ 81%] PASSED tests/test_final_acceptance.py::test_remote_harness_task_is_refused_before_dataset_loading 
tests/test_operator.py::test_replay_revocation_mismatch_and_quota_are_refused 
[gw12] [ 81%] PASSED tests/test_operator.py::test_replay_revocation_mismatch_and_quota_are_refused 
tests/test_operator.py::test_expired_and_unreviewed_and_unbounded_suppliers_refused 
[gw12] [ 81%] PASSED tests/test_operator.py::test_expired_and_unreviewed_and_unbounded_suppliers_refused 
tests/test_operator.py::test_missing_credentials_refuse_execution 
[gw12] [ 81%] PASSED tests/test_operator.py::test_missing_credentials_refuse_execution 
tests/test_operator.py::test_receipt_alteration_and_unknown_ids_fail_verification 
[gw12] [ 81%] PASSED tests/test_operator.py::test_receipt_alteration_and_unknown_ids_fail_verification 
tests/test_operator.py::test_decontamination_receipts_carry_counts_not_content 
[gw12] [ 81%] PASSED tests/test_operator.py::test_decontamination_receipts_carry_counts_not_content 
tests/test_operator.py::test_sanitize_aggregates_rejects_non_scalars 
[gw12] [ 81%] PASSED tests/test_operator.py::test_sanitize_aggregates_rejects_non_scalars 
tests/test_operator.py::test_quota_bounds_adaptive_oracles 
[gw12] [ 81%] PASSED tests/test_operator.py::test_quota_bounds_adaptive_oracles 
tests/test_operator.py::test_release_audit_passes_a_complete_release 
[gw12] [ 81%] PASSED tests/test_operator.py::test_release_audit_passes_a_complete_release 
tests/test_operator.py::test_release_audit_blocks_unknown_rights_and_fails_gaps 
[gw12] [ 82%] PASSED tests/test_operator.py::test_release_audit_blocks_unknown_rights_and_fails_gaps 
tests/test_operator.py::test_final_split_artifacts_are_detected_in_caches 
[gw12] [ 82%] PASSED tests/test_operator.py::test_final_split_artifacts_are_detected_in_caches 
tests/test_operator.py::test_clean_cache_passes_and_purge_needs_confirmation 
[gw12] [ 82%] PASSED tests/test_operator.py::test_clean_cache_passes_and_purge_needs_confirmation 
tests/test_export.py::test_cache_support_is_labeled_not_assumed 
[gw1] [ 82%] PASSED tests/test_acquisition_bounds.py::test_shared_storage_reservations_and_verified_reconciliation[temp] 
tests/test_acquisition_bounds.py::test_shared_storage_reservations_and_verified_reconciliation[output] 
[gw1] [ 82%] PASSED tests/test_acquisition_bounds.py::test_shared_storage_reservations_and_verified_reconciliation[output] 
tests/test_acquisition_bounds.py::test_selected_parquet_refuses_parser_bound_without_original_fallback 
[gw0] [ 82%] PASSED tests/test_acquisition_bounds.py::test_selected_records_have_exact_original_locators[rows.jsonl-interval0-texts0] 
tests/test_acquisition_bounds.py::test_selected_records_have_exact_original_locators[rows.parquet-interval1-texts1] 
[gw1] [ 82%] PASSED tests/test_acquisition_bounds.py::test_selected_parquet_refuses_parser_bound_without_original_fallback 
[gw8] [ 82%] PASSED tests/test_export.py::test_missing_plugin_fails_usefully 
tests/test_export.py::test_plugin_family_round_trip_and_missing_plugin 
[gw8] [ 82%] PASSED tests/test_export.py::test_plugin_family_round_trip_and_missing_plugin 
tests/test_export.py::test_optimizer_state_excluded_by_default_with_opt_in 
tests/test_acquisition_bounds.py::test_source_validator_is_durable_across_selected_attempts 
[gw1] [ 82%] PASSED tests/test_acquisition_bounds.py::test_source_validator_is_durable_across_selected_attempts 
tests/test_acquisition_fetcher.py::test_fetcher_dropouts_and_range_resumption 
[gw3] [ 82%] PASSED tests/test_queue.py::test_crash_without_retries_fails_loudly 
tests/test_queue.py::test_cancel_stops_a_queued_job_and_a_running_job 
[gw6] [ 82%] PASSED tests/test_eval_declared_inputs.py::test_complete_declared_scope_publishes_a_labelled_index 
tests/test_eval_declared_inputs.py::test_complete_fixture_scope_is_never_research_evidence 
[gw6] [ 83%] PASSED tests/test_eval_declared_inputs.py::test_complete_fixture_scope_is_never_research_evidence 
tests/test_eval_declared_inputs.py::test_every_declared_item_is_accounted_for_by_identity 
[gw6] [ 83%] PASSED tests/test_eval_declared_inputs.py::test_every_declared_item_is_accounted_for_by_identity 
tests/test_eval_declared_inputs.py::test_declared_ids_survive_preprocessing 
[gw6] [ 83%] PASSED tests/test_eval_declared_inputs.py::test_declared_ids_survive_preprocessing 
tests/test_eval_declared_inputs.py::test_a_lost_declared_id_is_an_error_not_a_fallback 
[gw6] [ 83%] PASSED tests/test_eval_declared_inputs.py::test_a_lost_declared_id_is_an_error_not_a_fallback 
tests/test_eval_declared_inputs.py::test_all_four_tasks_under_a_limit_do_not_produce_an_index 
[gw12] [ 83%] PASSED tests/test_export.py::test_cache_support_is_labeled_not_assumed 
tests/test_export.py::test_generate_command_reads_export_bundles 
[gw1] [ 83%] PASSED tests/test_acquisition_fetcher.py::test_fetcher_dropouts_and_range_resumption 
tests/test_acquisition_fetcher.py::test_fetcher_ignored_range_handling 
[gw0] [ 83%] PASSED tests/test_acquisition_bounds.py::test_selected_records_have_exact_original_locators[rows.parquet-interval1-texts1] 
tests/test_acquisition_bounds.py::test_ignored_parquet_range_has_no_whole_shard_fallback 
[gw0] [ 83%] PASSED tests/test_acquisition_bounds.py::test_ignored_parquet_range_has_no_whole_shard_fallback 
tests/test_acquisition_bounds.py::test_compressed_corpus_expansion_is_refused 
[gw8] [ 83%] PASSED tests/test_export.py::test_optimizer_state_excluded_by_default_with_opt_in 
tests/test_export.py::test_training_only_heads_are_excluded_with_accounting 
[gw1] [ 83%] PASSED tests/test_acquisition_fetcher.py::test_fetcher_ignored_range_handling 
tests/test_acquisition_fetcher.py::test_fetcher_source_drift_412_blocks 
[gw0] [ 83%] PASSED tests/test_acquisition_bounds.py::test_compressed_corpus_expansion_is_refused 
tests/test_acquisition_bounds.py::test_deadline_and_plan_identity_cannot_be_reset 
[gw1] [ 83%] PASSED tests/test_acquisition_fetcher.py::test_fetcher_source_drift_412_blocks 
tests/test_acquisition_fetcher.py::test_fetcher_rate_limit_429_backoff 
[gw8] [ 84%] PASSED tests/test_export.py::test_training_only_heads_are_excluded_with_accounting 
tests/test_export.py::test_secrets_and_raw_data_never_enter_the_bundle 
[gw0] [ 84%] PASSED tests/test_acquisition_bounds.py::test_deadline_and_plan_identity_cannot_be_reset 
tests/test_acquisition_bounds.py::test_public_plan_fetch_status_verify_prepare 
[gw1] [ 84%] PASSED tests/test_acquisition_fetcher.py::test_fetcher_rate_limit_429_backoff 
tests/test_acquisition_fetcher.py::test_fetcher_inconsistent_content_range_fails 
[gw12] [ 84%] PASSED tests/test_export.py::test_generate_command_reads_export_bundles 
tests/test_export.py::test_general_inference_loader_cannot_bypass_export_integrity 
[gw8] [ 84%] PASSED tests/test_export.py::test_secrets_and_raw_data_never_enter_the_bundle 
tests/test_export.py::test_dtype_device_load_rules 
[gw1] [ 84%] PASSED tests/test_acquisition_fetcher.py::test_fetcher_inconsistent_content_range_fails 
tests/test_acquisition_fetcher.py::test_fetcher_oversized_payload_halts_budget 
[gw1] [ 84%] PASSED tests/test_acquisition_fetcher.py::test_fetcher_oversized_payload_halts_budget 
tests/test_cli_inventory.py::test_every_registered_command_help[xlm config diff] 
[gw12] [ 84%] PASSED tests/test_export.py::test_general_inference_loader_cannot_bypass_export_integrity 
tests/test_export_aliases.py::test_a_tied_tensor_is_serialized_exactly_once 
[gw6] [ 84%] PASSED tests/test_eval_declared_inputs.py::test_all_four_tasks_under_a_limit_do_not_produce_an_index 
tests/test_eval_declared_inputs.py::test_a_narrower_declared_scope_is_complete_only_within_itself 
[gw12] [ 84%] PASSED tests/test_export_aliases.py::test_a_tied_tensor_is_serialized_exactly_once 
tests/test_export_aliases.py::test_equal_valued_independent_parameters_stay_independent 
[gw12] [ 84%] PASSED tests/test_export_aliases.py::test_equal_valued_independent_parameters_stay_independent 
tests/test_export_aliases.py::test_canonical_name_and_alias_map_are_deterministic 
[gw1] [ 85%] PASSED tests/test_cli_inventory.py::test_every_registered_command_help[xlm config diff] 
tests/test_cli_inventory.py::test_every_registered_command_help[xlm config resolve] 
[gw12] [ 85%] PASSED tests/test_export_aliases.py::test_canonical_name_and_alias_map_are_deterministic 
tests/test_export_aliases.py::test_fresh_process_reload_restores_parameter_identity_and_parity 
[gw8] [ 85%] PASSED tests/test_export.py::test_dtype_device_load_rules 
tests/test_export.py::test_session_is_deterministic_and_resets_between_prompts 
[gw1] [ 85%] PASSED tests/test_cli_inventory.py::test_every_registered_command_help[xlm config resolve] 
tests/test_cli_inventory.py::test_every_registered_command_help[xlm config schema] 
[gw1] [ 85%] PASSED tests/test_cli_inventory.py::test_every_registered_command_help[xlm config schema] 
tests/test_cli_inventory.py::test_every_registered_command_help[xlm config validate] 
[gw1] [ 85%] PASSED tests/test_cli_inventory.py::test_every_registered_command_help[xlm config validate] 
tests/test_cli_inventory.py::test_every_registered_command_help[xlm dashboard] 
[gw1] [ 85%] PASSED tests/test_cli_inventory.py::test_every_registered_command_help[xlm dashboard] 
tests/test_cli_inventory.py::test_every_registered_command_help[xlm data] 
[gw1] [ 85%] PASSED tests/test_cli_inventory.py::test_every_registered_command_help[xlm data] 
tests/test_cli_inventory.py::test_every_registered_command_help[xlm data admit] 
[gw1] [ 85%] PASSED tests/test_cli_inventory.py::test_every_registered_command_help[xlm data admit] 
tests/test_cli_inventory.py::test_every_registered_command_help[xlm data audit] 
[gw1] [ 85%] PASSED tests/test_cli_inventory.py::test_every_registered_command_help[xlm data audit] 
tests/test_cli_inventory.py::test_every_registered_command_help[xlm data clean] 
[gw1] [ 85%] PASSED tests/test_cli_inventory.py::test_every_registered_command_help[xlm data clean] 
tests/test_contracts.py::test_model_capabilities_and_run_plan 
[gw1] [ 85%] PASSED tests/test_contracts.py::test_model_capabilities_and_run_plan 
tests/test_contracts.py::test_evaluation_receipt_and_comparison_contract 
[gw1] [ 86%] PASSED tests/test_contracts.py::test_evaluation_receipt_and_comparison_contract 
tests/test_cuda_execution.py::test_profile_required_backend_is_never_defaulted 
[gw1] [ 86%] PASSED tests/test_cuda_execution.py::test_profile_required_backend_is_never_defaulted 
tests/test_cuda_execution.py::test_backend_resolution_reports_the_slower_cpu_path 
[gw1] [ 86%] PASSED tests/test_cuda_execution.py::test_backend_resolution_reports_the_slower_cpu_path 
tests/test_cuda_execution.py::test_sdpa_kernel_probe_is_honest_on_cpu 
[gw1] [ 86%] PASSED tests/test_cuda_execution.py::test_sdpa_kernel_probe_is_honest_on_cpu 
tests/test_cuda_execution.py::test_precision_modes_are_validated_loudly 
[gw1] [ 86%] PASSED tests/test_cuda_execution.py::test_precision_modes_are_validated_loudly 
tests/test_cuda_execution.py::test_trainer_rejects_unsupported_execution_modes 
[gw8] [ 86%] PASSED tests/test_export.py::test_session_is_deterministic_and_resets_between_prompts 
tests/test_export.py::test_stop_strings_and_max_context_behave_explicitly 
[gw1] [ 86%] PASSED tests/test_cuda_execution.py::test_trainer_rejects_unsupported_execution_modes 
tests/test_cuda_execution.py::test_maybe_compile_disabled_returns_the_model_untouched 
[gw1] [ 86%] PASSED tests/test_cuda_execution.py::test_maybe_compile_disabled_returns_the_model_untouched 
tests/test_cuda_execution.py::test_activation_checkpointing_parity_on_cpu 
[gw1] [ 86%] PASSED tests/test_cuda_execution.py::test_activation_checkpointing_parity_on_cpu 
tests/test_frozen_execution.py::test_snapshot_reuse_conflicts_and_paths 
[gw8] [ 86%] PASSED tests/test_export.py::test_stop_strings_and_max_context_behave_explicitly 
tests/test_export.py::test_no_chat_template_is_attached 
[gw8] [ 86%] PASSED tests/test_export.py::test_no_chat_template_is_attached 
tests/test_export.py::test_hf_mapping_is_complete_and_shape_exact 
[gw8] [ 86%] PASSED tests/test_export.py::test_hf_mapping_is_complete_and_shape_exact 
tests/test_export.py::test_hf_mapping_refuses_non_baseline_and_partial_keys 
[gw8] [ 87%] PASSED tests/test_export.py::test_hf_mapping_refuses_non_baseline_and_partial_keys 
tests/test_prepare_bounds.py::test_child_output_accounting_covers_write_orders[import os; os.write(1,b'A'*8192); os.write(2,b'B'*8192)] 
[gw12] [ 87%] PASSED tests/test_export_aliases.py::test_fresh_process_reload_restores_parameter_identity_and_parity 
tests/test_export_aliases.py::test_gradients_accumulate_into_the_single_tied_parameter 
[gw12] [ 87%] PASSED tests/test_export_aliases.py::test_gradients_accumulate_into_the_single_tied_parameter 
tests/test_export_aliases.py::test_corrupted_payload_is_rejected_before_deserialization 
[gw12] [ 87%] PASSED tests/test_export_aliases.py::test_corrupted_payload_is_rejected_before_deserialization 
tests/test_export_aliases.py::test_invalid_alias_metadata_is_rejected[mutate0-carries no stored payload] 
[gw12] [ 87%] PASSED tests/test_export_aliases.py::test_invalid_alias_metadata_is_rejected[mutate0-carries no stored payload] 
tests/test_recipes.py::test_experiment_drafts_validate_but_are_not_executable 
[gw12] [ 87%] PASSED tests/test_recipes.py::test_experiment_drafts_validate_but_are_not_executable 
tests/test_recipes.py::test_comparison_recipes_validate_and_check_tracks 
[gw12] [ 87%] PASSED tests/test_recipes.py::test_comparison_recipes_validate_and_check_tracks 
tests/test_recipes.py::test_comparison_recipe_rejects_unknown_tracks 
[gw12] [ 87%] PASSED tests/test_recipes.py::test_comparison_recipe_rejects_unknown_tracks 
tests/test_recipes.py::test_campaign_drafts_expand 
[gw12] [ 87%] PASSED tests/test_recipes.py::test_campaign_drafts_expand 
tests/test_recipes.py::test_readme_example_commands_are_implemented 
[gw15] [ 87%] PASSED tests/test_queue.py::test_submit_deduplicates_identical_plans 
tests/test_queue.py::test_submit_refuses_blocked_plans_and_missing_snapshots 
[gw8] [ 87%] PASSED tests/test_prepare_bounds.py::test_child_output_accounting_covers_write_orders[import os; os.write(1,b'A'*8192); os.write(2,b'B'*8192)] 
tests/test_prepare_bounds.py::test_child_output_accounting_covers_write_orders[import os; os.write(2,b'B'*8192); os.write(1,b'A'*8192)] 
[gw7] [ 87%] PASSED tests/test_harness_adapter.py::test_harness_fixture_task_matches_native_acc_and_acc_norm 
tests/test_harness_adapter.py::test_no_op_model_scores_match_native_exactly 
[gw8] [ 88%] PASSED tests/test_prepare_bounds.py::test_child_output_accounting_covers_write_orders[import os; os.write(2,b'B'*8192); os.write(1,b'A'*8192)] 
tests/test_prepare_bounds.py::test_child_output_accounting_covers_write_orders[import os; [(os.write(1,b'A'*512), os.write(2,b'B'*512)) for _ in range(16)]] 
[gw8] [ 88%] PASSED tests/test_prepare_bounds.py::test_child_output_accounting_covers_write_orders[import os; [(os.write(1,b'A'*512), os.write(2,b'B'*512)) for _ in range(16)]] 
tests/test_prepare_bounds.py::test_child_output_accounting_covers_write_orders[import os; os.write(1,b'A'*8192)] 
[gw12] [ 88%] PASSED tests/test_recipes.py::test_readme_example_commands_are_implemented 
tests/test_recipes.py::test_prepare_configs_validate 
[gw12] [ 88%] PASSED tests/test_recipes.py::test_prepare_configs_validate 
tests/test_recipes.py::test_mix01_views_registry_still_validates 
[gw12] [ 88%] PASSED tests/test_recipes.py::test_mix01_views_registry_still_validates 
tests/test_registry.py::test_registry_registration_and_lookup 
[gw12] [ 88%] PASSED tests/test_registry.py::test_registry_registration_and_lookup 
tests/test_comparison.py::test_run_facts_assemble_from_evidence_and_plan 
[gw12] [ 88%] PASSED tests/test_comparison.py::test_run_facts_assemble_from_evidence_and_plan 
tests/test_comparison.py::test_identical_predictions_give_zero_paired_difference 
[gw12] [ 88%] PASSED tests/test_comparison.py::test_identical_predictions_give_zero_paired_difference 
tests/test_comparison.py::test_known_winner_and_swapped_arms_behave_correctly 
[gw12] [ 88%] PASSED tests/test_comparison.py::test_known_winner_and_swapped_arms_behave_correctly 
tests/test_comparison.py::test_bootstrap_is_deterministic_for_a_fixed_seed 
[gw12] [ 88%] PASSED tests/test_comparison.py::test_bootstrap_is_deterministic_for_a_fixed_seed 
tests/test_comparison.py::test_cluster_resampling_counts_clusters_not_items 
[gw12] [ 88%] PASSED tests/test_comparison.py::test_cluster_resampling_counts_clusters_not_items 
tests/test_comparison.py::test_mismatched_ids_and_missing_predictions_invalidate 
[gw12] [ 88%] PASSED tests/test_comparison.py::test_mismatched_ids_and_missing_predictions_invalidate 
tests/test_comparison.py::test_seed_spread_separates_seed_from_item_uncertainty 
[gw12] [ 89%] PASSED tests/test_comparison.py::test_seed_spread_separates_seed_from_item_uncertainty 
tests/test_comparison.py::test_suite_bootstrap_computes_index_intervals 
[gw12] [ 89%] PASSED tests/test_comparison.py::test_suite_bootstrap_computes_index_intervals 
tests/test_operator.py::test_sealed_root_inside_an_agent_mount_is_not_ready 
[gw12] [ 89%] PASSED tests/test_operator.py::test_sealed_root_inside_an_agent_mount_is_not_ready 
tests/test_operator.py::test_yaml_flag_without_attestation_is_not_ready 
[gw12] [ 89%] PASSED tests/test_operator.py::test_yaml_flag_without_attestation_is_not_ready 
tests/test_operator.py::test_bare_sealed_flag_attestation_is_refused 
[gw12] [ 89%] PASSED tests/test_operator.py::test_bare_sealed_flag_attestation_is_refused 
tests/test_operator.py::test_attested_nonwritable_root_reports_ready 
[gw12] [ 89%] PASSED tests/test_operator.py::test_attested_nonwritable_root_reports_ready 
tests/test_operator.py::test_unbounded_or_empty_requests_are_refused 
[gw12] [ 89%] PASSED tests/test_operator.py::test_unbounded_or_empty_requests_are_refused 
tests/test_operator.py::test_execute_happy_path_returns_aggregates_only 
[gw12] [ 89%] PASSED tests/test_operator.py::test_execute_happy_path_returns_aggregates_only 
tests/test_eval_declared_inputs.py::test_cli_verify_inputs_only_reports_a_bad_manifest 
[gw6] [ 89%] PASSED tests/test_eval_declared_inputs.py::test_a_narrower_declared_scope_is_complete_only_within_itself 
tests/test_eval_declared_inputs.py::test_a_missing_item_in_the_artifact_is_refused_before_execution 
[gw6] [ 89%] PASSED tests/test_eval_declared_inputs.py::test_a_missing_item_in_the_artifact_is_refused_before_execution 
tests/test_eval_declared_inputs.py::test_results_are_stable_under_input_ordering 
[gw8] [ 89%] PASSED tests/test_prepare_bounds.py::test_child_output_accounting_covers_write_orders[import os; os.write(1,b'A'*8192)] 
tests/test_prepare_bounds.py::test_child_output_categorizes_every_returned_byte_under_tiny_allowance 
[gw1] [ 90%] PASSED tests/test_frozen_execution.py::test_snapshot_reuse_conflicts_and_paths 
tests/test_frozen_execution.py::test_real_frozen_worker_trains_and_publishes 
[gw12] [ 90%] PASSED tests/test_eval_declared_inputs.py::test_cli_verify_inputs_only_reports_a_bad_manifest 
tests/test_eval_declared_inputs.py::test_cli_declared_run_publishes_a_labelled_index 
[gw8] [ 90%] PASSED tests/test_prepare_bounds.py::test_child_output_categorizes_every_returned_byte_under_tiny_allowance 
tests/test_prepare_bounds.py::test_child_output_tiny_allowance_over_real_pipes 
[gw8] [ 90%] PASSED tests/test_prepare_bounds.py::test_child_output_tiny_allowance_over_real_pipes 
tests/test_prepare_bounds.py::test_stale_rerun_keeps_cumulative_account_without_reuse 
[gw10] [ 90%] PASSED tests/test_configurable_training.py::test_public_cli_executes_registered_objective 
tests/test_configurable_training.py::test_capped_visits_preserve_every_target_and_real_document[causal_stream-1] 
[gw10] [ 90%] PASSED tests/test_configurable_training.py::test_capped_visits_preserve_every_target_and_real_document[causal_stream-1] 
tests/test_configurable_training.py::test_capped_visits_preserve_every_target_and_real_document[causal_stream-4] 
[gw10] [ 90%] PASSED tests/test_configurable_training.py::test_capped_visits_preserve_every_target_and_real_document[causal_stream-4] 
tests/test_configurable_training.py::test_capped_visits_preserve_every_target_and_real_document[causal_stream-17] 
[gw10] [ 90%] PASSED tests/test_configurable_training.py::test_capped_visits_preserve_every_target_and_real_document[causal_stream-17] 
tests/test_configurable_training.py::test_capped_visits_preserve_every_target_and_real_document[isolated_document-1] 
[gw10] [ 90%] PASSED tests/test_configurable_training.py::test_capped_visits_preserve_every_target_and_real_document[isolated_document-1] 
tests/test_configurable_training.py::test_capped_visits_preserve_every_target_and_real_document[isolated_document-4] 
[gw10] [ 90%] PASSED tests/test_configurable_training.py::test_capped_visits_preserve_every_target_and_real_document[isolated_document-4] 
tests/test_configurable_training.py::test_capped_visits_preserve_every_target_and_real_document[isolated_document-17] 
[gw10] [ 90%] PASSED tests/test_configurable_training.py::test_capped_visits_preserve_every_target_and_real_document[isolated_document-17] 
tests/test_cli_inventory.py::test_every_registered_command_help[xlm artifact verify] 
[gw10] [ 90%] PASSED tests/test_cli_inventory.py::test_every_registered_command_help[xlm artifact verify] 
tests/test_cli_inventory.py::test_every_registered_command_help[xlm campaign] 
[gw10] [ 91%] PASSED tests/test_cli_inventory.py::test_every_registered_command_help[xlm campaign] 
tests/test_cli_inventory.py::test_every_registered_command_help[xlm campaign plan] 
[gw10] [ 91%] PASSED tests/test_cli_inventory.py::test_every_registered_command_help[xlm campaign plan] 
tests/test_cli_inventory.py::test_every_registered_command_help[xlm compare] 
[gw10] [ 91%] PASSED tests/test_cli_inventory.py::test_every_registered_command_help[xlm compare] 
tests/test_cli_inventory.py::test_every_registered_command_help[xlm config] 
[gw10] [ 91%] PASSED tests/test_cli_inventory.py::test_every_registered_command_help[xlm config] 
tests/test_queue.py::test_cpu_environment_refuses_cuda_job_without_execution 
[gw8] [ 91%] PASSED tests/test_prepare_bounds.py::test_stale_rerun_keeps_cumulative_account_without_reuse 
tests/test_prepare_bounds.py::test_check_only_stage_consumes_aggregate_allowance 
[gw14] [ 91%] PASSED tests/test_eval_declared_inputs.py::test_a_changed_runtime_limit_changes_both_identities 
tests/test_eval_declared_inputs.py::test_a_changed_checkpoint_changes_the_raw_identity 
[gw0] [ 91%] PASSED tests/test_acquisition_bounds.py::test_public_plan_fetch_status_verify_prepare 
tests/test_acquisition_bounds.py::test_nested_acquisition_consumes_parent_preparation_budget 
[gw8] [ 91%] PASSED tests/test_prepare_bounds.py::test_check_only_stage_consumes_aggregate_allowance 
tests/test_prepare_bounds.py::test_changed_prepare_budget_does_not_replenish_account 
[gw8] [ 91%] PASSED tests/test_prepare_bounds.py::test_changed_prepare_budget_does_not_replenish_account 
tests/test_queue.py::test_cli_submit_blocks_unauthorized_large_runs 
[gw8] [ 91%] PASSED tests/test_queue.py::test_cli_submit_blocks_unauthorized_large_runs 
tests/test_queue.py::test_cli_queue_status_and_cancel 
[gw8] [ 91%] PASSED tests/test_queue.py::test_cli_queue_status_and_cancel 
tests/test_recipes.py::test_every_recipe_file_parses_without_duplicate_keys 
[gw8] [ 91%] PASSED tests/test_recipes.py::test_every_recipe_file_parses_without_duplicate_keys 
tests/test_recipes.py::test_model_and_mixture_presets_validate 
[gw8] [ 92%] PASSED tests/test_recipes.py::test_model_and_mixture_presets_validate 
tests/test_comparison.py::test_unknown_fields_fail_closed 
[gw8] [ 92%] PASSED tests/test_comparison.py::test_unknown_fields_fail_closed 
tests/test_comparison.py::test_mismatched_horizons_are_ineligible 
[gw8] [ 92%] PASSED tests/test_comparison.py::test_mismatched_horizons_are_ineligible 
tests/test_comparison.py::test_unconstrained_track_labels_differences_without_a_causal_badge 
[gw8] [ 92%] PASSED tests/test_comparison.py::test_unconstrained_track_labels_differences_without_a_causal_badge 
tests/test_comparison.py::test_unknown_track_is_refused 
[gw8] [ 92%] PASSED tests/test_comparison.py::test_unknown_track_is_refused 
tests/test_contracts.py::test_token_shard_manifest_validation 
[gw8] [ 92%] PASSED tests/test_contracts.py::test_token_shard_manifest_validation 
tests/test_contracts.py::test_inference_input_and_training_batch 
[gw8] [ 92%] PASSED tests/test_contracts.py::test_inference_input_and_training_batch 
tests/test_contracts.py::test_lm_output_and_loss_result 
[gw8] [ 92%] PASSED tests/test_contracts.py::test_lm_output_and_loss_result 
tests/test_contracts.py::test_run_status_state_machine 
[gw8] [ 92%] PASSED tests/test_contracts.py::test_run_status_state_machine 
tests/test_frozen_execution.py::test_changed_tokenizer_and_real_shard_are_rejected 
[gw0] [ 92%] PASSED tests/test_acquisition_bounds.py::test_nested_acquisition_consumes_parent_preparation_budget 
tests/test_acquisition_bounds.py::test_selected_private_attempt_resumes_in_new_process 
[gw6] [ 92%] PASSED tests/test_eval_declared_inputs.py::test_results_are_stable_under_input_ordering 
tests/test_eval_declared_inputs.py::test_identical_request_reuses_the_cached_aggregate 
[gw7] [ 92%] PASSED tests/test_harness_adapter.py::test_no_op_model_scores_match_native_exactly 
tests/test_harness_adapter.py::test_bounded_run_records_the_limit_and_withholds_the_index 
[gw10] [ 93%] PASSED tests/test_queue.py::test_cpu_environment_refuses_cuda_job_without_execution 
tests/test_queue.py::test_toy_campaign_runs_sequentially_to_success 
[gw0] [ 93%] PASSED tests/test_acquisition_bounds.py::test_selected_private_attempt_resumes_in_new_process 
tests/test_acquisition_bounds.py::test_blank_gzip_expansion_is_bounded 
[gw0] [ 93%] PASSED tests/test_acquisition_bounds.py::test_blank_gzip_expansion_is_bounded 
tests/test_acquisition_bounds.py::test_production_admission_reference_is_not_evidence 
[gw0] [ 93%] PASSED tests/test_acquisition_bounds.py::test_production_admission_reference_is_not_evidence 
tests/test_prepare.py::test_cli_plan_only_lists_stages 
[gw0] [ 93%] PASSED tests/test_prepare.py::test_cli_plan_only_lists_stages 
tests/test_prepare.py::test_cli_prepare_refuses_without_authorize 
[gw0] [ 93%] PASSED tests/test_prepare.py::test_cli_prepare_refuses_without_authorize 
tests/test_prepare.py::test_cli_maintenance_dry_run_lists_scratch 
[gw0] [ 93%] PASSED tests/test_prepare.py::test_cli_maintenance_dry_run_lists_scratch 
tests/test_prepare_bounds.py::test_child_stdout_and_stderr_are_bounded_and_accounted 
[gw0] [ 93%] PASSED tests/test_prepare_bounds.py::test_child_stdout_and_stderr_are_bounded_and_accounted 
tests/test_frozen_execution.py::test_snapshot_damage_rejects_before_worker[extra] 
[gw15] [ 93%] PASSED tests/test_queue.py::test_submit_refuses_blocked_plans_and_missing_snapshots 
tests/test_queue.py::test_submit_refuses_legacy_unfrozen_plan 
[gw15] [ 93%] PASSED tests/test_queue.py::test_submit_refuses_legacy_unfrozen_plan 
tests/test_queue.py::test_submit_allows_explicit_duplicates 
[gw14] [ 93%] PASSED tests/test_eval_declared_inputs.py::test_a_changed_checkpoint_changes_the_raw_identity 
tests/test_eval_declared_inputs.py::test_legacy_evidence_without_coverage_stays_unverified 
[gw0] [ 93%] PASSED tests/test_frozen_execution.py::test_snapshot_damage_rejects_before_worker[extra] 
tests/test_frozen_recovery.py::test_real_crash_preserves_committed_boundary_on_retry 
[gw8] [ 94%] PASSED tests/test_frozen_execution.py::test_changed_tokenizer_and_real_shard_are_rejected 
tests/test_frozen_execution.py::test_real_worker_output_bound_and_terminal_failure 
[gw6] [ 94%] PASSED tests/test_eval_declared_inputs.py::test_identical_request_reuses_the_cached_aggregate 
tests/test_eval_declared_inputs.py::test_a_relabelling_keeps_the_raw_identity_but_invalidates_the_aggregate 
[gw14] [ 94%] PASSED tests/test_eval_declared_inputs.py::test_legacy_evidence_without_coverage_stays_unverified 
tests/test_eval_declared_inputs.py::test_the_undeclared_fixture_route_withholds_the_index 
[gw3] [ 94%] PASSED tests/test_queue.py::test_cancel_stops_a_queued_job_and_a_running_job 
tests/test_queue.py::test_prep_pool_is_bounded_and_ordered 
[gw3] [ 94%] PASSED tests/test_queue.py::test_prep_pool_is_bounded_and_ordered 
tests/test_queue.py::test_status_lists_jobs_with_attempts 
[gw15] [ 94%] PASSED tests/test_queue.py::test_submit_allows_explicit_duplicates 
tests/test_queue.py::test_only_one_gpu_lease_can_be_held 
[gw15] [ 94%] PASSED tests/test_queue.py::test_only_one_gpu_lease_can_be_held 
tests/test_queue.py::test_stale_lease_is_reclaimable_and_recorded 
[gw15] [ 94%] PASSED tests/test_queue.py::test_stale_lease_is_reclaimable_and_recorded 
tests/test_harness_adapter.py::test_harness_backend_registration_uses_the_public_registry 
[gw15] [ 94%] PASSED tests/test_harness_adapter.py::test_harness_backend_registration_uses_the_public_registry 
tests/test_harness_adapter.py::test_task_manager_discovers_the_authored_fixture 
[gw1] [ 94%] PASSED tests/test_frozen_execution.py::test_real_frozen_worker_trains_and_publishes 
tests/test_frozen_execution.py::test_intact_a_executes_after_live_b_and_import_override 
[gw7] [ 94%] PASSED tests/test_harness_adapter.py::test_bounded_run_records_the_limit_and_withholds_the_index 
tests/test_harness_adapter.py::test_evidence_cache_reuses_and_recomputes_on_identity_change 
[gw15] [ 95%] PASSED tests/test_harness_adapter.py::test_task_manager_discovers_the_authored_fixture 
tests/test_harness_adapter.py::test_supported_harness_version_is_the_installed_one 
[gw15] [ 95%] PASSED tests/test_harness_adapter.py::test_supported_harness_version_is_the_installed_one 
tests/test_offline_workflow.py::test_large_campaigns_prepare_without_launching 
[gw15] [ 95%] PASSED tests/test_offline_workflow.py::test_large_campaigns_prepare_without_launching 
tests/test_operator.py::test_missing_sealed_root_is_not_ready 
[gw15] [ 95%] PASSED tests/test_operator.py::test_missing_sealed_root_is_not_ready 
tests/test_operator.py::test_writable_same_user_directory_is_not_ready 
[gw15] [ 95%] PASSED tests/test_operator.py::test_writable_same_user_directory_is_not_ready 
tests/test_cli_inventory.py::test_every_registered_command_help[xlm artifact inspect] 
[gw3] [ 95%] PASSED tests/test_queue.py::test_status_lists_jobs_with_attempts 
tests/test_queue.py::test_cli_experiment_plan_reports_blockers 
[gw15] [ 95%] PASSED tests/test_cli_inventory.py::test_every_registered_command_help[xlm artifact inspect] 
tests/test_cli_inventory.py::test_every_registered_command_help[xlm artifact rebuild-ledger] 
[gw15] [ 95%] PASSED tests/test_cli_inventory.py::test_every_registered_command_help[xlm artifact rebuild-ledger] 
tests/test_comparison.py::test_byte_matched_tokenizer_track_can_pass 
[gw15] [ 95%] PASSED tests/test_comparison.py::test_byte_matched_tokenizer_track_can_pass 
tests/test_comparison.py::test_tokenizer_track_without_matched_evidence_is_ineligible 
[gw15] [ 95%] PASSED tests/test_comparison.py::test_tokenizer_track_without_matched_evidence_is_ineligible 
tests/test_continuation_p05.py::test_cpu_fresh_process_continuation_parity 
[gw3] [ 95%] PASSED tests/test_queue.py::test_cli_experiment_plan_reports_blockers 
tests/test_queue.py::test_cli_campaign_plan_shows_six_mixtures_without_running 
[gw3] [ 95%] PASSED tests/test_queue.py::test_cli_campaign_plan_shows_six_mixtures_without_running 
tests/test_frozen_execution.py::test_actual_environment_mismatch_fails_in_real_worker 
[gw6] [ 96%] PASSED tests/test_eval_declared_inputs.py::test_a_relabelling_keeps_the_raw_identity_but_invalidates_the_aggregate 
tests/test_eval_declared_inputs.py::test_a_changed_prompt_changes_the_raw_identity 
[gw2] [ 96%] PASSED tests/test_cli_eval_gen.py::test_cli_evaluate_and_generate_subprocess 
tests/test_cli_inventory.py::test_every_registered_command_help[xlm ] 
[gw2] [ 96%] PASSED tests/test_cli_inventory.py::test_every_registered_command_help[xlm ] 
tests/test_cli_inventory.py::test_every_registered_command_help[xlm artifact] 
[gw2] [ 96%] PASSED tests/test_cli_inventory.py::test_every_registered_command_help[xlm artifact] 
tests/test_queue.py::test_failed_jobs_keep_evidence_and_stay_terminal 
[gw14] [ 96%] PASSED tests/test_eval_declared_inputs.py::test_the_undeclared_fixture_route_withholds_the_index 
tests/test_eval_declared_inputs.py::test_pinned_remote_revisions_remain_blocked_on_the_undeclared_route 
[gw14] [ 96%] PASSED tests/test_eval_declared_inputs.py::test_pinned_remote_revisions_remain_blocked_on_the_undeclared_route 
tests/test_eval_declared_inputs.py::test_cli_verify_inputs_only_needs_no_checkpoint 
[gw13] [ 96%] PASSED tests/test_prepare.py::test_full_toy_run_reuses_on_repeat 
tests/test_prepare.py::test_partial_outputs_resume_without_redo 
[gw9] [ 96%] PASSED tests/test_final_acceptance.py::test_cli_resume_reconstructs_real_settings_and_exact_nonmultiple_budget 
tests/test_frozen_execution.py::test_independent_persisted_bindings_refuse_before_worker 
[gw12] [ 96%] PASSED tests/test_eval_declared_inputs.py::test_cli_declared_run_publishes_a_labelled_index 
tests/test_eval_declared_inputs.py::test_cli_declared_run_under_a_limit_withholds_the_index 
[gw14] [ 96%] PASSED tests/test_eval_declared_inputs.py::test_cli_verify_inputs_only_needs_no_checkpoint 
tests/test_eval_declared_inputs.py::test_cli_refuses_to_mix_declared_inputs_with_task_overrides 
[gw15] [ 96%] PASSED tests/test_continuation_p05.py::test_cpu_fresh_process_continuation_parity 
tests/test_contracts.py::test_canonical_document_validation 
[gw15] [ 96%] PASSED tests/test_contracts.py::test_canonical_document_validation 
tests/test_frozen_execution.py::test_snapshot_damage_rejects_before_worker[missing] 
[gw6] [ 97%] PASSED tests/test_eval_declared_inputs.py::test_a_changed_prompt_changes_the_raw_identity 
tests/test_prepare.py::test_local_copy_enforces_its_byte_cap 
[gw4] [ 97%] PASSED tests/test_cli_train_demo.py::test_cli_train_and_resume_subprocess 
tests/test_comparison.py::test_identical_runs_are_eligible_on_every_causal_track 
[gw4] [ 97%] PASSED tests/test_comparison.py::test_identical_runs_are_eligible_on_every_causal_track 
tests/test_continuation.py::test_tiny_model_optimizer_schedule_continuation_parity 
[gw4] [ 97%] PASSED tests/test_continuation.py::test_tiny_model_optimizer_schedule_continuation_parity 
tests/test_frozen_execution.py::test_unresolved_checkpoint_is_inspectable_but_not_frozen_resume 
[gw6] [ 97%] PASSED tests/test_prepare.py::test_local_copy_enforces_its_byte_cap 
tests/test_prepare.py::test_find_repo_root_and_config_errors 
[gw6] [ 97%] PASSED tests/test_prepare.py::test_find_repo_root_and_config_errors 
[gw8] [ 97%] PASSED tests/test_frozen_execution.py::test_real_worker_output_bound_and_terminal_failure 
tests/test_frozen_execution.py::test_worker_rejects_cli_override_outside_frozen_envelope 
[gw4] [ 97%] PASSED tests/test_frozen_execution.py::test_unresolved_checkpoint_is_inspectable_but_not_frozen_resume 
tests/test_offline_workflow.py::test_each_dimension_uses_its_intended_interface 
[gw4] [ 97%] PASSED tests/test_offline_workflow.py::test_each_dimension_uses_its_intended_interface 
[gw1] [ 97%] PASSED tests/test_frozen_execution.py::test_intact_a_executes_after_live_b_and_import_override 
tests/test_frozen_execution.py::test_snapshot_damage_rejects_before_worker[tamper] 
[gw15] [ 97%] PASSED tests/test_frozen_execution.py::test_snapshot_damage_rejects_before_worker[missing] 
tests/test_comparison.py::test_changed_tokenizer_fails_the_architecture_track 
[gw15] [ 97%] PASSED tests/test_comparison.py::test_changed_tokenizer_fails_the_architecture_track 
[gw9] [ 98%] PASSED tests/test_frozen_execution.py::test_independent_persisted_bindings_refuse_before_worker 
tests/test_frozen_execution.py::test_authority_and_recomputed_envelope_fields_are_checked 
[gw3] [ 98%] PASSED tests/test_frozen_execution.py::test_actual_environment_mismatch_fails_in_real_worker 
tests/test_frozen_execution.py::test_public_queue_and_diagnostic_receipt_keep_separate_provenance 
[gw2] [ 98%] PASSED tests/test_queue.py::test_failed_jobs_keep_evidence_and_stay_terminal 
tests/test_queue.py::test_crash_recovery_requeues_once_when_retries_remain 
[gw1] [ 98%] PASSED tests/test_frozen_execution.py::test_snapshot_damage_rejects_before_worker[tamper] 
[gw14] [ 98%] PASSED tests/test_eval_declared_inputs.py::test_cli_refuses_to_mix_declared_inputs_with_task_overrides 
tests/test_eval_declared_inputs.py::test_cli_requires_a_checkpoint_to_evaluate 
[gw14] [ 98%] PASSED tests/test_eval_declared_inputs.py::test_cli_requires_a_checkpoint_to_evaluate 
[gw0] [ 98%] PASSED tests/test_frozen_recovery.py::test_real_crash_preserves_committed_boundary_on_retry 
tests/test_generation.py::test_greedy_generation_determinism 
[gw0] [ 98%] PASSED tests/test_generation.py::test_greedy_generation_determinism 
[gw9] [ 98%] PASSED tests/test_frozen_execution.py::test_authority_and_recomputed_envelope_fields_are_checked 
[gw7] [ 98%] PASSED tests/test_harness_adapter.py::test_evidence_cache_reuses_and_recomputes_on_identity_change 
tests/test_harness_adapter.py::test_missing_tasks_prevent_an_aggregate_from_partial_evidence 
[gw7] [ 98%] PASSED tests/test_harness_adapter.py::test_missing_tasks_prevent_an_aggregate_from_partial_evidence 
[gw8] [ 98%] PASSED tests/test_frozen_execution.py::test_worker_rejects_cli_override_outside_frozen_envelope 
[gw13] [ 99%] PASSED tests/test_prepare.py::test_partial_outputs_resume_without_redo 
tests/test_prepare.py::test_failed_stage_stops_with_reason_and_state 
[gw12] [ 99%] PASSED tests/test_eval_declared_inputs.py::test_cli_declared_run_under_a_limit_withholds_the_index 
tests/test_generation.py::test_sampling_seed_reproducibility_and_local_generator 
[gw12] [ 99%] PASSED tests/test_generation.py::test_sampling_seed_reproducibility_and_local_generator 
[gw5] [ 99%] PASSED tests/test_configurable_workflow.py::test_public_two_source_prepare_direct_queue_and_resume[False] 
tests/test_configurable_workflow.py::test_public_two_source_prepare_direct_queue_and_resume[True] 
[gw13] [ 99%] PASSED tests/test_prepare.py::test_failed_stage_stops_with_reason_and_state 
[gw2] [ 99%] PASSED tests/test_queue.py::test_crash_recovery_requeues_once_when_retries_remain 
[gw10] [ 99%] PASSED tests/test_queue.py::test_toy_campaign_runs_sequentially_to_success 
tests/test_queue.py::test_changed_live_tree_preserves_frozen_run 
[gw11] [ 99%] PASSED tests/test_offline_workflow.py::test_offline_workflow_from_clean_environment 
tests/test_offline_workflow.py::test_prepare_restart_reuses_verified_acquisition 
[gw3] [ 99%] PASSED tests/test_frozen_execution.py::test_public_queue_and_diagnostic_receipt_keep_separate_provenance 
[gw10] [ 99%] PASSED tests/test_queue.py::test_changed_live_tree_preserves_frozen_run 
[gw11] [ 99%] PASSED tests/test_offline_workflow.py::test_prepare_restart_reuses_verified_acquisition 
[gw5] [100%] PASSED tests/test_configurable_workflow.py::test_public_two_source_prepare_direct_queue_and_resume[True] 

- generated xml file: D:\Project\xlm-final-integration\data\audit\p23-remediation\stage06\final01\fast16-xdist.xml -
============================ slowest 10 durations =============================
472.39s call     tests/test_offline_workflow.py::test_offline_workflow_from_clean_environment
425.87s call     tests/test_configurable_workflow.py::test_public_two_source_prepare_direct_queue_and_resume[False]
301.59s call     tests/test_queue.py::test_toy_campaign_runs_sequentially_to_success
296.81s call     tests/test_cli_train_demo.py::test_cli_train_and_resume_subprocess
278.31s call     tests/test_final_acceptance.py::test_cli_resume_reconstructs_real_settings_and_exact_nonmultiple_budget
269.98s call     tests/test_prepare.py::test_full_toy_run_reuses_on_repeat
230.87s call     tests/test_cli_eval_gen.py::test_cli_evaluate_and_generate_subprocess
183.67s call     tests/test_frozen_recovery.py::test_real_crash_preserves_committed_boundary_on_retry
179.44s call     tests/test_configurable_workflow.py::test_public_two_source_prepare_direct_queue_and_resume[True]
177.89s call     tests/test_harness_adapter.py::test_evidence_cache_reuses_and_recomputes_on_identity_change
================= 1180 passed, 1 skipped in 619.28s (0:10:19) =================
