============================= test session starts =============================
platform win32 -- Python 3.12.13, pytest-9.1.1, pluggy-1.6.0 -- D:\Project\xlm-final-integration\.venv-final\Scripts\python.exe
cachedir: .pytest_cache
rootdir: D:\Project\xlm-final-integration
configfile: pyproject.toml
plugins: anyio-4.15.1, cov-7.1.0, xdist-3.8.0
created: 16/16 workers
16 workers [1171 items]

scheduling tests via WorkStealingScheduling

tests/test_acquisition_bounds.py::test_original_valid_transfer_and_restart_consumption 
tests/test_artifact_identity.py::test_invalid_identifiers_fail_before_store_creation[/absolute-kind] 
tests/test_attention_and_masks.py::test_isolated_document_attention_and_positive_control[sdpa] 
tests/test_cli_inventory.py::test_every_registered_command_help[xlm data clean] 
tests/test_cli_pool_freeze.py::test_pool_build_refuses_an_incomplete_binding 
tests/test_configurable_training.py::test_capped_visits_preserve_every_target_and_real_document[isolated_document-1] 
tests/test_doctor.py::test_doctor_missing_nvidia_smi 
tests/test_eval_inputs.py::test_unsupported_manifest_version_is_refused 
tests/test_mix01_views.py::test_remaining_adapters_render_and_reject 
tests/test_final_acceptance.py::test_cli_resume_reconstructs_real_settings_and_exact_nonmultiple_budget 
tests/test_experiment_plans.py::test_snapshot_refuses_secrets_fail_closed 
tests/test_models.py::test_serialization_rejects_conflicting_tied_weights 
tests/test_pool_freeze_regime.py::test_pool_build_binds_every_required_component 
tests/test_prepare.py::test_unknown_variables_fail_closed 
tests/test_reports.py::test_cli_report_campaign_and_data 
[gw6] [  0%] PASSED tests/test_doctor.py::test_doctor_missing_nvidia_smi 
tests/test_tokenizer_regime.py::test_byte_offsets_partition_the_canonical_bytes[currency] 
tests/test_doctor.py::test_doctor_nvidia_smi_timeout 
[gw6] [  0%] PASSED tests/test_doctor.py::test_doctor_nvidia_smi_timeout 
tests/test_doctor.py::test_doctor_nonexistent_xlm_home 
[gw1] [  0%] PASSED tests/test_artifact_identity.py::test_invalid_identifiers_fail_before_store_creation[/absolute-kind] 
tests/test_artifact_identity.py::test_invalid_identifiers_fail_before_store_creation[C:\\absolute-artifact_id] 
[gw13] [  0%] PASSED tests/test_prepare.py::test_unknown_variables_fail_closed 
tests/test_prepare.py::test_duplicate_and_unknown_stages_are_rejected 
[gw12] [  0%] PASSED tests/test_pool_freeze_regime.py::test_pool_build_binds_every_required_component 
[gw1] [  0%] PASSED tests/test_artifact_identity.py::test_invalid_identifiers_fail_before_store_creation[C:\\absolute-artifact_id] 
tests/test_pool_freeze_regime.py::test_missing_required_component_blocks_publication[source_revisions] 
tests/test_artifact_identity.py::test_invalid_identifiers_fail_before_store_creation[C:\\absolute-kind] 
[gw12] [  0%] PASSED tests/test_pool_freeze_regime.py::test_missing_required_component_blocks_publication[source_revisions] 
[gw1] [  0%] PASSED tests/test_artifact_identity.py::test_invalid_identifiers_fail_before_store_creation[C:\\absolute-kind] 
tests/test_artifact_identity.py::test_invalid_identifiers_fail_before_store_creation[C:relative-artifact_id] 
tests/test_pool_freeze_regime.py::test_missing_required_component_blocks_publication[cleaning_policy_identity] 
[gw12] [  0%] PASSED tests/test_pool_freeze_regime.py::test_missing_required_component_blocks_publication[cleaning_policy_identity] 
tests/test_pool_freeze_regime.py::test_missing_required_component_blocks_publication[dedup_policy_identity] 
[gw1] [  0%] PASSED tests/test_artifact_identity.py::test_invalid_identifiers_fail_before_store_creation[C:relative-artifact_id] 
[gw12] [  0%] PASSED tests/test_pool_freeze_regime.py::test_missing_required_component_blocks_publication[dedup_policy_identity] 
tests/test_artifact_identity.py::test_invalid_identifiers_fail_before_store_creation[C:relative-kind] 
tests/test_pool_freeze_regime.py::test_missing_required_component_blocks_publication[split_policy_identity] 
[gw10] [  1%] PASSED tests/test_mix01_views.py::test_remaining_adapters_render_and_reject 
[gw12] [  1%] PASSED tests/test_pool_freeze_regime.py::test_missing_required_component_blocks_publication[split_policy_identity] 
tests/test_mix01_views.py::test_adapter_contracts_detect_missing_fields 
tests/test_pool_freeze_regime.py::test_missing_required_component_blocks_publication[license_receipts] 
[gw12] [  1%] PASSED tests/test_pool_freeze_regime.py::test_missing_required_component_blocks_publication[license_receipts] 
[gw1] [  1%] PASSED tests/test_artifact_identity.py::test_invalid_identifiers_fail_before_store_creation[C:relative-kind] 
tests/test_pool_freeze_regime.py::test_missing_required_component_blocks_publication[producer_code_version] 
tests/test_artifact_identity.py::test_invalid_identifiers_fail_before_store_creation[\\\\server\\share-artifact_id] 
[gw12] [  1%] PASSED tests/test_pool_freeze_regime.py::test_missing_required_component_blocks_publication[producer_code_version] 
tests/test_pool_freeze_regime.py::test_pool_with_no_matching_documents_is_refused 
[gw1] [  1%] PASSED tests/test_artifact_identity.py::test_invalid_identifiers_fail_before_store_creation[\\\\server\\share-artifact_id] 
tests/test_artifact_identity.py::test_invalid_identifiers_fail_before_store_creation[\\\\server\\share-kind] 
[gw12] [  1%] PASSED tests/test_pool_freeze_regime.py::test_pool_with_no_matching_documents_is_refused 
tests/test_pool_freeze_regime.py::test_pool_verifies_offline_against_its_documents 
[gw12] [  1%] PASSED tests/test_pool_freeze_regime.py::test_pool_verifies_offline_against_its_documents 
[gw1] [  1%] PASSED tests/test_artifact_identity.py::test_invalid_identifiers_fail_before_store_creation[\\\\server\\share-kind] 
tests/test_pool_freeze_regime.py::test_offline_verification_detects_changed_text_under_stable_ids 
tests/test_artifact_identity.py::test_invalid_identifiers_fail_before_store_creation[con-artifact_id] 
[gw12] [  1%] PASSED tests/test_pool_freeze_regime.py::test_offline_verification_detects_changed_text_under_stable_ids 
tests/test_pool_freeze_regime.py::test_offline_verification_detects_missing_and_extra_documents 
[gw1] [  1%] PASSED tests/test_artifact_identity.py::test_invalid_identifiers_fail_before_store_creation[con-artifact_id] 
[gw12] [  1%] PASSED tests/test_pool_freeze_regime.py::test_offline_verification_detects_missing_and_extra_documents 
tests/test_artifact_identity.py::test_invalid_identifiers_fail_before_store_creation[con-kind] 
tests/test_pool_freeze_regime.py::test_pool_manifest_round_trips_through_disk 
[gw1] [  2%] PASSED tests/test_artifact_identity.py::test_invalid_identifiers_fail_before_store_creation[con-kind] 
tests/test_artifact_identity.py::test_invalid_identifiers_fail_before_store_creation[NUL.txt-artifact_id] 
[gw5] [  2%] PASSED tests/test_configurable_training.py::test_capped_visits_preserve_every_target_and_real_document[isolated_document-1] 
[gw1] [  2%] PASSED tests/test_artifact_identity.py::test_invalid_identifiers_fail_before_store_creation[NUL.txt-artifact_id] 
tests/test_configurable_training.py::test_capped_visits_preserve_every_target_and_real_document[isolated_document-4] 
tests/test_artifact_identity.py::test_invalid_identifiers_fail_before_store_creation[NUL.txt-kind] 
[gw1] [  2%] PASSED tests/test_artifact_identity.py::test_invalid_identifiers_fail_before_store_creation[NUL.txt-kind] 
[gw12] [  2%] PASSED tests/test_pool_freeze_regime.py::test_pool_manifest_round_trips_through_disk 
tests/test_artifact_identity.py::test_invalid_identifiers_fail_before_store_creation[com\xb9-artifact_id] 
tests/test_pool_freeze_regime.py::test_changing_a_normalization_rule_invalidates_the_pool 
[gw12] [  2%] PASSED tests/test_pool_freeze_regime.py::test_changing_a_normalization_rule_invalidates_the_pool 
tests/test_pool_freeze_regime.py::test_changing_a_source_revision_invalidates_the_pool 
[gw1] [  2%] PASSED tests/test_artifact_identity.py::test_invalid_identifiers_fail_before_store_creation[com\xb9-artifact_id] 
tests/test_artifact_identity.py::test_invalid_identifiers_fail_before_store_creation[com\xb9-kind] 
[gw12] [  2%] PASSED tests/test_pool_freeze_regime.py::test_changing_a_source_revision_invalidates_the_pool 
tests/test_pool_freeze_regime.py::test_changing_a_view_selector_invalidates_the_pool 
[gw12] [  2%] PASSED tests/test_pool_freeze_regime.py::test_changing_a_view_selector_invalidates_the_pool 
[gw1] [  2%] PASSED tests/test_artifact_identity.py::test_invalid_identifiers_fail_before_store_creation[com\xb9-kind] 
tests/test_pool_freeze_regime.py::test_identical_inputs_reproduce_the_same_pool_identity 
tests/test_artifact_identity.py::test_invalid_identifiers_fail_before_store_creation[name.-artifact_id] 
[gw7] [  2%] PASSED tests/test_eval_inputs.py::test_unsupported_manifest_version_is_refused 
tests/test_eval_inputs.py::test_selection_cannot_declare_an_empty_population 
[gw5] [  2%] PASSED tests/test_configurable_training.py::test_capped_visits_preserve_every_target_and_real_document[isolated_document-4] 
[gw12] [  3%] PASSED tests/test_pool_freeze_regime.py::test_identical_inputs_reproduce_the_same_pool_identity 
tests/test_pool_freeze_regime.py::test_pool_refuses_to_freeze_a_leaking_cluster 
[gw1] [  3%] PASSED tests/test_artifact_identity.py::test_invalid_identifiers_fail_before_store_creation[name.-artifact_id] 
tests/test_configurable_training.py::test_capped_visits_preserve_every_target_and_real_document[isolated_document-17] 
[gw12] [  3%] PASSED tests/test_pool_freeze_regime.py::test_pool_refuses_to_freeze_a_leaking_cluster 
[gw7] [  3%] PASSED tests/test_eval_inputs.py::test_selection_cannot_declare_an_empty_population 
tests/test_artifact_identity.py::test_invalid_identifiers_fail_before_store_creation[name.-kind] 
tests/test_pool_freeze_regime.py::test_parent_document_in_another_split_is_a_leak 
tests/test_eval_inputs.py::test_selection_cannot_select_more_than_its_declared_source 
[gw12] [  3%] PASSED tests/test_pool_freeze_regime.py::test_parent_document_in_another_split_is_a_leak 
[gw10] [  3%] PASSED tests/test_mix01_views.py::test_adapter_contracts_detect_missing_fields 
tests/test_pool_freeze_regime.py::test_clean_corpus_reports_no_leaks 
tests/test_mix01_views.py::test_denied_repository_blocks_with_no_substitution 
[gw12] [  3%] PASSED tests/test_pool_freeze_regime.py::test_clean_corpus_reports_no_leaks 
tests/test_pool_freeze_regime.py::test_insufficient_distinct_text_is_visible 
[gw12] [  3%] PASSED tests/test_pool_freeze_regime.py::test_insufficient_distinct_text_is_visible 
[gw11] [  3%] PASSED tests/test_models.py::test_serialization_rejects_conflicting_tied_weights 
tests/test_pool_freeze_regime.py::test_sufficient_pool_reports_no_repetition 
tests/test_models.py::test_cli_model_inspect_subprocess[tiny] 
[gw12] [  3%] PASSED tests/test_pool_freeze_regime.py::test_sufficient_pool_reports_no_repetition 
tests/test_pool_freeze_regime.py::test_empty_pool_sufficiency_is_reported_not_divided_by_zero 
[gw12] [  3%] PASSED tests/test_pool_freeze_regime.py::test_empty_pool_sufficiency_is_reported_not_divided_by_zero 
tests/test_pool_freeze_regime.py::test_demo_pool_is_tiered_and_labelled 
[gw12] [  4%] PASSED tests/test_pool_freeze_regime.py::test_demo_pool_is_tiered_and_labelled 
tests/test_pool_freeze_regime.py::test_tier_is_derived_from_measured_bytes_not_asserted 
[gw12] [  4%] PASSED tests/test_pool_freeze_regime.py::test_tier_is_derived_from_measured_bytes_not_asserted 
tests/test_pool_freeze_regime.py::test_tokenizer_fit_sample_is_training_only 
[gw12] [  4%] PASSED tests/test_pool_freeze_regime.py::test_tokenizer_fit_sample_is_training_only 
tests/test_pool_freeze_regime.py::test_tokenizer_fit_refuses_non_training_documents 
[gw12] [  4%] PASSED tests/test_pool_freeze_regime.py::test_tokenizer_fit_refuses_non_training_documents 
tests/test_pool_freeze_regime.py::test_tokenizer_fit_is_deterministic_for_a_frozen_seed 
[gw12] [  4%] PASSED tests/test_pool_freeze_regime.py::test_tokenizer_fit_is_deterministic_for_a_frozen_seed 
tests/test_pool_freeze_regime.py::test_tokenizer_fit_seed_change_changes_the_sample 
[gw12] [  4%] PASSED tests/test_pool_freeze_regime.py::test_tokenizer_fit_seed_change_changes_the_sample 
tests/test_pool_freeze_regime.py::test_tokenizer_fit_balances_by_declared_raw_byte_share 
[gw12] [  4%] PASSED tests/test_pool_freeze_regime.py::test_tokenizer_fit_balances_by_declared_raw_byte_share 
tests/test_pool_freeze_regime.py::test_tokenizer_fit_reports_a_view_that_cannot_meet_its_share 
[gw10] [  4%] PASSED tests/test_mix01_views.py::test_denied_repository_blocks_with_no_substitution 
tests/test_mix01_views.py::test_unadmitted_mixture_fails_loudly_instead_of_falling_back 
[gw12] [  4%] PASSED tests/test_pool_freeze_regime.py::test_tokenizer_fit_reports_a_view_that_cannot_meet_its_share 
tests/test_pool_freeze_regime.py::test_tokenizer_fit_resource_plan_is_labelled_an_estimate 
[gw12] [  4%] PASSED tests/test_pool_freeze_regime.py::test_tokenizer_fit_resource_plan_is_labelled_an_estimate 
tests/test_pool_freeze_regime.py::test_large_tokenizer_fit_requires_authorization 
[gw12] [  4%] PASSED tests/test_pool_freeze_regime.py::test_large_tokenizer_fit_requires_authorization 
tests/test_pool_freeze_regime.py::test_quick_subset_must_be_nested_inside_the_diagnostic_corpus 
[gw12] [  4%] PASSED tests/test_pool_freeze_regime.py::test_quick_subset_must_be_nested_inside_the_diagnostic_corpus 
tests/test_pool_freeze_regime.py::test_empty_diagnostic_corpus_is_rejected 
[gw12] [  5%] PASSED tests/test_pool_freeze_regime.py::test_empty_diagnostic_corpus_is_rejected 
tests/test_pool_freeze_regime.py::test_tampered_diagnostic_membership_is_detected 
[gw12] [  5%] PASSED tests/test_pool_freeze_regime.py::test_tampered_diagnostic_membership_is_detected 
tests/test_pool_freeze_regime.py::test_regime_does_not_bind_a_mixture 
[gw12] [  5%] PASSED tests/test_pool_freeze_regime.py::test_regime_does_not_bind_a_mixture 
tests/test_pool_freeze_regime.py::test_incomplete_regime_is_rejected 
[gw12] [  5%] PASSED tests/test_pool_freeze_regime.py::test_incomplete_regime_is_rejected 
tests/test_pool_freeze_regime.py::test_changing_only_the_mixture_reuses_pool_and_tokenizer 
[gw12] [  5%] PASSED tests/test_pool_freeze_regime.py::test_changing_only_the_mixture_reuses_pool_and_tokenizer 
tests/test_pool_freeze_regime.py::test_changing_the_pool_does_not_reuse_the_regime 
[gw12] [  5%] PASSED tests/test_pool_freeze_regime.py::test_changing_the_pool_does_not_reuse_the_regime 
tests/test_pool_freeze_regime.py::test_changing_the_tokenizer_does_not_reuse_the_regime 
[gw12] [  5%] PASSED tests/test_pool_freeze_regime.py::test_changing_the_tokenizer_does_not_reuse_the_regime 
tests/test_pool_freeze_regime.py::test_diagnostic_corpus_does_not_follow_the_winning_mixture 
[gw12] [  5%] PASSED tests/test_pool_freeze_regime.py::test_diagnostic_corpus_does_not_follow_the_winning_mixture 
tests/test_pool_freeze_regime.py::test_campaign_freeze_requires_a_mixture_and_exposure_plan 
[gw12] [  5%] PASSED tests/test_pool_freeze_regime.py::test_campaign_freeze_requires_a_mixture_and_exposure_plan 
tests/test_pool_freeze_regime.py::test_regime_and_campaign_round_trip_through_disk 
[gw1] [  5%] PASSED tests/test_artifact_identity.py::test_invalid_identifiers_fail_before_store_creation[name.-kind] 
tests/test_artifact_identity.py::test_invalid_identifiers_fail_before_store_creation[name -artifact_id] 
[gw1] [  5%] PASSED tests/test_artifact_identity.py::test_invalid_identifiers_fail_before_store_creation[name -artifact_id] 
tests/test_artifact_identity.py::test_invalid_identifiers_fail_before_store_creation[name -kind] 
[gw5] [  5%] PASSED tests/test_configurable_training.py::test_capped_visits_preserve_every_target_and_real_document[isolated_document-17] 
[gw1] [  6%] PASSED tests/test_artifact_identity.py::test_invalid_identifiers_fail_before_store_creation[name -kind] 
tests/test_configurable_training.py::test_cap_changes_real_source_visits_and_shares 
tests/test_artifact_identity.py::test_invalid_identifiers_fail_before_store_creation[a:b-artifact_id] 
[gw10] [  6%] PASSED tests/test_mix01_views.py::test_unadmitted_mixture_fails_loudly_instead_of_falling_back 
tests/test_mix01_views.py::test_m4_txt360_variant_blocks_until_its_view_is_admitted 
[gw1] [  6%] PASSED tests/test_artifact_identity.py::test_invalid_identifiers_fail_before_store_creation[a:b-artifact_id] 
tests/test_artifact_identity.py::test_invalid_identifiers_fail_before_store_creation[a:b-kind] 
[gw12] [  6%] PASSED tests/test_pool_freeze_regime.py::test_regime_and_campaign_round_trip_through_disk 
[gw1] [  6%] PASSED tests/test_artifact_identity.py::test_invalid_identifiers_fail_before_store_creation[a:b-kind] 
tests/test_artifact_identity.py::test_invalid_identifiers_fail_before_store_creation[.locks-artifact_id] 
tests/test_pool_splits.py::test_every_document_receives_exactly_one_split 
[gw1] [  6%] PASSED tests/test_artifact_identity.py::test_invalid_identifiers_fail_before_store_creation[.locks-artifact_id] 
tests/test_artifact_identity.py::test_invalid_identifiers_fail_before_store_creation[.locks-kind] 
[gw1] [  6%] PASSED tests/test_artifact_identity.py::test_invalid_identifiers_fail_before_store_creation[.locks-kind] 
[gw12] [  6%] PASSED tests/test_pool_splits.py::test_every_document_receives_exactly_one_split 
tests/test_artifact_identity.py::test_invalid_identifiers_fail_before_store_creation[-artifact_id] 
tests/test_pool_splits.py::test_split_assignment_is_order_independent 
[gw12] [  6%] PASSED tests/test_pool_splits.py::test_split_assignment_is_order_independent 
[gw1] [  6%] PASSED tests/test_artifact_identity.py::test_invalid_identifiers_fail_before_store_creation[-artifact_id] 
tests/test_pool_splits.py::test_lineage_families_are_never_split_across_partitions 
tests/test_artifact_identity.py::test_invalid_identifiers_fail_before_store_creation[-kind] 
[gw12] [  6%] PASSED tests/test_pool_splits.py::test_lineage_families_are_never_split_across_partitions 
tests/test_pool_splits.py::test_duplicate_clusters_keep_their_members_on_one_side 
[gw1] [  7%] PASSED tests/test_artifact_identity.py::test_invalid_identifiers_fail_before_store_creation[-kind] 
tests/test_artifact_identity.py::test_payload_escape_marker_injection_and_collisions_have_no_side_effects[names0] 
[gw1] [  7%] PASSED tests/test_artifact_identity.py::test_payload_escape_marker_injection_and_collisions_have_no_side_effects[names0] 
[gw7] [  7%] PASSED tests/test_eval_inputs.py::test_selection_cannot_select_more_than_its_declared_source 
tests/test_artifact_identity.py::test_payload_escape_marker_injection_and_collisions_have_no_side_effects[names1] 
tests/test_eval_inputs.py::test_build_reads_membership_from_the_artifact_not_the_operator 
[gw10] [  7%] PASSED tests/test_mix01_views.py::test_m4_txt360_variant_blocks_until_its_view_is_admitted 
tests/test_mix01_views.py::test_status_reports_not_live_verified_without_evidence 
[gw1] [  7%] PASSED tests/test_artifact_identity.py::test_payload_escape_marker_injection_and_collisions_have_no_side_effects[names1] 
tests/test_artifact_identity.py::test_payload_escape_marker_injection_and_collisions_have_no_side_effects[names2] 
[gw7] [  7%] PASSED tests/test_eval_inputs.py::test_build_reads_membership_from_the_artifact_not_the_operator 
tests/test_eval_inputs.py::test_subset_scope_is_a_valid_narrower_manifest 
[gw4] [  7%] PASSED tests/test_cli_pool_freeze.py::test_pool_build_refuses_an_incomplete_binding 
tests/test_cli_pool_freeze.py::test_freeze_plan_only_does_not_fit_a_tokenizer 
[gw8] [  7%] PASSED tests/test_experiment_plans.py::test_snapshot_refuses_secrets_fail_closed 
tests/test_experiment_plans.py::test_snapshot_missing_tree_is_refused 
[gw1] [  7%] PASSED tests/test_artifact_identity.py::test_payload_escape_marker_injection_and_collisions_have_no_side_effects[names2] 
tests/test_artifact_identity.py::test_payload_escape_marker_injection_and_collisions_have_no_side_effects[names3] 
[gw10] [  7%] PASSED tests/test_mix01_views.py::test_status_reports_not_live_verified_without_evidence 
tests/test_mix01_views.py::test_fully_evidenced_views_report_ready 
[gw1] [  7%] PASSED tests/test_artifact_identity.py::test_payload_escape_marker_injection_and_collisions_have_no_side_effects[names3] 
tests/test_artifact_identity.py::test_payload_escape_marker_injection_and_collisions_have_no_side_effects[names4] 
[gw7] [  7%] PASSED tests/test_eval_inputs.py::test_subset_scope_is_a_valid_narrower_manifest 
[gw5] [  8%] PASSED tests/test_configurable_training.py::test_cap_changes_real_source_visits_and_shares 
tests/test_eval_suites.py::test_official_dataset_pins_are_resolved_and_immutable 
tests/test_configurable_training.py::test_mixture_partial_budget_rollback_and_resume_preserve_suffix 
[gw1] [  8%] PASSED tests/test_artifact_identity.py::test_payload_escape_marker_injection_and_collisions_have_no_side_effects[names4] 
tests/test_artifact_identity.py::test_payload_escape_marker_injection_and_collisions_have_no_side_effects[names5] 
[gw7] [  8%] PASSED tests/test_eval_suites.py::test_official_dataset_pins_are_resolved_and_immutable 
tests/test_eval_suites.py::test_variants_carry_the_pinned_revision_into_the_task_config 
[gw10] [  8%] PASSED tests/test_mix01_views.py::test_fully_evidenced_views_report_ready 
[gw7] [  8%] PASSED tests/test_eval_suites.py::test_variants_carry_the_pinned_revision_into_the_task_config 
tests/test_mix01_views.py::test_registry_rejects_duplicate_components_and_unknown_adapters 
[gw1] [  8%] PASSED tests/test_artifact_identity.py::test_payload_escape_marker_injection_and_collisions_have_no_side_effects[names5] 
tests/test_eval_suites.py::test_search_and_confirmation_never_reference_final_splits 
tests/test_artifact_identity.py::test_payload_escape_marker_injection_and_collisions_have_no_side_effects[names6] 
[gw7] [  8%] PASSED tests/test_eval_suites.py::test_search_and_confirmation_never_reference_final_splits 
tests/test_eval_suites.py::test_final_splits_are_exactly_the_policy_split 
[gw7] [  8%] PASSED tests/test_eval_suites.py::test_final_splits_are_exactly_the_policy_split 
[gw1] [  8%] PASSED tests/test_artifact_identity.py::test_payload_escape_marker_injection_and_collisions_have_no_side_effects[names6] 
tests/test_eval_suites.py::test_final_requires_operator_authorization 
tests/test_artifact_identity.py::test_payload_escape_marker_injection_and_collisions_have_no_side_effects[names7] 
[gw7] [  8%] PASSED tests/test_eval_suites.py::test_final_requires_operator_authorization 
tests/test_eval_suites.py::test_firewall_detects_a_developer_variant_pointing_at_a_final_split 
[gw7] [  8%] PASSED tests/test_eval_suites.py::test_firewall_detects_a_developer_variant_pointing_at_a_final_split 
tests/test_eval_suites.py::test_blimp_partition_is_whole_disjoint_subdatasets 
[gw7] [  8%] PASSED tests/test_eval_suites.py::test_blimp_partition_is_whole_disjoint_subdatasets 
[gw1] [  9%] PASSED tests/test_artifact_identity.py::test_payload_escape_marker_injection_and_collisions_have_no_side_effects[names7] 
tests/test_artifact_identity.py::test_payload_escape_marker_injection_and_collisions_have_no_side_effects[names8] 
tests/test_eval_suites.py::test_blimp_partition_is_deterministic_and_seed_sensitive 
[gw7] [  9%] PASSED tests/test_eval_suites.py::test_blimp_partition_is_deterministic_and_seed_sensitive 
tests/test_eval_suites.py::test_grouped_partition_keeps_groups_together_and_disjoint 
[gw7] [  9%] PASSED tests/test_eval_suites.py::test_grouped_partition_keeps_groups_together_and_disjoint 
tests/test_eval_suites.py::test_index_requires_complete_declared_coverage 
[gw7] [  9%] PASSED tests/test_eval_suites.py::test_index_requires_complete_declared_coverage 
tests/test_eval_suites.py::test_index_matches_the_declared_formula_and_chance_references 
[gw7] [  9%] PASSED tests/test_eval_suites.py::test_index_matches_the_declared_formula_and_chance_references 
[gw1] [  9%] PASSED tests/test_artifact_identity.py::test_payload_escape_marker_injection_and_collisions_have_no_side_effects[names8] 
tests/test_eval_suites.py::test_blimp_is_macro_averaged_before_weighting 
tests/test_artifact_identity.py::test_payload_escape_marker_injection_and_collisions_have_no_side_effects[names9] 
[gw7] [  9%] PASSED tests/test_eval_suites.py::test_blimp_is_macro_averaged_before_weighting 
tests/test_eval_suites.py::test_negative_components_are_not_clipped 
[gw7] [  9%] PASSED tests/test_eval_suites.py::test_negative_components_are_not_clipped 
[gw8] [  9%] PASSED tests/test_experiment_plans.py::test_snapshot_missing_tree_is_refused 
tests/test_eval_suites.py::test_zero_scored_items_withhold_the_index 
tests/test_experiment_plans.py::test_smoke_ticket_covers_only_smoke_scale 
[gw8] [  9%] PASSED tests/test_experiment_plans.py::test_smoke_ticket_covers_only_smoke_scale 
[gw7] [  9%] PASSED tests/test_eval_suites.py::test_zero_scored_items_withhold_the_index 
tests/test_experiment_plans.py::test_ticket_binds_one_plan_hash 
tests/test_eval_suites.py::test_final_request_is_frozen_and_hashable 
[gw8] [  9%] PASSED tests/test_experiment_plans.py::test_ticket_binds_one_plan_hash 
[gw1] [ 10%] PASSED tests/test_artifact_identity.py::test_payload_escape_marker_injection_and_collisions_have_no_side_effects[names9] 
tests/test_experiment_plans.py::test_ticket_round_trip_and_malformed_refusal 
tests/test_artifact_identity.py::test_payload_escape_marker_injection_and_collisions_have_no_side_effects[names10] 
[gw7] [ 10%] PASSED tests/test_eval_suites.py::test_final_request_is_frozen_and_hashable 
tests/test_eval_suites.py::test_task_evidence_counts_omissions_and_truncation 
[gw7] [ 10%] PASSED tests/test_eval_suites.py::test_task_evidence_counts_omissions_and_truncation 
tests/test_eval_suites.py::test_evidence_round_trips_deterministically 
[gw10] [ 10%] PASSED tests/test_mix01_views.py::test_registry_rejects_duplicate_components_and_unknown_adapters 
[gw1] [ 10%] PASSED tests/test_artifact_identity.py::test_payload_escape_marker_injection_and_collisions_have_no_side_effects[names10] 
[gw13] [ 10%] PASSED tests/test_prepare.py::test_duplicate_and_unknown_stages_are_rejected 
tests/test_mix01_views.py::test_pilot_refused_without_an_authorization_envelope 
tests/test_prepare.py::test_stale_inputs_invalidate_downstream 
tests/test_artifact_identity.py::test_payload_escape_marker_injection_and_collisions_have_no_side_effects[names11] 
[gw10] [ 10%] PASSED tests/test_mix01_views.py::test_pilot_refused_without_an_authorization_envelope 
tests/test_mix01_views.py::test_pilot_refused_for_unallowlisted_sources_and_over_cap 
[gw7] [ 10%] PASSED tests/test_eval_suites.py::test_evidence_round_trips_deterministically 
[gw8] [ 10%] PASSED tests/test_experiment_plans.py::test_ticket_round_trip_and_malformed_refusal 
[gw10] [ 10%] PASSED tests/test_mix01_views.py::test_pilot_refused_for_unallowlisted_sources_and_over_cap 
tests/test_experiment_plans.py::test_validate_against_ticket_applies_smoke_caps_by_default 
tests/test_eval_suites.py::test_cache_rejects_a_stale_or_foreign_identity 
tests/test_mixture_planning.py::test_weights_must_sum_to_one_and_are_never_renormalized 
[gw8] [ 10%] PASSED tests/test_experiment_plans.py::test_validate_against_ticket_applies_smoke_caps_by_default 
tests/test_experiment_plans.py::test_resolve_reports_blockers_instead_of_defaults 
[gw10] [ 11%] PASSED tests/test_mixture_planning.py::test_weights_must_sum_to_one_and_are_never_renormalized 
tests/test_mixture_planning.py::test_thirds_are_accepted_within_tolerance 
[gw1] [ 11%] PASSED tests/test_artifact_identity.py::test_payload_escape_marker_injection_and_collisions_have_no_side_effects[names11] 
[gw5] [ 11%] PASSED tests/test_configurable_training.py::test_mixture_partial_budget_rollback_and_resume_preserve_suffix 
tests/test_artifact_identity.py::test_payload_escape_marker_injection_and_collisions_have_no_side_effects[names12] 
[gw10] [ 11%] PASSED tests/test_mixture_planning.py::test_thirds_are_accepted_within_tolerance 
[gw7] [ 11%] PASSED tests/test_eval_suites.py::test_cache_rejects_a_stale_or_foreign_identity 
tests/test_configurable_workflow.py::test_public_two_source_prepare_direct_queue_and_resume[False] 
tests/test_mixture_planning.py::test_duplicate_sources_are_rejected 
tests/test_eval_suites.py::test_reference_registry_round_trip_and_no_silent_replacement 
[gw10] [ 11%] PASSED tests/test_mixture_planning.py::test_duplicate_sources_are_rejected 
tests/test_mixture_planning.py::test_zero_or_negative_weight_is_rejected 
[gw10] [ 11%] PASSED tests/test_mixture_planning.py::test_zero_or_negative_weight_is_rejected 
tests/test_mixture_planning.py::test_missing_source_is_an_error_not_a_redistribution 
[gw10] [ 11%] PASSED tests/test_mixture_planning.py::test_missing_source_is_an_error_not_a_redistribution 
tests/test_mixture_planning.py::test_empty_source_is_an_error 
[gw10] [ 11%] PASSED tests/test_mixture_planning.py::test_empty_source_is_an_error 
tests/test_mixture_planning.py::test_unused_available_source_is_warned_not_silently_included 
[gw1] [ 11%] PASSED tests/test_artifact_identity.py::test_payload_escape_marker_injection_and_collisions_have_no_side_effects[names12] 
tests/test_artifact_identity.py::test_payload_escape_marker_injection_and_collisions_have_no_side_effects[names13] 
[gw10] [ 11%] PASSED tests/test_mixture_planning.py::test_unused_available_source_is_warned_not_silently_included 
tests/test_mixture_planning.py::test_mixture_identity_includes_the_scheduling_policy 
[gw7] [ 11%] PASSED tests/test_eval_suites.py::test_reference_registry_round_trip_and_no_silent_replacement 
tests/test_eval_suites.py::test_model_download_plan_requires_authorization_revision_and_caps 
[gw10] [ 12%] PASSED tests/test_mixture_planning.py::test_mixture_identity_includes_the_scheduling_policy 
tests/test_mixture_planning.py::test_component_order_does_not_change_identity 
[gw7] [ 12%] PASSED tests/test_eval_suites.py::test_model_download_plan_requires_authorization_revision_and_caps 
[gw10] [ 12%] PASSED tests/test_mixture_planning.py::test_component_order_does_not_change_identity 
tests/test_eval_suites.py::test_harness_identity_changes_with_every_component 
tests/test_mixture_planning.py::test_repeat_policy_validation 
[gw10] [ 12%] PASSED tests/test_mixture_planning.py::test_repeat_policy_validation 
tests/test_mixture_planning.py::test_isolated_packing_cannot_claim_cross_document_attention 
[gw1] [ 12%] PASSED tests/test_artifact_identity.py::test_payload_escape_marker_injection_and_collisions_have_no_side_effects[names13] 
tests/test_artifact_identity.py::test_payload_escape_marker_injection_and_collisions_have_no_side_effects[names14] 
[gw7] [ 12%] PASSED tests/test_eval_suites.py::test_harness_identity_changes_with_every_component 
[gw10] [ 12%] PASSED tests/test_mixture_planning.py::test_isolated_packing_cannot_claim_cross_document_attention 
tests/test_eval_suites.py::test_installed_harness_version_matches_the_pin_when_present 
tests/test_mixture_planning.py::test_plan_reports_repetition_risk_before_the_run 
[gw7] [ 12%] PASSED tests/test_eval_suites.py::test_installed_harness_version_matches_the_pin_when_present 
[gw10] [ 12%] PASSED tests/test_mixture_planning.py::test_plan_reports_repetition_risk_before_the_run 
tests/test_eval_suites.py::test_harness_identity_to_dict_carries_the_fingerprint 
tests/test_mixture_planning.py::test_plan_without_repetition_reports_none 
[gw7] [ 12%] PASSED tests/test_eval_suites.py::test_harness_identity_to_dict_carries_the_fingerprint 
tests/test_eval_suites.py::test_harness_samples_convert_with_lowest_index_tie_break 
[gw10] [ 12%] PASSED tests/test_mixture_planning.py::test_plan_without_repetition_reports_none 
tests/test_mixture_planning.py::test_bounded_repeat_policy_is_reported_as_declared 
[gw7] [ 12%] PASSED tests/test_eval_suites.py::test_harness_samples_convert_with_lowest_index_tie_break 
tests/test_eval_suites.py::test_incomplete_coverage_error_is_available_for_callers 
[gw10] [ 13%] PASSED tests/test_mixture_planning.py::test_bounded_repeat_policy_is_reported_as_declared 
[gw7] [ 13%] PASSED tests/test_eval_suites.py::test_incomplete_coverage_error_is_available_for_callers 
tests/test_mixture_planning.py::test_repeat_ceiling_breach_is_reported 
tests/test_eval_suites.py::test_reference_registration_measures_parameters_locally 
[gw10] [ 13%] PASSED tests/test_mixture_planning.py::test_repeat_ceiling_breach_is_reported 
tests/test_mixture_planning.py::test_plan_is_deterministic_and_identity_bound 
[gw10] [ 13%] PASSED tests/test_mixture_planning.py::test_plan_is_deterministic_and_identity_bound 
tests/test_mixture_planning.py::test_source_order_is_frozen_by_the_data_seed 
[gw10] [ 13%] PASSED tests/test_mixture_planning.py::test_source_order_is_frozen_by_the_data_seed 
[gw7] [ 13%] PASSED tests/test_eval_suites.py::test_reference_registration_measures_parameters_locally 
tests/test_mixture_planning.py::test_plan_rejects_a_nonpositive_budget 
[gw1] [ 13%] PASSED tests/test_artifact_identity.py::test_payload_escape_marker_injection_and_collisions_have_no_side_effects[names14] 
tests/test_eval_suites.py::test_cli_final_request_only_writes_a_gated_request 
tests/test_artifact_identity.py::test_payload_escape_marker_injection_and_collisions_have_no_side_effects[names15] 
[gw10] [ 13%] PASSED tests/test_mixture_planning.py::test_plan_rejects_a_nonpositive_budget 
[gw14] [ 13%] PASSED tests/test_reports.py::test_cli_report_campaign_and_data 
tests/test_mixture_planning.py::test_plan_refuses_to_compile_from_an_invalid_mixture 
tests/test_reports.py::test_cli_runs_list_empty_and_populated 
[gw10] [ 13%] PASSED tests/test_mixture_planning.py::test_plan_refuses_to_compile_from_an_invalid_mixture 
tests/test_mixture_planning.py::test_blocks_are_generated_not_materialized 
[gw10] [ 13%] PASSED tests/test_mixture_planning.py::test_blocks_are_generated_not_materialized 
tests/test_mixture_planning.py::test_block_ranges_are_contiguous_per_source 
[gw10] [ 14%] PASSED tests/test_mixture_planning.py::test_block_ranges_are_contiguous_per_source 
tests/test_mixture_planning.py::test_preview_shares_match_configured_weights 
[gw1] [ 14%] PASSED tests/test_artifact_identity.py::test_payload_escape_marker_injection_and_collisions_have_no_side_effects[names15] 
[gw10] [ 14%] PASSED tests/test_mixture_planning.py::test_preview_shares_match_configured_weights 
tests/test_artifact_identity.py::test_payload_escape_marker_injection_and_collisions_have_no_side_effects[names16] 
tests/test_mixture_planning.py::test_preview_marks_itself_truncated_when_bounded 
[gw10] [ 14%] PASSED tests/test_mixture_planning.py::test_preview_marks_itself_truncated_when_bounded 
tests/test_mixture_planning.py::test_unequal_source_sizes_still_meet_configured_shares 
[gw10] [ 14%] PASSED tests/test_mixture_planning.py::test_unequal_source_sizes_still_meet_configured_shares 
tests/test_mixture_planning.py::test_storage_projection_follows_token_dtype 
[gw10] [ 14%] PASSED tests/test_mixture_planning.py::test_storage_projection_follows_token_dtype 
tests/test_mixture_planning.py::test_plan_labels_unique_counts_as_exact_not_estimated 
[gw10] [ 14%] PASSED tests/test_mixture_planning.py::test_plan_labels_unique_counts_as_exact_not_estimated 
tests/test_mixture_planning.py::test_matched_byte_plan_fixes_raw_bytes_across_tokenizers 
[gw1] [ 14%] PASSED tests/test_artifact_identity.py::test_payload_escape_marker_injection_and_collisions_have_no_side_effects[names16] 
tests/test_artifact_identity.py::test_payload_escape_marker_injection_and_collisions_have_no_side_effects[names17] 
[gw10] [ 14%] PASSED tests/test_mixture_planning.py::test_matched_byte_plan_fixes_raw_bytes_across_tokenizers 
tests/test_mixture_planning.py::test_matched_document_plan_fixes_document_counts 
[gw10] [ 14%] PASSED tests/test_mixture_planning.py::test_matched_document_plan_fixes_document_counts 
tests/test_mixture_planning.py::test_matched_plan_labels_byte_availability_as_exact 
[gw1] [ 14%] PASSED tests/test_artifact_identity.py::test_payload_escape_marker_injection_and_collisions_have_no_side_effects[names17] 
[gw10] [ 14%] PASSED tests/test_mixture_planning.py::test_matched_plan_labels_byte_availability_as_exact 
tests/test_artifact_identity.py::test_payload_escape_marker_injection_and_collisions_have_no_side_effects[names18] 
tests/test_mixture_planning.py::test_matched_plan_reports_repetition_when_bytes_exceed_availability 
[gw10] [ 15%] PASSED tests/test_mixture_planning.py::test_matched_plan_reports_repetition_when_bytes_exceed_availability 
tests/test_mixture_planning.py::test_matched_plan_rejects_unknown_basis_and_bad_budget 
[gw10] [ 15%] PASSED tests/test_mixture_planning.py::test_matched_plan_rejects_unknown_basis_and_bad_budget 
tests/test_mixture_stream.py::test_shard_records_offsets_markers_and_coverage 
[gw1] [ 15%] PASSED tests/test_artifact_identity.py::test_payload_escape_marker_injection_and_collisions_have_no_side_effects[names18] 
tests/test_artifact_identity.py::test_streaming_limits_preserve_foreign_staging 
[gw12] [ 15%] PASSED tests/test_pool_splits.py::test_duplicate_clusters_keep_their_members_on_one_side 
tests/test_pool_splits.py::test_quick_validation_subset_is_nested_inside_diagnostic_set 
[gw12] [ 15%] PASSED tests/test_pool_splits.py::test_quick_validation_subset_is_nested_inside_diagnostic_set 
tests/test_pool_splits.py::test_achieved_bytes_are_recorded_and_respect_document_boundaries 
[gw12] [ 15%] PASSED tests/test_pool_splits.py::test_achieved_bytes_are_recorded_and_respect_document_boundaries 
tests/test_pool_splits.py::test_splits_do_not_depend_on_mixture_weights 
[gw12] [ 15%] PASSED tests/test_pool_splits.py::test_splits_do_not_depend_on_mixture_weights 
tests/test_pool_splits.py::test_apply_splits_records_split_and_group_on_documents 
[gw12] [ 15%] PASSED tests/test_pool_splits.py::test_apply_splits_records_split_and_group_on_documents 
tests/test_pool_splits.py::test_tokenizer_fitting_rejects_non_training_documents 
[gw12] [ 15%] PASSED tests/test_pool_splits.py::test_tokenizer_fitting_rejects_non_training_documents 
tests/test_pool_splits.py::test_pool_freeze_binds_dedup_split_and_membership 
[gw1] [ 15%] PASSED tests/test_artifact_identity.py::test_streaming_limits_preserve_foreign_staging 
tests/test_artifact_identity.py::test_existing_junction_cannot_redirect_publication[kind] 
[gw7] [ 15%] PASSED tests/test_eval_suites.py::test_cli_final_request_only_writes_a_gated_request 
tests/test_eval_suites.py::test_cli_final_without_authorization_refuses 
[gw4] [ 15%] PASSED tests/test_cli_pool_freeze.py::test_freeze_plan_only_does_not_fit_a_tokenizer 
tests/test_cli_pool_freeze.py::test_freeze_fits_tokenizer_and_writes_a_mixture_free_regime 
[gw6] [ 16%] PASSED tests/test_doctor.py::test_doctor_nonexistent_xlm_home 
tests/test_eval_coverage.py::test_full_coverage_is_complete_and_publishes_the_index 
[gw6] [ 16%] PASSED tests/test_eval_coverage.py::test_full_coverage_is_complete_and_publishes_the_index 
tests/test_eval_coverage.py::test_coverage_is_independent_of_observation_order 
[gw6] [ 16%] PASSED tests/test_eval_coverage.py::test_coverage_is_independent_of_observation_order 
tests/test_eval_coverage.py::test_all_four_tasks_present_but_partially_scored_is_incomplete 
[gw6] [ 16%] PASSED tests/test_eval_coverage.py::test_all_four_tasks_present_but_partially_scored_is_incomplete 
tests/test_eval_coverage.py::test_runtime_limit_smaller_than_the_population_is_flagged_before_results 
[gw6] [ 16%] PASSED tests/test_eval_coverage.py::test_runtime_limit_smaller_than_the_population_is_flagged_before_results 
tests/test_eval_coverage.py::test_a_failed_item_does_not_shrink_the_expected_population 
[gw6] [ 16%] PASSED tests/test_eval_coverage.py::test_a_failed_item_does_not_shrink_the_expected_population 
tests/test_eval_coverage.py::test_a_duplicate_scored_item_cannot_masquerade_as_coverage 
[gw6] [ 16%] PASSED tests/test_eval_coverage.py::test_a_duplicate_scored_item_cannot_masquerade_as_coverage 
tests/test_eval_coverage.py::test_an_unexpected_item_is_reported_not_absorbed 
[gw6] [ 16%] PASSED tests/test_eval_coverage.py::test_an_unexpected_item_is_reported_not_absorbed 
tests/test_eval_coverage.py::test_a_missing_blimp_subdataset_is_incomplete_even_with_enough_items 
[gw6] [ 16%] PASSED tests/test_eval_coverage.py::test_a_missing_blimp_subdataset_is_incomplete_even_with_enough_items 
tests/test_eval_coverage.py::test_a_task_returning_nothing_is_a_missing_task 
[gw6] [ 16%] PASSED tests/test_eval_coverage.py::test_a_task_returning_nothing_is_a_missing_task 
tests/test_eval_coverage.py::test_an_interrupted_run_is_never_complete 
[gw6] [ 16%] PASSED tests/test_eval_coverage.py::test_an_interrupted_run_is_never_complete 
tests/test_eval_coverage.py::test_a_declared_smaller_scope_is_complete_within_itself_only 
[gw6] [ 16%] PASSED tests/test_eval_coverage.py::test_a_declared_smaller_scope_is_complete_within_itself_only 
tests/test_eval_coverage.py::test_authored_fixture_scope_is_complete_but_never_research_evidence 
[gw6] [ 17%] PASSED tests/test_eval_coverage.py::test_authored_fixture_scope_is_complete_but_never_research_evidence 
tests/test_eval_coverage.py::test_undeclared_coverage_never_claims_an_expected_population 
[gw6] [ 17%] PASSED tests/test_eval_coverage.py::test_undeclared_coverage_never_claims_an_expected_population 
tests/test_eval_coverage.py::test_legacy_coverage_is_not_retroactively_completed 
[gw6] [ 17%] PASSED tests/test_eval_coverage.py::test_legacy_coverage_is_not_retroactively_completed 
tests/test_eval_coverage.py::test_coverage_survives_a_round_trip 
[gw6] [ 17%] PASSED tests/test_eval_coverage.py::test_coverage_survives_a_round_trip 
tests/test_eval_coverage.py::test_task_coverage_complete_requires_every_condition 
[gw6] [ 17%] PASSED tests/test_eval_coverage.py::test_task_coverage_complete_requires_every_condition 
tests/test_eval_coverage.py::test_expected_population_comes_from_the_manifest_alone 
[gw6] [ 17%] PASSED tests/test_eval_coverage.py::test_expected_population_comes_from_the_manifest_alone 
tests/test_eval_coverage.py::test_a_manifest_declaring_fewer_tasks_requires_only_those 
[gw6] [ 17%] PASSED tests/test_eval_coverage.py::test_a_manifest_declaring_fewer_tasks_requires_only_those 
tests/test_eval_declared_inputs.py::test_official_definitions_resolve_their_inherited_configuration 
[gw7] [ 17%] PASSED tests/test_eval_suites.py::test_cli_final_without_authorization_refuses 
tests/test_eval_suites.py::test_cli_unknown_suite_refuses 
[gw12] [ 17%] PASSED tests/test_pool_splits.py::test_pool_freeze_binds_dedup_split_and_membership 
tests/test_pool_splits.py::test_late_bridge_duplicate_invalidates_the_affected_freeze 
[gw10] [ 17%] PASSED tests/test_mixture_stream.py::test_shard_records_offsets_markers_and_coverage 
tests/test_mixture_stream.py::test_shard_counters_report_targets_and_structural_tokens 
[gw1] [ 17%] PASSED tests/test_artifact_identity.py::test_existing_junction_cannot_redirect_publication[kind] 
tests/test_artifact_identity.py::test_existing_junction_cannot_redirect_publication[staging] 
[gw7] [ 18%] PASSED tests/test_eval_suites.py::test_cli_unknown_suite_refuses 
tests/test_evaluation_fixtures.py::test_multiple_choice_scoring_and_acc_norm 
[gw7] [ 18%] PASSED tests/test_evaluation_fixtures.py::test_multiple_choice_scoring_and_acc_norm 
tests/test_evaluation_fixtures.py::test_empty_choice_string_rejected 
[gw7] [ 18%] PASSED tests/test_evaluation_fixtures.py::test_empty_choice_string_rejected 
tests/test_evaluation_fixtures.py::test_minimal_pair_scoring 
[gw7] [ 18%] PASSED tests/test_evaluation_fixtures.py::test_minimal_pair_scoring 
tests/test_evaluation_fixtures.py::test_cache_invalidation_and_reuse 
[gw1] [ 18%] PASSED tests/test_artifact_identity.py::test_existing_junction_cannot_redirect_publication[staging] 
tests/test_artifact_identity.py::test_existing_junction_cannot_redirect_publication[locks] 
[gw10] [ 18%] PASSED tests/test_mixture_stream.py::test_shard_counters_report_targets_and_structural_tokens 
tests/test_mixture_stream.py::test_mmap_reads_match_direct_reads 
[gw1] [ 18%] PASSED tests/test_artifact_identity.py::test_existing_junction_cannot_redirect_publication[locks] 
tests/test_artifact_identity.py::test_existing_junction_cannot_redirect_publication[payload] 
[gw12] [ 18%] PASSED tests/test_pool_splits.py::test_late_bridge_duplicate_invalidates_the_affected_freeze 
tests/test_pool_splits.py::test_bridge_within_one_split_is_reported_but_not_invalidating 
[gw10] [ 18%] PASSED tests/test_mixture_stream.py::test_mmap_reads_match_direct_reads 
tests/test_mixture_stream.py::test_token_dtype_overflow_is_caught 
[gw10] [ 18%] PASSED tests/test_mixture_stream.py::test_token_dtype_overflow_is_caught 
tests/test_mixture_stream.py::test_corrupted_shard_fails_verification 
[gw1] [ 18%] PASSED tests/test_artifact_identity.py::test_existing_junction_cannot_redirect_publication[payload] 
tests/test_artifact_identity.py::test_actual_public_cli_current_and_legacy_artifacts 
[gw7] [ 18%] PASSED tests/test_evaluation_fixtures.py::test_cache_invalidation_and_reuse 
tests/test_evaluation_fixtures.py::test_strict_synthetic_fixture_labeling 
[gw7] [ 19%] PASSED tests/test_evaluation_fixtures.py::test_strict_synthetic_fixture_labeling 
tests/test_evaluation_fixtures.py::test_evaluation_and_generation_training_isolation 
[gw10] [ 19%] PASSED tests/test_mixture_stream.py::test_corrupted_shard_fails_verification 
tests/test_mixture_stream.py::test_a_second_mixture_reuses_the_same_shards 
[gw12] [ 19%] PASSED tests/test_pool_splits.py::test_bridge_within_one_split_is_reported_but_not_invalidating 
tests/test_pool_splits.py::test_incremental_and_full_rebuild_agree 
[gw2] [ 19%] PASSED tests/test_attention_and_masks.py::test_isolated_document_attention_and_positive_control[sdpa] 
tests/test_attention_and_masks.py::test_future_token_causality_independence 
[gw2] [ 19%] PASSED tests/test_attention_and_masks.py::test_future_token_causality_independence 
tests/test_attention_and_masks.py::test_eager_versus_sdpa_parity[4] 
[gw10] [ 19%] PASSED tests/test_mixture_stream.py::test_a_second_mixture_reuses_the_same_shards 
tests/test_mixture_stream.py::test_a_second_tokenizer_invalidates_the_shards 
[gw2] [ 19%] PASSED tests/test_attention_and_masks.py::test_eager_versus_sdpa_parity[4] 
tests/test_attention_and_masks.py::test_eager_versus_sdpa_parity[8] 
[gw2] [ 19%] PASSED tests/test_attention_and_masks.py::test_eager_versus_sdpa_parity[8] 
tests/test_attention_and_masks.py::test_fast_path_causality_guard 
[gw2] [ 19%] PASSED tests/test_attention_and_masks.py::test_fast_path_causality_guard 
tests/test_attention_and_masks.py::test_profile_required_raises_error_on_forward 
[gw2] [ 19%] PASSED tests/test_attention_and_masks.py::test_profile_required_raises_error_on_forward 
tests/test_checkpoint.py::test_checksum_valid_checkpoint_still_refuses_pickle_globals 
[gw12] [ 19%] PASSED tests/test_pool_splits.py::test_incremental_and_full_rebuild_agree 
tests/test_pool_splits.py::test_pool_cannot_supersede_itself 
[gw12] [ 19%] PASSED tests/test_pool_splits.py::test_pool_cannot_supersede_itself 
tests/test_pool_views.py::test_selector_matches_on_actual_record_fields 
[gw12] [ 20%] PASSED tests/test_pool_views.py::test_selector_matches_on_actual_record_fields 
tests/test_pool_views.py::test_selector_matches_metadata_and_byte_window 
[gw12] [ 20%] PASSED tests/test_pool_views.py::test_selector_matches_metadata_and_byte_window 
tests/test_pool_views.py::test_empty_selector_is_unconstrained 
[gw12] [ 20%] PASSED tests/test_pool_views.py::test_empty_selector_is_unconstrained 
tests/test_pool_views.py::test_invalid_byte_window_is_rejected 
[gw12] [ 20%] PASSED tests/test_pool_views.py::test_invalid_byte_window_is_rejected 
tests/test_pool_views.py::test_selector_identity_changes_with_criteria 
[gw12] [ 20%] PASSED tests/test_pool_views.py::test_selector_identity_changes_with_criteria 
tests/test_pool_views.py::test_exclusive_assignment_conserves_sampling_weight 
[gw12] [ 20%] PASSED tests/test_pool_views.py::test_exclusive_assignment_conserves_sampling_weight 
tests/test_pool_views.py::test_multi_view_policy_keeps_and_reports_repeated_weight 
[gw12] [ 20%] PASSED tests/test_pool_views.py::test_multi_view_policy_keeps_and_reports_repeated_weight 
tests/test_pool_views.py::test_assignment_does_not_depend_on_view_declaration_order 
[gw14] [ 20%] FAILED tests/test_reports.py::test_cli_runs_list_empty_and_populated 
tests/test_research.py::test_blank_card_fails_on_missing_fields 
[gw12] [ 20%] PASSED tests/test_pool_views.py::test_assignment_does_not_depend_on_view_declaration_order 
tests/test_pool_views.py::test_equal_priority_breaks_ties_on_view_id 
[gw14] [ 20%] PASSED tests/test_research.py::test_blank_card_fails_on_missing_fields 
[gw12] [ 20%] PASSED tests/test_pool_views.py::test_equal_priority_breaks_ties_on_view_id 
tests/test_research.py::test_complete_card_validates 
tests/test_pool_views.py::test_overlapping_views_are_not_counted_as_independent_sources 
[gw14] [ 21%] PASSED tests/test_research.py::test_complete_card_validates 
[gw12] [ 21%] PASSED tests/test_pool_views.py::test_overlapping_views_are_not_counted_as_independent_sources 
tests/test_research.py::test_novelty_certainty_phrasing_is_refused 
tests/test_pool_views.py::test_cross_family_overlap_is_flagged_as_provenance_overlap 
[gw14] [ 21%] PASSED tests/test_research.py::test_novelty_certainty_phrasing_is_refused 
[gw12] [ 21%] PASSED tests/test_pool_views.py::test_cross_family_overlap_is_flagged_as_provenance_overlap 
tests/test_pool_views.py::test_duplicate_view_ids_are_rejected 
tests/test_research.py::test_card_statuses_round_trip_and_category_is_strict 
[gw12] [ 21%] PASSED tests/test_pool_views.py::test_duplicate_view_ids_are_rejected 
tests/test_pool_views.py::test_empty_view_list_is_rejected 
[gw12] [ 21%] PASSED tests/test_pool_views.py::test_empty_view_list_is_rejected 
tests/test_pool_views.py::test_non_overlapping_views_produce_no_warnings 
[gw12] [ 21%] PASSED tests/test_pool_views.py::test_non_overlapping_views_produce_no_warnings 
tests/test_prepare.py::test_plan_only_reports_statuses_without_executing 
[gw14] [ 21%] PASSED tests/test_research.py::test_card_statuses_round_trip_and_category_is_strict 
tests/test_research.py::test_all_four_noop_plugins_load_into_isolated_registries 
[gw14] [ 21%] PASSED tests/test_research.py::test_all_four_noop_plugins_load_into_isolated_registries 
tests/test_research.py::test_plugin_loading_touches_no_trainer_or_scorer_files 
[gw14] [ 21%] PASSED tests/test_research.py::test_plugin_loading_touches_no_trainer_or_scorer_files 
tests/test_research.py::test_architecture_noop_matches_baseline_exactly 
[gw14] [ 21%] PASSED tests/test_research.py::test_architecture_noop_matches_baseline_exactly 
tests/test_research.py::test_objective_noop_matches_baseline_loss 
[gw8] [ 21%] PASSED tests/test_experiment_plans.py::test_resolve_reports_blockers_instead_of_defaults 
tests/test_experiment_plans.py::test_seed_and_source_changes_alter_plan_identity 
[gw14] [ 22%] PASSED tests/test_research.py::test_objective_noop_matches_baseline_loss 
tests/test_research.py::test_optimizer_noop_matches_baseline_updates 
[gw7] [ 22%] PASSED tests/test_evaluation_fixtures.py::test_evaluation_and_generation_training_isolation 
tests/test_exclusion_benchmark.py::test_full_example_contamination_is_detected 
[gw7] [ 22%] PASSED tests/test_exclusion_benchmark.py::test_full_example_contamination_is_detected 
tests/test_exclusion_benchmark.py::test_informative_span_contamination_is_detected 
[gw7] [ 22%] PASSED tests/test_exclusion_benchmark.py::test_informative_span_contamination_is_detected 
tests/test_exclusion_benchmark.py::test_all_candidate_answers_are_indexed_not_just_the_gold_one 
[gw7] [ 22%] PASSED tests/test_exclusion_benchmark.py::test_all_candidate_answers_are_indexed_not_just_the_gold_one 
tests/test_exclusion_benchmark.py::test_ordinary_english_sharing_a_common_phrase_is_not_excluded 
[gw7] [ 22%] PASSED tests/test_exclusion_benchmark.py::test_ordinary_english_sharing_a_common_phrase_is_not_excluded 
tests/test_exclusion_benchmark.py::test_span_frequency_suppression_threshold_is_configurable 
[gw7] [ 22%] PASSED tests/test_exclusion_benchmark.py::test_span_frequency_suppression_threshold_is_configurable 
tests/test_exclusion_benchmark.py::test_short_span_length_is_rejected_by_the_schema 
[gw7] [ 22%] PASSED tests/test_exclusion_benchmark.py::test_short_span_length_is_rejected_by_the_schema 
tests/test_exclusion_benchmark.py::test_report_contains_no_benchmark_text_or_labels 
[gw7] [ 22%] PASSED tests/test_exclusion_benchmark.py::test_report_contains_no_benchmark_text_or_labels 
tests/test_exclusion_benchmark.py::test_report_states_its_own_limits_honestly 
[gw7] [ 22%] PASSED tests/test_exclusion_benchmark.py::test_report_states_its_own_limits_honestly 
tests/test_exclusion_benchmark.py::test_paraphrase_is_acknowledged_as_undetected 
[gw7] [ 22%] PASSED tests/test_exclusion_benchmark.py::test_paraphrase_is_acknowledged_as_undetected 
tests/test_exclusion_benchmark.py::test_exclusion_policy_identity_changes_with_behavioral_settings 
[gw7] [ 22%] PASSED tests/test_exclusion_benchmark.py::test_exclusion_policy_identity_changes_with_behavioral_settings 
tests/test_exclusion_receipt.py::test_signed_receipt_from_a_trusted_issuer_verifies 
[gw7] [ 23%] PASSED tests/test_exclusion_receipt.py::test_signed_receipt_from_a_trusted_issuer_verifies 
tests/test_exclusion_receipt.py::test_unsigned_receipt_is_rejected_under_protected_policy 
[gw7] [ 23%] PASSED tests/test_exclusion_receipt.py::test_unsigned_receipt_is_rejected_under_protected_policy 
tests/test_exclusion_receipt.py::test_untrusted_issuer_is_rejected 
[gw7] [ 23%] PASSED tests/test_exclusion_receipt.py::test_untrusted_issuer_is_rejected 
tests/test_exclusion_receipt.py::test_tampered_receipt_fails_signature_verification 
[gw7] [ 23%] PASSED tests/test_exclusion_receipt.py::test_tampered_receipt_fails_signature_verification 
tests/test_exclusion_receipt.py::test_wrong_key_fails_signature_verification 
[gw7] [ 23%] PASSED tests/test_exclusion_receipt.py::test_wrong_key_fails_signature_verification 
tests/test_exclusion_receipt.py::test_malformed_receipts_are_rejected[overrides0-malformed] 
[gw7] [ 23%] PASSED tests/test_exclusion_receipt.py::test_malformed_receipts_are_rejected[overrides0-malformed] 
tests/test_exclusion_receipt.py::test_malformed_receipts_are_rejected[overrides1-malformed] 
[gw7] [ 23%] PASSED tests/test_exclusion_receipt.py::test_malformed_receipts_are_rejected[overrides1-malformed] 
tests/test_exclusion_receipt.py::test_malformed_receipts_are_rejected[overrides2-malformed] 
[gw7] [ 23%] PASSED tests/test_exclusion_receipt.py::test_malformed_receipts_are_rejected[overrides2-malformed] 
tests/test_exclusion_receipt.py::test_malformed_receipts_are_rejected[overrides3-malformed] 
[gw7] [ 23%] PASSED tests/test_exclusion_receipt.py::test_malformed_receipts_are_rejected[overrides3-malformed] 
tests/test_exclusion_receipt.py::test_malformed_receipts_are_rejected[overrides4-unsupported receipt schema version] 
[gw7] [ 23%] PASSED tests/test_exclusion_receipt.py::test_malformed_receipts_are_rejected[overrides4-unsupported receipt schema version] 
tests/test_exclusion_receipt.py::test_malformed_receipts_are_rejected[overrides5-inconsistent] 
[gw7] [ 23%] PASSED tests/test_exclusion_receipt.py::test_malformed_receipts_are_rejected[overrides5-inconsistent] 
tests/test_exclusion_receipt.py::test_malformed_receipts_are_rejected[overrides6-inconsistent] 
[gw7] [ 23%] PASSED tests/test_exclusion_receipt.py::test_malformed_receipts_are_rejected[overrides6-inconsistent] 
tests/test_exclusion_receipt.py::test_receipt_carrying_protected_content_is_rejected 
[gw7] [ 24%] PASSED tests/test_exclusion_receipt.py::test_receipt_carrying_protected_content_is_rejected 
tests/test_exclusion_receipt.py::test_receipt_must_be_bound_to_the_submitted_corpus_batch 
[gw7] [ 24%] PASSED tests/test_exclusion_receipt.py::test_receipt_must_be_bound_to_the_submitted_corpus_batch 
tests/test_exclusion_receipt.py::test_development_receipt_cannot_satisfy_a_protected_policy_check 
[gw7] [ 24%] PASSED tests/test_exclusion_receipt.py::test_development_receipt_cannot_satisfy_a_protected_policy_check 
tests/test_exclusion_receipt.py::test_development_receipt_binds_inputs_and_output_membership 
[gw7] [ 24%] PASSED tests/test_exclusion_receipt.py::test_development_receipt_binds_inputs_and_output_membership 
tests/test_exclusion_receipt.py::test_receipt_contains_no_benchmark_text_or_example_identifiers 
[gw7] [ 24%] PASSED tests/test_exclusion_receipt.py::test_receipt_contains_no_benchmark_text_or_example_identifiers 
tests/test_exclusion_receipt.py::test_receipt_round_trips_through_disk 
[gw7] [ 24%] PASSED tests/test_exclusion_receipt.py::test_receipt_round_trips_through_disk 
tests/test_exclusion_receipt.py::test_receipt_with_unexpected_fields_is_rejected_on_load 
[gw7] [ 24%] PASSED tests/test_exclusion_receipt.py::test_receipt_with_unexpected_fields_is_rejected_on_load 
tests/test_exclusion_receipt.py::test_unknown_policy_name_is_rejected 
[gw7] [ 24%] PASSED tests/test_exclusion_receipt.py::test_unknown_policy_name_is_rejected 
tests/test_exclusion_receipt.py::test_protected_paths_are_refused_in_the_coding_workspace 
[gw7] [ 24%] PASSED tests/test_exclusion_receipt.py::test_protected_paths_are_refused_in_the_coding_workspace 
tests/test_exclusion_receipt.py::test_protected_access_guard_is_documented_as_not_os_isolation 
[gw7] [ 24%] PASSED tests/test_exclusion_receipt.py::test_protected_access_guard_is_documented_as_not_os_isolation 
tests/test_experiment_plans.py::test_snapshot_round_trip_and_immutability 
[gw15] [ 24%] PASSED tests/test_tokenizer_regime.py::test_byte_offsets_partition_the_canonical_bytes[currency] 
tests/test_tokenizer_regime.py::test_byte_offsets_partition_the_canonical_bytes[combining_marks] 
[gw15] [ 25%] PASSED tests/test_tokenizer_regime.py::test_byte_offsets_partition_the_canonical_bytes[combining_marks] 
tests/test_tokenizer_regime.py::test_byte_offsets_partition_the_canonical_bytes[emoji] 
[gw15] [ 25%] PASSED tests/test_tokenizer_regime.py::test_byte_offsets_partition_the_canonical_bytes[emoji] 
tests/test_tokenizer_regime.py::test_byte_offsets_partition_the_canonical_bytes[literal_specials] 
[gw15] [ 25%] PASSED tests/test_tokenizer_regime.py::test_byte_offsets_partition_the_canonical_bytes[literal_specials] 
tests/test_tokenizer_regime.py::test_byte_offsets_partition_the_canonical_bytes[mixed] 
[gw15] [ 25%] PASSED tests/test_tokenizer_regime.py::test_byte_offsets_partition_the_canonical_bytes[mixed] 
tests/test_tokenizer_regime.py::test_byte_offsets_partition_the_canonical_bytes[whitespace] 
[gw15] [ 25%] PASSED tests/test_tokenizer_regime.py::test_byte_offsets_partition_the_canonical_bytes[whitespace] 
tests/test_tokenizer_regime.py::test_byte_offsets_partition_the_canonical_bytes[control_whitespace] 
[gw15] [ 25%] PASSED tests/test_tokenizer_regime.py::test_byte_offsets_partition_the_canonical_bytes[control_whitespace] 
tests/test_tokenizer_regime.py::test_byte_coverage_is_complete[proper_names_latin] 
[gw15] [ 25%] PASSED tests/test_tokenizer_regime.py::test_byte_coverage_is_complete[proper_names_latin] 
tests/test_tokenizer_regime.py::test_byte_coverage_is_complete[cyrillic] 
[gw15] [ 25%] PASSED tests/test_tokenizer_regime.py::test_byte_coverage_is_complete[cyrillic] 
tests/test_tokenizer_regime.py::test_byte_coverage_is_complete[cjk] 
[gw15] [ 25%] PASSED tests/test_tokenizer_regime.py::test_byte_coverage_is_complete[cjk] 
tests/test_tokenizer_regime.py::test_byte_coverage_is_complete[greek] 
[gw15] [ 25%] PASSED tests/test_tokenizer_regime.py::test_byte_coverage_is_complete[greek] 
tests/test_tokenizer_regime.py::test_byte_coverage_is_complete[code_indent] 
[gw15] [ 25%] PASSED tests/test_tokenizer_regime.py::test_byte_coverage_is_complete[code_indent] 
tests/test_tokenizer_regime.py::test_byte_coverage_is_complete[math_symbols] 
[gw15] [ 25%] PASSED tests/test_tokenizer_regime.py::test_byte_coverage_is_complete[math_symbols] 
tests/test_tokenizer_regime.py::test_byte_coverage_is_complete[currency] 
[gw15] [ 26%] PASSED tests/test_tokenizer_regime.py::test_byte_coverage_is_complete[currency] 
tests/test_tokenizer_regime.py::test_byte_coverage_is_complete[combining_marks] 
[gw15] [ 26%] PASSED tests/test_tokenizer_regime.py::test_byte_coverage_is_complete[combining_marks] 
tests/test_tokenizer_regime.py::test_byte_coverage_is_complete[emoji] 
[gw15] [ 26%] PASSED tests/test_tokenizer_regime.py::test_byte_coverage_is_complete[emoji] 
tests/test_tokenizer_regime.py::test_byte_coverage_is_complete[literal_specials] 
[gw15] [ 26%] PASSED tests/test_tokenizer_regime.py::test_byte_coverage_is_complete[literal_specials] 
tests/test_tokenizer_regime.py::test_byte_coverage_is_complete[mixed] 
[gw15] [ 26%] PASSED tests/test_tokenizer_regime.py::test_byte_coverage_is_complete[mixed] 
tests/test_tokenizer_regime.py::test_byte_coverage_is_complete[whitespace] 
[gw15] [ 26%] PASSED tests/test_tokenizer_regime.py::test_byte_coverage_is_complete[whitespace] 
tests/test_tokenizer_regime.py::test_byte_coverage_is_complete[control_whitespace] 
[gw15] [ 26%] PASSED tests/test_tokenizer_regime.py::test_byte_coverage_is_complete[control_whitespace] 
tests/test_tokenizer_regime.py::test_offset_slices_reconstruct_their_own_token_bytes 
[gw15] [ 26%] PASSED tests/test_tokenizer_regime.py::test_offset_slices_reconstruct_their_own_token_bytes 
tests/test_tokenizer_regime.py::test_ordinary_text_never_becomes_a_control_token 
[gw15] [ 26%] PASSED tests/test_tokenizer_regime.py::test_ordinary_text_never_becomes_a_control_token 
tests/test_tokenizer_regime.py::test_structural_framing_adds_zero_width_boundary_offsets 
[gw15] [ 26%] PASSED tests/test_tokenizer_regime.py::test_structural_framing_adds_zero_width_boundary_offsets 
tests/test_tokenizer_regime.py::test_empty_text_round_trips 
[gw15] [ 26%] PASSED tests/test_tokenizer_regime.py::test_empty_text_round_trips 
tests/test_tokenizer_regime.py::test_tokenizer_save_load_preserves_identity 
[gw12] [ 26%] PASSED tests/test_prepare.py::test_plan_only_reports_statuses_without_executing 
tests/test_prepare.py::test_missing_approval_blocks_with_named_reason 
[gw7] [ 27%] PASSED tests/test_experiment_plans.py::test_snapshot_round_trip_and_immutability 
tests/test_tokenizers.py::test_cli_tokenizer_workflow 
[gw10] [ 27%] PASSED tests/test_mixture_stream.py::test_a_second_tokenizer_invalidates_the_shards 
tests/test_mixture_stream.py::test_matched_byte_plan_holds_raw_exposure_across_real_tokenizers 
[gw4] [ 27%] PASSED tests/test_cli_pool_freeze.py::test_freeze_fits_tokenizer_and_writes_a_mixture_free_regime 
tests/test_cli_pool_freeze.py::test_freeze_refuses_an_unauthorized_large_fit 
[gw11] [ 27%] PASSED tests/test_models.py::test_cli_model_inspect_subprocess[tiny] 
tests/test_models.py::test_cli_model_inspect_subprocess[50m] 
[gw15] [ 27%] PASSED tests/test_tokenizer_regime.py::test_tokenizer_save_load_preserves_identity 
tests/test_tokenizer_regime.py::test_demo_fit_is_not_marked_a_production_baseline 
[gw15] [ 27%] PASSED tests/test_tokenizer_regime.py::test_demo_fit_is_not_marked_a_production_baseline 
tests/test_tokenizer_regime.py::test_fitted_vocabulary_reflects_the_multilingual_fit_sample 
[gw15] [ 27%] PASSED tests/test_tokenizer_regime.py::test_fitted_vocabulary_reflects_the_multilingual_fit_sample 
tests/test_tokenizer_regime.py::test_offsets_handle_multi_byte_characters_without_splitting_reconstruction 
[gw15] [ 27%] PASSED tests/test_tokenizer_regime.py::test_offsets_handle_multi_byte_characters_without_splitting_reconstruction 
tests/test_tokenizer_regime.py::test_batch_encode_matches_individual_encoding 
[gw15] [ 27%] PASSED tests/test_tokenizer_regime.py::test_batch_encode_matches_individual_encoding 
tests/test_tokenizers.py::test_byte_tokenizer_fixture_properties_and_reversibility 
[gw15] [ 27%] PASSED tests/test_tokenizers.py::test_byte_tokenizer_fixture_properties_and_reversibility 
tests/test_tokenizers.py::test_byte_level_bpe_training_and_reversibility 
[gw15] [ 27%] PASSED tests/test_tokenizers.py::test_byte_level_bpe_training_and_reversibility 
tests/test_tokenizers.py::test_bpe_fit_on_ascii_reconstructs_unseen_unicode_without_unk 
[gw15] [ 28%] PASSED tests/test_tokenizers.py::test_bpe_fit_on_ascii_reconstructs_unseen_unicode_without_unk 
tests/test_tokenizers.py::test_literal_special_token_protection 
[gw15] [ 28%] PASSED tests/test_tokenizers.py::test_literal_special_token_protection 
tests/test_tokenizers.py::test_structural_framing_and_duplicate_prevention 
[gw15] [ 28%] PASSED tests/test_tokenizers.py::test_structural_framing_and_duplicate_prevention 
tests/test_tokenizers.py::test_train_only_fitting_enforcement 
[gw15] [ 28%] PASSED tests/test_tokenizers.py::test_train_only_fitting_enforcement 
tests/test_tokenizers.py::test_bpe_save_load_identity 
[gw15] [ 28%] PASSED tests/test_tokenizers.py::test_bpe_save_load_identity 
tests/test_tokenizers.py::test_out_of_bounds_and_negative_id_validation 
[gw15] [ 28%] PASSED tests/test_tokenizers.py::test_out_of_bounds_and_negative_id_validation 
tests/test_cli_inventory.py::test_every_registered_command_help[xlm mixture preset-diff] 
[gw10] [ 28%] PASSED tests/test_mixture_stream.py::test_matched_byte_plan_holds_raw_exposure_across_real_tokenizers 
tests/test_mixture_stream.py::test_observed_shares_match_configured_weights_on_unequal_sources 
[gw2] [ 28%] PASSED tests/test_checkpoint.py::test_checksum_valid_checkpoint_still_refuses_pickle_globals 
tests/test_checkpoint.py::test_checkpoint_save_and_reload_roundtrip 
[gw4] [ 28%] PASSED tests/test_cli_pool_freeze.py::test_freeze_refuses_an_unauthorized_large_fit 
tests/test_cli_pool_freeze.py::test_pool_build_rejects_a_missing_views_file 
[gw7] [ 28%] PASSED tests/test_tokenizers.py::test_cli_tokenizer_workflow 
tests/test_trainer.py::test_trainer_overfitting_criterion 
[gw4] [ 28%] PASSED tests/test_cli_pool_freeze.py::test_pool_build_rejects_a_missing_views_file 
tests/test_cli_train_demo.py::test_cli_demo_subprocess 
[gw10] [ 28%] PASSED tests/test_mixture_stream.py::test_observed_shares_match_configured_weights_on_unequal_sources 
tests/test_mixture_stream.py::test_exact_token_stopping_at_a_nonmultiple_budget 
[gw14] [ 29%] PASSED tests/test_research.py::test_optimizer_noop_matches_baseline_updates 
tests/test_research.py::test_tokenizer_noop_matches_baseline_deterministically 
[gw14] [ 29%] PASSED tests/test_research.py::test_tokenizer_noop_matches_baseline_deterministically 
tests/test_research.py::test_baseline_combination_passes_and_unsupported_ones_fail 
[gw10] [ 29%] PASSED tests/test_mixture_stream.py::test_exact_token_stopping_at_a_nonmultiple_budget 
[gw14] [ 29%] PASSED tests/test_research.py::test_baseline_combination_passes_and_unsupported_ones_fail 
tests/test_mixture_stream.py::test_zero_or_negative_budget_produces_no_batches 
tests/test_research.py::test_objective_owned_state_survives_resume 
[gw12] [ 29%] PASSED tests/test_prepare.py::test_missing_approval_blocks_with_named_reason 
tests/test_acquisition_fetcher.py::test_fetcher_malicious_redirect_blocked 
[gw10] [ 29%] PASSED tests/test_mixture_stream.py::test_zero_or_negative_budget_produces_no_batches 
tests/test_mixture_stream.py::test_batches_carry_masks_positions_and_source_attribution 
[gw15] [ 29%] PASSED tests/test_cli_inventory.py::test_every_registered_command_help[xlm mixture preset-diff] 
tests/test_cli_inventory.py::test_every_registered_command_help[xlm mixture preset-validate] 
[gw3] [ 29%] PASSED tests/test_cli_inventory.py::test_every_registered_command_help[xlm data clean] 
tests/test_cli_inventory.py::test_every_registered_command_help[xlm data dedup] 
[gw15] [ 29%] PASSED tests/test_cli_inventory.py::test_every_registered_command_help[xlm mixture preset-validate] 
[gw3] [ 29%] PASSED tests/test_cli_inventory.py::test_every_registered_command_help[xlm data dedup] 
tests/test_cli_inventory.py::test_every_registered_command_help[xlm mixture preview] 
tests/test_cli_inventory.py::test_every_registered_command_help[xlm data fetch] 
[gw10] [ 29%] PASSED tests/test_mixture_stream.py::test_batches_carry_masks_positions_and_source_attribution 
tests/test_mixture_stream.py::test_isolated_packing_mode_is_honoured 
[gw3] [ 29%] PASSED tests/test_cli_inventory.py::test_every_registered_command_help[xlm data fetch] 
[gw15] [ 30%] PASSED tests/test_cli_inventory.py::test_every_registered_command_help[xlm mixture preview] 
tests/test_cli_inventory.py::test_every_registered_command_help[xlm data freeze] 
tests/test_cli_inventory.py::test_every_registered_command_help[xlm mixture validate] 
[gw15] [ 30%] PASSED tests/test_cli_inventory.py::test_every_registered_command_help[xlm mixture validate] 
tests/test_cli_inventory.py::test_every_registered_command_help[xlm model] 
[gw3] [ 30%] PASSED tests/test_cli_inventory.py::test_every_registered_command_help[xlm data freeze] 
tests/test_cli_inventory.py::test_every_registered_command_help[xlm data import-local] 
[gw15] [ 30%] PASSED tests/test_cli_inventory.py::test_every_registered_command_help[xlm model] 
tests/test_cli_inventory.py::test_every_registered_command_help[xlm model inspect] 
[gw3] [ 30%] PASSED tests/test_cli_inventory.py::test_every_registered_command_help[xlm data import-local] 
tests/test_cli_inventory.py::test_every_registered_command_help[xlm data mix01-status] 
[gw10] [ 30%] PASSED tests/test_mixture_stream.py::test_isolated_packing_mode_is_honoured 
tests/test_mixture_stream.py::test_interrupted_run_resumes_to_identical_ids_and_masks 
[gw15] [ 30%] PASSED tests/test_cli_inventory.py::test_every_registered_command_help[xlm model inspect] 
tests/test_cli_inventory.py::test_every_registered_command_help[xlm prepare] 
[gw3] [ 30%] PASSED tests/test_cli_inventory.py::test_every_registered_command_help[xlm data mix01-status] 
tests/test_cli_inventory.py::test_every_registered_command_help[xlm data plan] 
[gw15] [ 30%] PASSED tests/test_cli_inventory.py::test_every_registered_command_help[xlm prepare] 
tests/test_cli_inventory.py::test_every_registered_command_help[xlm profile] 
[gw3] [ 30%] PASSED tests/test_cli_inventory.py::test_every_registered_command_help[xlm data plan] 
tests/test_cli_inventory.py::test_every_registered_command_help[xlm data pool] 
[gw3] [ 30%] PASSED tests/test_cli_inventory.py::test_every_registered_command_help[xlm data pool] 
tests/test_cli_inventory.py::test_every_registered_command_help[xlm data pool build] 
[gw3] [ 30%] PASSED tests/test_cli_inventory.py::test_every_registered_command_help[xlm data pool build] 
tests/test_cli_inventory.py::test_every_registered_command_help[xlm data pool inspect] 
[gw3] [ 31%] PASSED tests/test_cli_inventory.py::test_every_registered_command_help[xlm data pool inspect] 
tests/test_cli_inventory.py::test_every_registered_command_help[xlm data pool verify] 
[gw3] [ 31%] PASSED tests/test_cli_inventory.py::test_every_registered_command_help[xlm data pool verify] 
tests/test_cli_inventory.py::test_every_registered_command_help[xlm data probe] 
[gw3] [ 31%] PASSED tests/test_cli_inventory.py::test_every_registered_command_help[xlm data probe] 
tests/test_cli_inventory.py::test_every_registered_command_help[xlm data quality-report] 
[gw15] [ 31%] PASSED tests/test_cli_inventory.py::test_every_registered_command_help[xlm profile] 
tests/test_cli_inventory.py::test_every_registered_command_help[xlm promote] 
[gw3] [ 31%] PASSED tests/test_cli_inventory.py::test_every_registered_command_help[xlm data quality-report] 
tests/test_cli_inventory.py::test_every_registered_command_help[xlm data sources] 
[gw15] [ 31%] PASSED tests/test_cli_inventory.py::test_every_registered_command_help[xlm promote] 
tests/test_cli_inventory.py::test_every_registered_command_help[xlm queue] 
[gw3] [ 31%] PASSED tests/test_cli_inventory.py::test_every_registered_command_help[xlm data sources] 
tests/test_cli_inventory.py::test_every_registered_command_help[xlm data split] 
[gw15] [ 31%] PASSED tests/test_cli_inventory.py::test_every_registered_command_help[xlm queue] 
tests/test_cli_inventory.py::test_every_registered_command_help[xlm queue cancel] 
[gw13] [ 31%] PASSED tests/test_prepare.py::test_stale_inputs_invalidate_downstream 
tests/test_prepare.py::test_execution_requires_explicit_authorization 
[gw13] [ 31%] PASSED tests/test_prepare.py::test_execution_requires_explicit_authorization 
tests/test_prepare.py::test_full_toy_run_reuses_on_repeat 
[gw3] [ 31%] PASSED tests/test_cli_inventory.py::test_every_registered_command_help[xlm data split] 
tests/test_cli_inventory.py::test_every_registered_command_help[xlm data status] 
[gw15] [ 32%] PASSED tests/test_cli_inventory.py::test_every_registered_command_help[xlm queue cancel] 
tests/test_cli_inventory.py::test_every_registered_command_help[xlm queue run] 
[gw10] [ 32%] PASSED tests/test_mixture_stream.py::test_interrupted_run_resumes_to_identical_ids_and_masks 
tests/test_mixture_stream.py::test_resume_restores_masks_and_scheduler_counters 
[gw3] [ 32%] PASSED tests/test_cli_inventory.py::test_every_registered_command_help[xlm data status] 
tests/test_cli_inventory.py::test_every_registered_command_help[xlm data tokenize] 
[gw15] [ 32%] PASSED tests/test_cli_inventory.py::test_every_registered_command_help[xlm queue run] 
tests/test_cli_inventory.py::test_every_registered_command_help[xlm queue status] 
[gw3] [ 32%] PASSED tests/test_cli_inventory.py::test_every_registered_command_help[xlm data tokenize] 
tests/test_cli_inventory.py::test_every_registered_command_help[xlm data verify] 
[gw15] [ 32%] PASSED tests/test_cli_inventory.py::test_every_registered_command_help[xlm queue status] 
tests/test_cli_inventory.py::test_every_registered_command_help[xlm release] 
[gw3] [ 32%] PASSED tests/test_cli_inventory.py::test_every_registered_command_help[xlm data verify] 
tests/test_cli_inventory.py::test_every_registered_command_help[xlm demo] 
[gw15] [ 32%] PASSED tests/test_cli_inventory.py::test_every_registered_command_help[xlm release] 
tests/test_cli_inventory.py::test_every_registered_command_help[xlm release audit] 
[gw3] [ 32%] PASSED tests/test_cli_inventory.py::test_every_registered_command_help[xlm demo] 
tests/test_cli_inventory.py::test_every_registered_command_help[xlm doctor] 
[gw15] [ 32%] PASSED tests/test_cli_inventory.py::test_every_registered_command_help[xlm release audit] 
tests/test_cli_inventory.py::test_every_registered_command_help[xlm report] 
[gw3] [ 32%] PASSED tests/test_cli_inventory.py::test_every_registered_command_help[xlm doctor] 
tests/test_cli_inventory.py::test_every_registered_command_help[xlm evaluate] 
[gw15] [ 32%] PASSED tests/test_cli_inventory.py::test_every_registered_command_help[xlm report] 
tests/test_cli_inventory.py::test_every_registered_command_help[xlm research] 
[gw10] [ 33%] PASSED tests/test_mixture_stream.py::test_resume_restores_masks_and_scheduler_counters 
tests/test_mixture_stream.py::test_rollback_discards_speculative_progress 
[gw0] [ 33%] PASSED tests/test_acquisition_bounds.py::test_original_valid_transfer_and_restart_consumption 
tests/test_acquisition_bounds.py::test_completed_original_is_never_repaired[same_length] 
[gw15] [ 33%] PASSED tests/test_cli_inventory.py::test_every_registered_command_help[xlm research] 
tests/test_cli_inventory.py::test_every_registered_command_help[xlm research check-plugin] 
[gw3] [ 33%] PASSED tests/test_cli_inventory.py::test_every_registered_command_help[xlm evaluate] 
tests/test_cli_inventory.py::test_every_registered_command_help[xlm experiment] 
[gw15] [ 33%] PASSED tests/test_cli_inventory.py::test_every_registered_command_help[xlm research check-plugin] 
tests/test_cli_inventory.py::test_every_registered_command_help[xlm research idea] 
[gw3] [ 33%] PASSED tests/test_cli_inventory.py::test_every_registered_command_help[xlm experiment] 
tests/test_cli_inventory.py::test_every_registered_command_help[xlm experiment authorize] 
[gw2] [ 33%] PASSED tests/test_checkpoint.py::test_checkpoint_save_and_reload_roundtrip 
tests/test_checkpoint.py::test_checkpoint_checksum_corruption_detection 
[gw15] [ 33%] PASSED tests/test_cli_inventory.py::test_every_registered_command_help[xlm research idea] 
tests/test_cli_inventory.py::test_every_registered_command_help[xlm research idea new] 
[gw3] [ 33%] PASSED tests/test_cli_inventory.py::test_every_registered_command_help[xlm experiment authorize] 
tests/test_cli_inventory.py::test_every_registered_command_help[xlm experiment plan] 
[gw15] [ 33%] PASSED tests/test_cli_inventory.py::test_every_registered_command_help[xlm research idea new] 
tests/test_cli_inventory.py::test_every_registered_command_help[xlm research idea validate] 
[gw3] [ 33%] PASSED tests/test_cli_inventory.py::test_every_registered_command_help[xlm experiment plan] 
tests/test_cli_inventory.py::test_every_registered_command_help[xlm experiment submit] 
[gw15] [ 33%] PASSED tests/test_cli_inventory.py::test_every_registered_command_help[xlm research idea validate] 
tests/test_cli_inventory.py::test_every_registered_command_help[xlm research scaffold] 
[gw3] [ 34%] PASSED tests/test_cli_inventory.py::test_every_registered_command_help[xlm experiment submit] 
tests/test_cli_inventory.py::test_every_registered_command_help[xlm export] 
[gw11] [ 34%] PASSED tests/test_models.py::test_cli_model_inspect_subprocess[50m] 
tests/test_models.py::test_cli_model_inspect_subprocess[150m] 
[gw15] [ 34%] PASSED tests/test_cli_inventory.py::test_every_registered_command_help[xlm research scaffold] 
tests/test_cli_inventory.py::test_every_registered_command_help[xlm resume] 
[gw10] [ 34%] PASSED tests/test_mixture_stream.py::test_rollback_discards_speculative_progress 
tests/test_mixture_stream.py::test_resume_refuses_a_checkpoint_from_a_different_mixture 
[gw3] [ 34%] PASSED tests/test_cli_inventory.py::test_every_registered_command_help[xlm export] 
tests/test_cli_inventory.py::test_every_registered_command_help[xlm final] 
[gw15] [ 34%] PASSED tests/test_cli_inventory.py::test_every_registered_command_help[xlm resume] 
tests/test_cli_inventory.py::test_every_registered_command_help[xlm run] 
[gw3] [ 34%] PASSED tests/test_cli_inventory.py::test_every_registered_command_help[xlm final] 
tests/test_cli_inventory.py::test_every_registered_command_help[xlm final execute] 
[gw15] [ 34%] PASSED tests/test_cli_inventory.py::test_every_registered_command_help[xlm run] 
[gw3] [ 34%] PASSED tests/test_cli_inventory.py::test_every_registered_command_help[xlm final execute] 
tests/test_cli_inventory.py::test_every_registered_command_help[xlm final request] 
tests/test_cli_inventory.py::test_every_registered_command_help[xlm run inspect] 
[gw15] [ 34%] PASSED tests/test_cli_inventory.py::test_every_registered_command_help[xlm run inspect] 
tests/test_cli_inventory.py::test_every_registered_command_help[xlm runs] 
[gw3] [ 34%] PASSED tests/test_cli_inventory.py::test_every_registered_command_help[xlm final request] 
tests/test_cli_inventory.py::test_every_registered_command_help[xlm final verify-receipt] 
[gw15] [ 35%] PASSED tests/test_cli_inventory.py::test_every_registered_command_help[xlm runs] 
tests/test_cli_inventory.py::test_every_registered_command_help[xlm runs list] 
[gw3] [ 35%] PASSED tests/test_cli_inventory.py::test_every_registered_command_help[xlm final verify-receipt] 
tests/test_cli_inventory.py::test_every_registered_command_help[xlm generate] 
[gw10] [ 35%] PASSED tests/test_mixture_stream.py::test_resume_refuses_a_checkpoint_from_a_different_mixture 
tests/test_mixture_stream.py::test_batching_is_independent_of_microbatch_grouping 
[gw15] [ 35%] PASSED tests/test_cli_inventory.py::test_every_registered_command_help[xlm runs list] 
tests/test_cli_inventory.py::test_every_registered_command_help[xlm tokenizer] 
[gw3] [ 35%] PASSED tests/test_cli_inventory.py::test_every_registered_command_help[xlm generate] 
tests/test_cli_inventory.py::test_every_registered_command_help[xlm generate-session] 
[gw15] [ 35%] PASSED tests/test_cli_inventory.py::test_every_registered_command_help[xlm tokenizer] 
tests/test_cli_inventory.py::test_every_registered_command_help[xlm tokenizer encode] 
[gw3] [ 35%] PASSED tests/test_cli_inventory.py::test_every_registered_command_help[xlm generate-session] 
tests/test_cli_inventory.py::test_every_registered_command_help[xlm maintenance] 
[gw15] [ 35%] PASSED tests/test_cli_inventory.py::test_every_registered_command_help[xlm tokenizer encode] 
[gw3] [ 35%] PASSED tests/test_cli_inventory.py::test_every_registered_command_help[xlm maintenance] 
tests/test_cli_inventory.py::test_every_registered_command_help[xlm mixture] 
tests/test_cli_inventory.py::test_every_registered_command_help[xlm tokenizer inspect] 
[gw8] [ 35%] PASSED tests/test_experiment_plans.py::test_seed_and_source_changes_alter_plan_identity 
tests/test_experiment_plans.py::test_plan_round_trips_through_json 
[gw10] [ 35%] PASSED tests/test_mixture_stream.py::test_batching_is_independent_of_microbatch_grouping 
tests/test_mixture_stream.py::test_exhaustion_raises_when_repeat_is_disabled 
[gw3] [ 35%] PASSED tests/test_cli_inventory.py::test_every_registered_command_help[xlm mixture] 
[gw15] [ 36%] PASSED tests/test_cli_inventory.py::test_every_registered_command_help[xlm tokenizer inspect] 
tests/test_cli_inventory.py::test_every_registered_command_help[xlm tokenizer train] 
tests/test_cli_inventory.py::test_every_registered_command_help[xlm mixture inspect] 
[gw10] [ 36%] PASSED tests/test_mixture_stream.py::test_exhaustion_raises_when_repeat_is_disabled 
tests/test_mixture_stream.py::test_bounded_repeat_counts_repeated_targets_separately 
[gw3] [ 36%] PASSED tests/test_cli_inventory.py::test_every_registered_command_help[xlm mixture inspect] 
tests/test_cli_inventory.py::test_every_registered_command_help[xlm mixture matched-plan] 
[gw15] [ 36%] PASSED tests/test_cli_inventory.py::test_every_registered_command_help[xlm tokenizer train] 
tests/test_cli_inventory.py::test_every_registered_command_help[xlm tokenizer verify] 
[gw10] [ 36%] PASSED tests/test_mixture_stream.py::test_bounded_repeat_counts_repeated_targets_separately 
tests/test_mixture_stream.py::test_missing_shard_for_a_weighted_source_is_refused 
[gw3] [ 36%] PASSED tests/test_cli_inventory.py::test_every_registered_command_help[xlm mixture matched-plan] 
tests/test_cli_inventory.py::test_every_registered_command_help[xlm mixture plan] 
[gw15] [ 36%] PASSED tests/test_cli_inventory.py::test_every_registered_command_help[xlm tokenizer verify] 
tests/test_cli_inventory.py::test_every_registered_command_help[xlm train] 
[gw3] [ 36%] PASSED tests/test_cli_inventory.py::test_every_registered_command_help[xlm mixture plan] 
tests/test_imports.py::test_package_metadata_and_location 
[gw3] [ 36%] PASSED tests/test_imports.py::test_package_metadata_and_location 
tests/test_ledger.py::test_ledger_initialization_and_run_state_transitions 
[gw15] [ 36%] PASSED tests/test_cli_inventory.py::test_every_registered_command_help[xlm train] 
tests/test_cli_pool_freeze.py::test_pool_build_inspect_verify_roundtrip 
[gw10] [ 36%] PASSED tests/test_mixture_stream.py::test_missing_shard_for_a_weighted_source_is_refused 
tests/test_mixture_stream.py::test_invalid_batcher_configuration_is_rejected 
[gw15] [ 36%] PASSED tests/test_cli_pool_freeze.py::test_pool_build_inspect_verify_roundtrip 
tests/test_cli_pool_freeze.py::test_pool_inspect_json_is_valid 
[gw10] [ 37%] PASSED tests/test_mixture_stream.py::test_invalid_batcher_configuration_is_rejected 
tests/test_models.py::test_meta_parameter_counts_exact_matches 
[gw15] [ 37%] PASSED tests/test_cli_pool_freeze.py::test_pool_inspect_json_is_valid 
tests/test_cli_pool_freeze.py::test_pool_verify_fails_on_altered_documents 
[gw4] [ 37%] PASSED tests/test_cli_train_demo.py::test_cli_demo_subprocess 
tests/test_cli_train_demo.py::test_cli_run_inspect_subprocess 
[gw15] [ 37%] PASSED tests/test_cli_pool_freeze.py::test_pool_verify_fails_on_altered_documents 
tests/test_operator.py::test_cli_final_request_builds_but_never_executes 
[gw15] [ 37%] PASSED tests/test_operator.py::test_cli_final_request_builds_but_never_executes 
tests/test_operator.py::test_cli_final_execute_refuses_without_operator 
[gw2] [ 37%] PASSED tests/test_checkpoint.py::test_checkpoint_checksum_corruption_detection 
tests/test_checkpoint.py::test_checkpoint_plan_compatibility_validation 
[gw15] [ 37%] PASSED tests/test_operator.py::test_cli_final_execute_refuses_without_operator 
tests/test_operator.py::test_cli_release_audit_gates_releases 
[gw7] [ 37%] PASSED tests/test_trainer.py::test_trainer_overfitting_criterion 
tests/test_trainer.py::test_trainer_exact_token_budget_completion 
[gw15] [ 37%] PASSED tests/test_operator.py::test_cli_release_audit_gates_releases 
tests/test_optimizers.py::test_parameter_grouping_completeness_and_tied_weights 
[gw10] [ 37%] PASSED tests/test_models.py::test_meta_parameter_counts_exact_matches 
tests/test_models.py::test_cpu_tiny_parameter_enumeration 
[gw10] [ 37%] PASSED tests/test_models.py::test_cpu_tiny_parameter_enumeration 
tests/test_models.py::test_untied_model_fixture_cross_check 
[gw10] [ 38%] PASSED tests/test_models.py::test_untied_model_fixture_cross_check 
tests/test_models.py::test_architecture_dimension_validation 
[gw10] [ 38%] PASSED tests/test_models.py::test_architecture_dimension_validation 
tests/test_models.py::test_token_id_bounds_and_context_limits 
[gw10] [ 38%] PASSED tests/test_models.py::test_token_id_bounds_and_context_limits 
tests/test_models.py::test_tokenizer_model_compatibility_check 
[gw10] [ 38%] PASSED tests/test_models.py::test_tokenizer_model_compatibility_check 
tests/test_models.py::test_deterministic_initialization_and_residual_scaling 
[gw14] [ 38%] PASSED tests/test_research.py::test_objective_owned_state_survives_resume 
tests/test_research.py::test_scaffold_covers_all_categories_with_required_files 
[gw10] [ 38%] PASSED tests/test_models.py::test_deterministic_initialization_and_residual_scaling 
tests/test_models.py::test_stateless_contract_and_hidden_states 
[gw12] [ 38%] PASSED tests/test_acquisition_fetcher.py::test_fetcher_malicious_redirect_blocked 
tests/test_acquisition_fetcher.py::test_fetcher_cache_hits_and_zero_network 
[gw10] [ 38%] PASSED tests/test_models.py::test_stateless_contract_and_hidden_states 
tests/test_models.py::test_tiny_model_numerical_gradient_flow 
[gw8] [ 38%] PASSED tests/test_experiment_plans.py::test_plan_round_trips_through_json 
tests/test_experiment_plans.py::test_budget_beyond_horizon_requires_a_fork 
[gw8] [ 38%] PASSED tests/test_experiment_plans.py::test_budget_beyond_horizon_requires_a_fork 
tests/test_experiment_plans.py::test_extend_plan_budget_forks_with_lineage 
[gw10] [ 38%] PASSED tests/test_models.py::test_tiny_model_numerical_gradient_flow 
tests/test_models.py::test_model_serialization_and_reloading 
[gw10] [ 38%] PASSED tests/test_models.py::test_model_serialization_and_reloading 
tests/test_queue.py::test_crash_without_retries_fails_loudly 
[gw14] [ 39%] PASSED tests/test_research.py::test_scaffold_covers_all_categories_with_required_files 
tests/test_research.py::test_proposed_scaffold_cannot_pretend_to_run 
[gw4] [ 39%] PASSED tests/test_cli_train_demo.py::test_cli_run_inspect_subprocess 
tests/test_cli_train_demo.py::test_cli_train_and_resume_subprocess 
[gw14] [ 39%] PASSED tests/test_research.py::test_proposed_scaffold_cannot_pretend_to_run 
tests/test_research.py::test_protected_evaluator_change_is_detected 
[gw14] [ 39%] PASSED tests/test_research.py::test_protected_evaluator_change_is_detected 
tests/test_research.py::test_undeclared_files_and_path_escapes_are_refused 
[gw14] [ 39%] PASSED tests/test_research.py::test_undeclared_files_and_path_escapes_are_refused 
tests/test_research.py::test_plugin_changes_alter_code_fingerprints 
[gw11] [ 39%] PASSED tests/test_models.py::test_cli_model_inspect_subprocess[150m] 
tests/test_models.py::test_cli_model_inspect_subprocess[300m] 
[gw14] [ 39%] PASSED tests/test_research.py::test_plugin_changes_alter_code_fingerprints 
tests/test_research.py::test_discover_plugins_lists_manifest_dirs 
[gw14] [ 39%] PASSED tests/test_research.py::test_discover_plugins_lists_manifest_dirs 
tests/test_research.py::test_cli_idea_new_and_validate 
[gw14] [ 39%] PASSED tests/test_research.py::test_cli_idea_new_and_validate 
tests/test_research.py::test_cli_scaffold_and_check_plugin 
[gw15] [ 39%] PASSED tests/test_optimizers.py::test_parameter_grouping_completeness_and_tied_weights 
tests/test_optimizers.py::test_optimizer_memory_estimation 
[gw15] [ 39%] PASSED tests/test_optimizers.py::test_optimizer_memory_estimation 
tests/test_optimizers.py::test_optimizer_state_serialization_and_reloading 
[gw15] [ 39%] PASSED tests/test_optimizers.py::test_optimizer_state_serialization_and_reloading 
tests/test_optimizers.py::test_optimizer_reload_rejects_reordered_same_shaped_parameters 
[gw15] [ 40%] PASSED tests/test_optimizers.py::test_optimizer_reload_rejects_reordered_same_shaped_parameters 
tests/test_optimizers.py::test_build_parameter_groups_detects_omissions_or_duplicates 
[gw15] [ 40%] PASSED tests/test_optimizers.py::test_build_parameter_groups_detects_omissions_or_duplicates 
tests/test_packing_scheduling.py::test_shift_feeds_first_t_and_targets_next_t 
[gw15] [ 40%] PASSED tests/test_packing_scheduling.py::test_shift_feeds_first_t_and_targets_next_t 
tests/test_packing_scheduling.py::test_partial_window_is_padded_and_masked_not_dropped 
[gw15] [ 40%] PASSED tests/test_packing_scheduling.py::test_partial_window_is_padded_and_masked_not_dropped 
tests/test_packing_scheduling.py::test_window_shorter_than_two_tokens_is_rejected 
[gw15] [ 40%] PASSED tests/test_packing_scheduling.py::test_window_shorter_than_two_tokens_is_rejected 
tests/test_packing_scheduling.py::test_one_token_overlap_neither_drops_nor_double_counts_targets 
[gw15] [ 40%] PASSED tests/test_packing_scheduling.py::test_one_token_overlap_neither_drops_nor_double_counts_targets 
tests/test_packing_scheduling.py::test_bos_is_context_only_and_never_a_target_position 
[gw15] [ 40%] PASSED tests/test_packing_scheduling.py::test_bos_is_context_only_and_never_a_target_position 
tests/test_packing_scheduling.py::test_causal_stream_uses_one_segment_and_continuous_positions 
[gw15] [ 40%] PASSED tests/test_packing_scheduling.py::test_causal_stream_uses_one_segment_and_continuous_positions 
tests/test_packing_scheduling.py::test_isolated_packing_resets_positions_and_masks_boundaries 
[gw15] [ 40%] PASSED tests/test_packing_scheduling.py::test_isolated_packing_resets_positions_and_masks_boundaries 
tests/test_packing_scheduling.py::test_isolated_packing_preserves_document_and_byte_provenance 
[gw15] [ 40%] PASSED tests/test_packing_scheduling.py::test_isolated_packing_preserves_document_and_byte_provenance 
tests/test_packing_scheduling.py::test_isolated_packing_rejects_a_window_without_a_target 
[gw15] [ 40%] PASSED tests/test_packing_scheduling.py::test_isolated_packing_rejects_a_window_without_a_target 
tests/test_packing_scheduling.py::test_build_packer_selects_the_declared_policy 
[gw15] [ 40%] PASSED tests/test_packing_scheduling.py::test_build_packer_selects_the_declared_policy 
tests/test_packing_scheduling.py::test_the_two_packing_policies_produce_different_masks 
[gw15] [ 41%] PASSED tests/test_packing_scheduling.py::test_the_two_packing_policies_produce_different_masks 
tests/test_packing_scheduling.py::test_deficit_scheduling_tracks_configured_weights 
[gw15] [ 41%] PASSED tests/test_packing_scheduling.py::test_deficit_scheduling_tracks_configured_weights 
tests/test_packing_scheduling.py::test_first_selection_is_deterministic_not_arbitrary 
[gw15] [ 41%] PASSED tests/test_packing_scheduling.py::test_first_selection_is_deterministic_not_arbitrary 
tests/test_packing_scheduling.py::test_eos_is_attributed_to_its_own_source_and_reported_separately 
[gw15] [ 41%] PASSED tests/test_packing_scheduling.py::test_eos_is_attributed_to_its_own_source_and_reported_separately 
tests/test_packing_scheduling.py::test_bos_and_padding_are_excluded_from_the_budget 
[gw15] [ 41%] PASSED tests/test_packing_scheduling.py::test_bos_and_padding_are_excluded_from_the_budget 
tests/test_packing_scheduling.py::test_repeat_false_raises_on_exhaustion_without_redistributing 
[gw15] [ 41%] PASSED tests/test_packing_scheduling.py::test_repeat_false_raises_on_exhaustion_without_redistributing 
tests/test_packing_scheduling.py::test_bounded_repeat_allows_declared_epochs_then_stops 
[gw15] [ 41%] PASSED tests/test_packing_scheduling.py::test_bounded_repeat_allows_declared_epochs_then_stops 
tests/test_packing_scheduling.py::test_repeated_exposure_is_counted_separately_from_unique 
[gw15] [ 41%] PASSED tests/test_packing_scheduling.py::test_repeated_exposure_is_counted_separately_from_unique 
tests/test_packing_scheduling.py::test_repeat_ceiling_is_enforced_at_runtime 
[gw15] [ 41%] PASSED tests/test_packing_scheduling.py::test_repeat_ceiling_is_enforced_at_runtime 
tests/test_packing_scheduling.py::test_scheduler_state_round_trips_exactly 
[gw15] [ 41%] PASSED tests/test_packing_scheduling.py::test_scheduler_state_round_trips_exactly 
tests/test_packing_scheduling.py::test_schedule_state_survives_a_dict_round_trip 
[gw15] [ 41%] PASSED tests/test_packing_scheduling.py::test_schedule_state_survives_a_dict_round_trip 
tests/test_packing_scheduling.py::test_scheduler_rejects_a_source_without_availability 
[gw15] [ 42%] PASSED tests/test_packing_scheduling.py::test_scheduler_rejects_a_source_without_availability 
tests/test_packing_scheduling.py::test_negative_exposure_is_rejected 
[gw15] [ 42%] PASSED tests/test_packing_scheduling.py::test_negative_exposure_is_rejected 
tests/test_paths.py::test_get_artifact_root_default 
[gw15] [ 42%] PASSED tests/test_paths.py::test_get_artifact_root_default 
tests/test_paths.py::test_get_artifact_root_env_override 
[gw15] [ 42%] PASSED tests/test_paths.py::test_get_artifact_root_env_override 
tests/test_paths.py::test_artifact_paths_structure 
[gw15] [ 42%] PASSED tests/test_paths.py::test_artifact_paths_structure 
tests/test_paths.py::test_resolve_safe_subpath 
[gw15] [ 42%] PASSED tests/test_paths.py::test_resolve_safe_subpath 
tests/test_data_adapters.py::test_canonical_dataset_writer_and_reader_roundtrip 
[gw14] [ 42%] PASSED tests/test_research.py::test_cli_scaffold_and_check_plugin 
tests/test_research.py::test_cli_scaffold_all_categories 
[gw2] [ 42%] PASSED tests/test_checkpoint.py::test_checkpoint_plan_compatibility_validation 
tests/test_checkpoint.py::test_checkpoint_tied_weights_mismatch_detected 
[gw14] [ 42%] PASSED tests/test_research.py::test_cli_scaffold_all_categories 
tests/test_research.py::test_idea_card_with_missing_falsification_fails_explicitly 
[gw8] [ 42%] PASSED tests/test_experiment_plans.py::test_extend_plan_budget_forks_with_lineage 
tests/test_experiment_plans.py::test_grid_sweep_counts_and_orders_deterministically 
[gw8] [ 42%] PASSED tests/test_experiment_plans.py::test_grid_sweep_counts_and_orders_deterministically 
tests/test_experiment_plans.py::test_random_proposals_are_deterministic_and_valid 
[gw8] [ 42%] PASSED tests/test_experiment_plans.py::test_random_proposals_are_deterministic_and_valid 
tests/test_experiment_plans.py::test_simplex_proposals_cover_the_lattice 
[gw14] [ 43%] PASSED tests/test_research.py::test_idea_card_with_missing_falsification_fails_explicitly 
tests/test_schedules.py::test_warmup_cosine_exact_boundary_values 
[gw14] [ 43%] PASSED tests/test_schedules.py::test_warmup_cosine_exact_boundary_values 
tests/test_schedules.py::test_warmup_cosine_zero_warmup 
[gw14] [ 43%] PASSED tests/test_schedules.py::test_warmup_cosine_zero_warmup 
[gw8] [ 43%] PASSED tests/test_experiment_plans.py::test_simplex_proposals_cover_the_lattice 
tests/test_schedules.py::test_schedule_queries_are_side_effect_free 
tests/test_experiment_plans.py::test_explicit_lists_and_diffs 
[gw14] [ 43%] PASSED tests/test_schedules.py::test_schedule_queries_are_side_effect_free 
[gw8] [ 43%] PASSED tests/test_experiment_plans.py::test_explicit_lists_and_diffs 
tests/test_schedules.py::test_apply_lr_to_optimizer 
tests/test_experiment_plans.py::test_six_mixture_campaign_expands_with_gated_later_rounds 
[gw14] [ 43%] PASSED tests/test_schedules.py::test_apply_lr_to_optimizer 
tests/test_schedules.py::test_schedule_resume_rejects_altered_configuration 
[gw14] [ 43%] PASSED tests/test_schedules.py::test_schedule_resume_rejects_altered_configuration 
tests/test_schedules.py::test_constant_schedule_fixture 
[gw14] [ 43%] PASSED tests/test_schedules.py::test_constant_schedule_fixture 
tests/test_schedules.py::test_lr_anchors_by_model_size 
[gw14] [ 43%] PASSED tests/test_schedules.py::test_lr_anchors_by_model_size 
tests/test_source_admission.py::test_admission_gate_positive_path 
[gw3] [ 43%] PASSED tests/test_ledger.py::test_ledger_initialization_and_run_state_transitions 
tests/test_ledger.py::test_stale_authorization_rejection 
[gw8] [ 43%] PASSED tests/test_experiment_plans.py::test_six_mixture_campaign_expands_with_gated_later_rounds 
tests/test_experiment_plans.py::test_selection_unblocks_a_later_round 
[gw14] [ 44%] PASSED tests/test_source_admission.py::test_admission_gate_positive_path 
tests/test_source_admission.py::test_admission_gate_synthetic_evidence_rejection 
[gw14] [ 44%] PASSED tests/test_source_admission.py::test_admission_gate_synthetic_evidence_rejection 
tests/test_source_admission.py::test_admission_gate_operator_approval_cannot_override_denial_or_missing_revision 
[gw14] [ 44%] PASSED tests/test_source_admission.py::test_admission_gate_operator_approval_cannot_override_denial_or_missing_revision 
tests/test_source_admission.py::test_admission_gate_stale_fingerprint_invalidation 
[gw14] [ 44%] PASSED tests/test_source_admission.py::test_admission_gate_stale_fingerprint_invalidation 
tests/test_source_admission.py::test_catalog_auditor_all_twenty_candidates_unadmitted 
[gw8] [ 44%] PASSED tests/test_experiment_plans.py::test_selection_unblocks_a_later_round 
tests/test_experiment_plans.py::test_campaign_plan_is_hash_stable_and_budget_gated 
[gw8] [ 44%] PASSED tests/test_experiment_plans.py::test_campaign_plan_is_hash_stable_and_budget_gated 
tests/test_export.py::test_export_bundle_contains_only_declared_files 
[gw14] [ 44%] PASSED tests/test_source_admission.py::test_catalog_auditor_all_twenty_candidates_unadmitted 
tests/test_source_admission.py::test_p01_artifact_persistence 
[gw14] [ 44%] PASSED tests/test_source_admission.py::test_p01_artifact_persistence 
tests/test_source_admission.py::test_base_environment_zero_torch_isolation 
[gw0] [ 44%] PASSED tests/test_acquisition_bounds.py::test_completed_original_is_never_repaired[same_length] 
tests/test_acquisition_bounds.py::test_completed_original_is_never_repaired[missing] 
[gw14] [ 44%] PASSED tests/test_source_admission.py::test_base_environment_zero_torch_isolation 
tests/test_source_admission.py::test_admission_gate_view_mismatch 
[gw14] [ 44%] PASSED tests/test_source_admission.py::test_admission_gate_view_mismatch 
tests/test_source_admission.py::test_admission_gate_benchmark_risk_block 
[gw14] [ 45%] PASSED tests/test_source_admission.py::test_admission_gate_benchmark_risk_block 
tests/test_source_discovery.py::test_source_prober_missing_repo_outcome 
[gw14] [ 45%] PASSED tests/test_source_discovery.py::test_source_prober_missing_repo_outcome 
tests/test_source_discovery.py::test_source_prober_gated_repo_outcome 
[gw14] [ 45%] PASSED tests/test_source_discovery.py::test_source_prober_gated_repo_outcome 
tests/test_source_discovery.py::test_source_prober_denied_fineweb_policy_block 
[gw14] [ 45%] PASSED tests/test_source_discovery.py::test_source_prober_denied_fineweb_policy_block 
tests/test_source_discovery.py::test_nested_field_schema_inspection 
[gw14] [ 45%] FAILED tests/test_source_discovery.py::test_nested_field_schema_inspection 
tests/test_source_discovery.py::test_missing_text_field_explicit_handling 
[gw14] [ 45%] FAILED tests/test_source_discovery.py::test_missing_text_field_explicit_handling 
tests/test_source_discovery.py::test_secret_redaction_and_preview_bounding 
[gw14] [ 45%] PASSED tests/test_source_discovery.py::test_secret_redaction_and_preview_bounding 
tests/test_source_discovery.py::test_probe_fingerprint_stability_and_invalidation 
[gw14] [ 45%] PASSED tests/test_source_discovery.py::test_probe_fingerprint_stability_and_invalidation 
tests/test_source_discovery.py::test_transport_budget_limits_and_deadlines 
[gw14] [ 45%] PASSED tests/test_source_discovery.py::test_transport_budget_limits_and_deadlines 
tests/test_source_discovery.py::test_security_host_allowlist_and_local_traversal 
[gw14] [ 45%] PASSED tests/test_source_discovery.py::test_security_host_allowlist_and_local_traversal 
tests/test_source_discovery.py::test_ambiguous_provider_error_does_not_infer_nonexistence 
[gw14] [ 45%] PASSED tests/test_source_discovery.py::test_ambiguous_provider_error_does_not_infer_nonexistence 
tests/test_source_discovery.py::test_malicious_redirect_blocked_by_safe_redirect_handler 
[gw14] [ 45%] PASSED tests/test_source_discovery.py::test_malicious_redirect_blocked_by_safe_redirect_handler 
tests/test_source_discovery.py::test_prober_budget_exhaustion_outcome 
[gw14] [ 46%] PASSED tests/test_source_discovery.py::test_prober_budget_exhaustion_outcome 
[gw15] [ 46%] PASSED tests/test_data_adapters.py::test_canonical_dataset_writer_and_reader_roundtrip 
tests/test_source_discovery.py::test_partial_inventory_and_unresolved_requirements 
tests/test_data_catalog.py::test_twenty_source_catalog_parsing_and_integrity 
[gw14] [ 46%] PASSED tests/test_source_discovery.py::test_partial_inventory_and_unresolved_requirements 
tests/test_token_shards.py::test_token_shard_writer_and_reader_roundtrip 
[gw15] [ 46%] PASSED tests/test_data_catalog.py::test_twenty_source_catalog_parsing_and_integrity 
tests/test_data_catalog.py::test_generic_catalog_does_not_hardcode_twenty 
[gw15] [ 46%] PASSED tests/test_data_catalog.py::test_generic_catalog_does_not_hardcode_twenty 
tests/test_data_catalog.py::test_fineweb_denial_policy_and_safeguards 
[gw15] [ 46%] PASSED tests/test_data_catalog.py::test_fineweb_denial_policy_and_safeguards 
tests/test_data_catalog.py::test_silent_fallback_prevention 
[gw15] [ 46%] PASSED tests/test_data_catalog.py::test_silent_fallback_prevention 
tests/test_data_catalog.py::test_license_evaluation_rules 
[gw15] [ 46%] PASSED tests/test_data_catalog.py::test_license_evaluation_rules 
tests/test_dedup_engine.py::test_exact_duplicates_are_detected_across_source_families 
[gw14] [ 46%] PASSED tests/test_token_shards.py::test_token_shard_writer_and_reader_roundtrip 
tests/test_token_shards.py::test_token_shard_corruption_detection 
[gw15] [ 46%] PASSED tests/test_dedup_engine.py::test_exact_duplicates_are_detected_across_source_families 
tests/test_dedup_engine.py::test_exact_match_ignores_case_and_punctuation_only_differences 
[gw14] [ 46%] PASSED tests/test_token_shards.py::test_token_shard_corruption_detection 
tests/test_tokenizer_regime.py::test_round_trip_is_exact_against_canonical_text[proper_names_latin] 
[gw14] [ 46%] PASSED tests/test_tokenizer_regime.py::test_round_trip_is_exact_against_canonical_text[proper_names_latin] 
tests/test_tokenizer_regime.py::test_round_trip_is_exact_against_canonical_text[cyrillic] 
[gw14] [ 47%] PASSED tests/test_tokenizer_regime.py::test_round_trip_is_exact_against_canonical_text[cyrillic] 
tests/test_tokenizer_regime.py::test_round_trip_is_exact_against_canonical_text[cjk] 
[gw14] [ 47%] PASSED tests/test_tokenizer_regime.py::test_round_trip_is_exact_against_canonical_text[cjk] 
tests/test_tokenizer_regime.py::test_round_trip_is_exact_against_canonical_text[greek] 
[gw14] [ 47%] PASSED tests/test_tokenizer_regime.py::test_round_trip_is_exact_against_canonical_text[greek] 
tests/test_tokenizer_regime.py::test_round_trip_is_exact_against_canonical_text[code_indent] 
[gw14] [ 47%] PASSED tests/test_tokenizer_regime.py::test_round_trip_is_exact_against_canonical_text[code_indent] 
tests/test_tokenizer_regime.py::test_round_trip_is_exact_against_canonical_text[math_symbols] 
[gw14] [ 47%] PASSED tests/test_tokenizer_regime.py::test_round_trip_is_exact_against_canonical_text[math_symbols] 
tests/test_tokenizer_regime.py::test_round_trip_is_exact_against_canonical_text[currency] 
[gw14] [ 47%] PASSED tests/test_tokenizer_regime.py::test_round_trip_is_exact_against_canonical_text[currency] 
tests/test_tokenizer_regime.py::test_round_trip_is_exact_against_canonical_text[combining_marks] 
[gw14] [ 47%] PASSED tests/test_tokenizer_regime.py::test_round_trip_is_exact_against_canonical_text[combining_marks] 
tests/test_tokenizer_regime.py::test_round_trip_is_exact_against_canonical_text[emoji] 
[gw14] [ 47%] PASSED tests/test_tokenizer_regime.py::test_round_trip_is_exact_against_canonical_text[emoji] 
tests/test_tokenizer_regime.py::test_round_trip_is_exact_against_canonical_text[literal_specials] 
[gw14] [ 47%] PASSED tests/test_tokenizer_regime.py::test_round_trip_is_exact_against_canonical_text[literal_specials] 
tests/test_tokenizer_regime.py::test_round_trip_is_exact_against_canonical_text[mixed] 
[gw14] [ 47%] PASSED tests/test_tokenizer_regime.py::test_round_trip_is_exact_against_canonical_text[mixed] 
tests/test_tokenizer_regime.py::test_round_trip_is_exact_against_canonical_text[whitespace] 
[gw14] [ 47%] PASSED tests/test_tokenizer_regime.py::test_round_trip_is_exact_against_canonical_text[whitespace] 
tests/test_tokenizer_regime.py::test_round_trip_is_exact_against_canonical_text[control_whitespace] 
[gw14] [ 47%] PASSED tests/test_tokenizer_regime.py::test_round_trip_is_exact_against_canonical_text[control_whitespace] 
tests/test_tokenizer_regime.py::test_byte_offsets_partition_the_canonical_bytes[proper_names_latin] 
[gw14] [ 48%] PASSED tests/test_tokenizer_regime.py::test_byte_offsets_partition_the_canonical_bytes[proper_names_latin] 
tests/test_tokenizer_regime.py::test_byte_offsets_partition_the_canonical_bytes[cyrillic] 
[gw14] [ 48%] PASSED tests/test_tokenizer_regime.py::test_byte_offsets_partition_the_canonical_bytes[cyrillic] 
tests/test_tokenizer_regime.py::test_byte_offsets_partition_the_canonical_bytes[cjk] 
[gw14] [ 48%] PASSED tests/test_tokenizer_regime.py::test_byte_offsets_partition_the_canonical_bytes[cjk] 
tests/test_tokenizer_regime.py::test_byte_offsets_partition_the_canonical_bytes[greek] 
[gw14] [ 48%] PASSED tests/test_tokenizer_regime.py::test_byte_offsets_partition_the_canonical_bytes[greek] 
tests/test_tokenizer_regime.py::test_byte_offsets_partition_the_canonical_bytes[code_indent] 
[gw14] [ 48%] PASSED tests/test_tokenizer_regime.py::test_byte_offsets_partition_the_canonical_bytes[code_indent] 
tests/test_tokenizer_regime.py::test_byte_offsets_partition_the_canonical_bytes[math_symbols] 
[gw14] [ 48%] PASSED tests/test_tokenizer_regime.py::test_byte_offsets_partition_the_canonical_bytes[math_symbols] 
tests/test_comparison.py::test_cli_promote_refuses_without_passing_gates 
[gw15] [ 48%] PASSED tests/test_dedup_engine.py::test_exact_match_ignores_case_and_punctuation_only_differences 
tests/test_dedup_engine.py::test_near_duplicates_are_detected_and_unrelated_text_is_not 
[gw15] [ 48%] PASSED tests/test_dedup_engine.py::test_near_duplicates_are_detected_and_unrelated_text_is_not 
tests/test_dedup_engine.py::test_documents_below_the_frozen_threshold_are_not_merged 
[gw2] [ 48%] PASSED tests/test_checkpoint.py::test_checkpoint_tied_weights_mismatch_detected 
tests/test_checkpoint.py::test_checkpoint_fork_lineage 
[gw14] [ 48%] PASSED tests/test_comparison.py::test_cli_promote_refuses_without_passing_gates 
tests/test_comparison.py::test_factorial_and_ablation_matrices_emit_plans_only 
[gw14] [ 48%] PASSED tests/test_comparison.py::test_factorial_and_ablation_matrices_emit_plans_only 
tests/test_comparison.py::test_compare_headline_is_stable_under_argument_permutation 
[gw15] [ 49%] PASSED tests/test_dedup_engine.py::test_documents_below_the_frozen_threshold_are_not_merged 
tests/test_dedup_engine.py::test_clusters_and_survivors_are_identical_across_worker_counts[1] 
[gw15] [ 49%] PASSED tests/test_dedup_engine.py::test_clusters_and_survivors_are_identical_across_worker_counts[1] 
tests/test_dedup_engine.py::test_clusters_and_survivors_are_identical_across_worker_counts[3] 
[gw14] [ 49%] PASSED tests/test_comparison.py::test_compare_headline_is_stable_under_argument_permutation 
tests/test_comparison.py::test_compare_swapped_arms_negate_the_headline 
[gw15] [ 49%] PASSED tests/test_dedup_engine.py::test_clusters_and_survivors_are_identical_across_worker_counts[3] 
tests/test_dedup_engine.py::test_clusters_and_survivors_are_identical_across_worker_counts[8] 
[gw7] [ 49%] PASSED tests/test_trainer.py::test_trainer_exact_token_budget_completion 
tests/test_trainer.py::test_trainer_non_finite_gradient_failure_guard 
[gw11] [ 49%] PASSED tests/test_models.py::test_cli_model_inspect_subprocess[300m] 
tests/test_objectives.py::test_cross_entropy_hand_sized_reference_calculation 
[gw11] [ 49%] PASSED tests/test_objectives.py::test_cross_entropy_hand_sized_reference_calculation 
tests/test_objectives.py::test_masking_excludes_padding_bos_and_retains_eos 
[gw11] [ 49%] PASSED tests/test_objectives.py::test_masking_excludes_padding_bos_and_retains_eos 
tests/test_objectives.py::test_ignored_label_sentinels_handled_safely_before_indexing 
[gw11] [ 49%] PASSED tests/test_objectives.py::test_ignored_label_sentinels_handled_safely_before_indexing 
tests/test_objectives.py::test_out_of_bounds_label_on_valid_position_raises_error 
[gw11] [ 49%] PASSED tests/test_objectives.py::test_out_of_bounds_label_on_valid_position_raises_error 
tests/test_objectives.py::test_all_masked_batch_raises_explicit_invalid_error 
[gw11] [ 49%] PASSED tests/test_objectives.py::test_all_masked_batch_raises_explicit_invalid_error 
tests/test_objectives.py::test_empty_microbatch_in_accumulation_does_not_erase_gradients 
[gw11] [ 49%] PASSED tests/test_objectives.py::test_empty_microbatch_in_accumulation_does_not_erase_gradients 
tests/test_objectives.py::test_a06_numerical_gradient_parity_full_vs_microbatches 
[gw3] [ 50%] PASSED tests/test_ledger.py::test_stale_authorization_rejection 
tests/test_ledger.py::test_rebuild_from_filesystem 
[gw14] [ 50%] PASSED tests/test_comparison.py::test_compare_swapped_arms_negate_the_headline 
tests/test_comparison.py::test_primary_pair_uses_numeric_seed_order 
[gw14] [ 50%] PASSED tests/test_comparison.py::test_primary_pair_uses_numeric_seed_order 
tests/test_comparison.py::test_compare_is_deterministic_for_identical_invocations 
[gw15] [ 50%] PASSED tests/test_dedup_engine.py::test_clusters_and_survivors_are_identical_across_worker_counts[8] 
tests/test_dedup_engine.py::test_clusters_and_survivors_are_identical_across_worker_counts[32] 
[gw14] [ 50%] PASSED tests/test_comparison.py::test_compare_is_deterministic_for_identical_invocations 
tests/test_comparison.py::test_compare_refuses_missing_seed_partner 
[gw14] [ 50%] PASSED tests/test_comparison.py::test_compare_refuses_missing_seed_partner 
tests/test_comparison.py::test_compare_refuses_duplicate_seed_pair 
[gw11] [ 50%] PASSED tests/test_objectives.py::test_a06_numerical_gradient_parity_full_vs_microbatches 
tests/test_objectives.py::test_noop_objective_matches_baseline_gradients_and_loss 
[gw11] [ 50%] PASSED tests/test_objectives.py::test_noop_objective_matches_baseline_gradients_and_loss 
tests/test_objectives.py::test_auxiliary_learning_objective_gradient_and_update_without_decay 
[gw11] [ 50%] PASSED tests/test_objectives.py::test_auxiliary_learning_objective_gradient_and_update_without_decay 
tests/test_objectives.py::test_global_batch_objective_rejects_microbatching 
[gw11] [ 50%] PASSED tests/test_objectives.py::test_global_batch_objective_rejects_microbatching 
tests/test_offline_workflow.py::test_offline_workflow_from_clean_environment 
[gw15] [ 50%] PASSED tests/test_dedup_engine.py::test_clusters_and_survivors_are_identical_across_worker_counts[32] 
tests/test_dedup_engine.py::test_survivor_rule_is_frozen_and_content_determined 
[gw15] [ 50%] PASSED tests/test_dedup_engine.py::test_survivor_rule_is_frozen_and_content_determined 
tests/test_dedup_engine.py::test_cluster_id_depends_only_on_membership 
[gw15] [ 51%] PASSED tests/test_dedup_engine.py::test_cluster_id_depends_only_on_membership 
tests/test_dedup_engine.py::test_partitioned_index_is_disk_backed_and_stable 
[gw15] [ 51%] PASSED tests/test_dedup_engine.py::test_partitioned_index_is_disk_backed_and_stable 
tests/test_dedup_engine.py::test_oversized_buckets_are_reported_not_expanded 
[gw14] [ 51%] PASSED tests/test_comparison.py::test_compare_refuses_duplicate_seed_pair 
tests/test_comparison.py::test_compare_refuses_cross_pair_population_mismatch 
[gw15] [ 51%] PASSED tests/test_dedup_engine.py::test_oversized_buckets_are_reported_not_expanded 
tests/test_dedup_engine.py::test_candidate_verification_is_budget_bounded 
[gw14] [ 51%] PASSED tests/test_comparison.py::test_compare_refuses_cross_pair_population_mismatch 
tests/test_comparison.py::test_compare_refuses_ineligible_nonprimary_pair 
[gw14] [ 51%] PASSED tests/test_comparison.py::test_compare_refuses_ineligible_nonprimary_pair 
tests/test_comparison.py::test_compare_refuses_duplicate_input_records 
[gw15] [ 51%] PASSED tests/test_dedup_engine.py::test_candidate_verification_is_budget_bounded 
tests/test_dedup_engine.py::test_signatures_are_only_retained_for_candidate_documents 
[gw2] [ 51%] PASSED tests/test_checkpoint.py::test_checkpoint_fork_lineage 
tests/test_cleaning_filters.py::test_boilerplate_removal_and_contextual_preservation 
[gw2] [ 51%] PASSED tests/test_cleaning_filters.py::test_boilerplate_removal_and_contextual_preservation 
tests/test_cleaning_filters.py::test_boilerplate_only_rejected 
[gw2] [ 51%] PASSED tests/test_cleaning_filters.py::test_boilerplate_only_rejected 
tests/test_cleaning_filters.py::test_repetition_line_and_character_loops 
[gw2] [ 51%] PASSED tests/test_cleaning_filters.py::test_repetition_line_and_character_loops 
tests/test_cleaning_filters.py::test_language_heuristic_and_classifier_preflight 
[gw12] [ 52%] PASSED tests/test_acquisition_fetcher.py::test_fetcher_cache_hits_and_zero_network 
tests/test_acquisition_fetcher.py::test_fetcher_decompression_bomb_guard 
[gw2] [ 52%] PASSED tests/test_cleaning_filters.py::test_language_heuristic_and_classifier_preflight 
tests/test_cleaning_filters.py::test_length_and_educational_density_exemption 
[gw2] [ 52%] PASSED tests/test_cleaning_filters.py::test_length_and_educational_density_exemption 
tests/test_cleaning_filters.py::test_noise_filter_encoding_and_symbols 
[gw2] [ 52%] PASSED tests/test_cleaning_filters.py::test_noise_filter_encoding_and_symbols 
tests/test_cleaning_filters.py::test_pii_secret_filter_and_quarantine_protection 
[gw12] [ 52%] PASSED tests/test_acquisition_fetcher.py::test_fetcher_decompression_bomb_guard 
tests/test_acquisition_fetcher.py::test_fetcher_crash_consistency_reconciliation 
[gw2] [ 52%] PASSED tests/test_cleaning_filters.py::test_pii_secret_filter_and_quarantine_protection 
tests/test_cleaning_html.py::test_true_html_extraction 
[gw2] [ 52%] PASSED tests/test_cleaning_html.py::test_true_html_extraction 
tests/test_cleaning_html.py::test_mathematical_inequalities_never_stripped 
[gw2] [ 52%] PASSED tests/test_cleaning_html.py::test_mathematical_inequalities_never_stripped 
tests/test_cleaning_html.py::test_code_document_bypasses_html_extraction 
[gw2] [ 52%] PASSED tests/test_cleaning_html.py::test_code_document_bypasses_html_extraction 
tests/test_cleaning_html.py::test_script_and_style_dropping 
[gw2] [ 52%] PASSED tests/test_cleaning_html.py::test_script_and_style_dropping 
tests/test_cleaning_normalization.py::test_normalization_idempotence 
[gw2] [ 52%] PASSED tests/test_cleaning_normalization.py::test_normalization_idempotence 
tests/test_cleaning_normalization.py::test_unicode_preservation 
[gw2] [ 52%] PASSED tests/test_cleaning_normalization.py::test_unicode_preservation 
tests/test_cleaning_normalization.py::test_code_indentation_preservation 
[gw2] [ 53%] PASSED tests/test_cleaning_normalization.py::test_code_indentation_preservation 
tests/test_cleaning_normalization.py::test_immutability_and_hash_update 
[gw2] [ 53%] PASSED tests/test_cleaning_normalization.py::test_immutability_and_hash_update 
tests/test_cleaning_pipeline.py::test_incompatible_pipeline_order_raises 
[gw2] [ 53%] PASSED tests/test_cleaning_pipeline.py::test_incompatible_pipeline_order_raises 
tests/test_cleaning_pipeline.py::test_pipeline_hash_invalidation_on_config_or_code 
[gw2] [ 53%] PASSED tests/test_cleaning_pipeline.py::test_pipeline_hash_invalidation_on_config_or_code 
tests/test_cleaning_pipeline.py::test_pipeline_execution_and_quarantine_flow 
[gw14] [ 53%] PASSED tests/test_comparison.py::test_compare_refuses_duplicate_input_records 
tests/test_comparison.py::test_compare_refuses_conflicting_chance_references 
[gw15] [ 53%] PASSED tests/test_dedup_engine.py::test_signatures_are_only_retained_for_candidate_documents 
tests/test_dedup_engine.py::test_shingling_and_hashing_are_deterministic 
[gw15] [ 53%] PASSED tests/test_dedup_engine.py::test_shingling_and_hashing_are_deterministic 
tests/test_dedup_engine.py::test_match_view_never_alters_canonical_text 
[gw2] [ 53%] PASSED tests/test_cleaning_pipeline.py::test_pipeline_execution_and_quarantine_flow 
tests/test_cleaning_pipeline.py::test_quality_reporter_html_escaping_and_zero_handling 
[gw2] [ 53%] PASSED tests/test_cleaning_pipeline.py::test_quality_reporter_html_escaping_and_zero_handling 
tests/test_cleaning_pipeline.py::test_base_environment_zero_torch_isolation 
[gw14] [ 53%] PASSED tests/test_comparison.py::test_compare_refuses_conflicting_chance_references 
tests/test_comparison.py::test_suite_blimp_draws_retain_repeated_occurrences 
[gw14] [ 53%] PASSED tests/test_comparison.py::test_suite_blimp_draws_retain_repeated_occurrences 
tests/test_comparison.py::test_suite_blimp_unequal_clusters_keep_macro_weighting 
[gw15] [ 53%] PASSED tests/test_dedup_engine.py::test_match_view_never_alters_canonical_text 
tests/test_dedup_engine.py::test_surviving_documents_carry_cluster_and_alias_provenance 
[gw14] [ 54%] PASSED tests/test_comparison.py::test_suite_blimp_unequal_clusters_keep_macro_weighting 
tests/test_comparison.py::test_promote_refuses_stale_unversioned_comparison 
[gw2] [ 54%] PASSED tests/test_cleaning_pipeline.py::test_base_environment_zero_torch_isolation 
tests/test_cleaning_scale.py::test_fixture_corpus_is_present_and_multi_shard 
[gw2] [ 54%] PASSED tests/test_cleaning_scale.py::test_fixture_corpus_is_present_and_multi_shard 
tests/test_cleaning_scale.py::test_read_shards_streams_every_shard_not_just_the_first 
[gw2] [ 54%] PASSED tests/test_cleaning_scale.py::test_read_shards_streams_every_shard_not_just_the_first 
tests/test_cleaning_scale.py::test_pipeline_does_not_retain_emitted_documents_mid_stream 
[gw15] [ 54%] PASSED tests/test_dedup_engine.py::test_surviving_documents_carry_cluster_and_alias_provenance 
tests/test_dedup_engine.py::test_dedup_identity_changes_with_behavioral_configuration 
[gw15] [ 54%] PASSED tests/test_dedup_engine.py::test_dedup_identity_changes_with_behavioral_configuration 
tests/test_dedup_engine.py::test_minhash_banding_must_divide_permutations 
[gw15] [ 54%] PASSED tests/test_dedup_engine.py::test_minhash_banding_must_divide_permutations 
tests/test_dedup_engine.py::test_build_clusters_applies_the_frozen_survivor_rule 
[gw2] [ 54%] PASSED tests/test_cleaning_scale.py::test_pipeline_does_not_retain_emitted_documents_mid_stream 
tests/test_cleaning_scale.py::test_pipeline_is_lazy_and_does_not_drain_its_input_upfront 
[gw15] [ 54%] PASSED tests/test_dedup_engine.py::test_build_clusters_applies_the_frozen_survivor_rule 
tests/test_dedup_lineage.py::test_synthetic_examples_sharing_a_seed_group_together 
[gw15] [ 54%] PASSED tests/test_dedup_lineage.py::test_synthetic_examples_sharing_a_seed_group_together 
tests/test_dedup_lineage.py::test_book_chapters_and_conversation_turns_group_together 
[gw15] [ 54%] PASSED tests/test_dedup_lineage.py::test_book_chapters_and_conversation_turns_group_together 
tests/test_dedup_lineage.py::test_url_variants_collapse_to_one_lineage_key 
[gw15] [ 54%] PASSED tests/test_dedup_lineage.py::test_url_variants_collapse_to_one_lineage_key 
tests/test_dedup_lineage.py::test_explicit_lineage_id_takes_priority 
[gw15] [ 55%] PASSED tests/test_dedup_lineage.py::test_explicit_lineage_id_takes_priority 
tests/test_dedup_lineage.py::test_parent_ids_are_used_before_falling_back_to_singleton 
[gw15] [ 55%] PASSED tests/test_dedup_lineage.py::test_parent_ids_are_used_before_falling_back_to_singleton 
[gw2] [ 55%] PASSED tests/test_cleaning_scale.py::test_pipeline_is_lazy_and_does_not_drain_its_input_upfront 
tests/test_dedup_lineage.py::test_lineage_families_are_reported_but_never_deduplicated_away 
tests/test_cleaning_scale.py::test_summary_is_not_final_until_iterator_is_consumed 
[gw2] [ 55%] PASSED tests/test_cleaning_scale.py::test_summary_is_not_final_until_iterator_is_consumed 
tests/test_cleaning_scale.py::test_measured_yield_and_rejection_reasons_on_fixture_corpus 
[gw12] [ 55%] PASSED tests/test_acquisition_fetcher.py::test_fetcher_crash_consistency_reconciliation 
[gw2] [ 55%] PASSED tests/test_cleaning_scale.py::test_measured_yield_and_rejection_reasons_on_fixture_corpus 
tests/test_cleaning_scale.py::test_filter_config_change_invalidates_pipeline_and_artifact_identity 
[gw2] [ 55%] PASSED tests/test_cleaning_scale.py::test_filter_config_change_invalidates_pipeline_and_artifact_identity 
tests/test_cleaning_scale.py::test_quarantine_retention_purges_expired_records 
[gw2] [ 55%] PASSED tests/test_cleaning_scale.py::test_quarantine_retention_purges_expired_records 
tests/test_cleaning_scale.py::test_quarantine_retention_disabled_keeps_records 
[gw2] [ 55%] PASSED tests/test_cleaning_scale.py::test_quarantine_retention_disabled_keeps_records 
tests/test_cleaning_scale.py::test_quarantine_access_control_suppresses_all_previews 
[gw2] [ 55%] PASSED tests/test_cleaning_scale.py::test_quarantine_access_control_suppresses_all_previews 
tests/test_cleaning_scale.py::test_streaming_parquet_round_trip_is_lossless 
tests/test_acquisition_plan.py::test_plan_behavioral_hash_invariance 
[gw12] [ 55%] PASSED tests/test_acquisition_plan.py::test_plan_behavioral_hash_invariance 
tests/test_acquisition_plan.py::test_plan_pilot_approval_enforcement 
[gw12] [ 56%] PASSED tests/test_acquisition_plan.py::test_plan_pilot_approval_enforcement 
tests/test_acquisition_plan.py::test_plan_production_authorization_enforcement 
[gw12] [ 56%] PASSED tests/test_acquisition_plan.py::test_plan_production_authorization_enforcement 
tests/test_acquisition_plan.py::test_plan_denied_fineweb_policy 
[gw12] [ 56%] PASSED tests/test_acquisition_plan.py::test_plan_denied_fineweb_policy 
tests/test_acquisition_plan.py::test_plan_serialization_roundtrip 
[gw14] [ 56%] PASSED tests/test_comparison.py::test_promote_refuses_stale_unversioned_comparison 
tests/test_config.py::test_duplicate_yaml_key_rejection 
[gw14] [ 56%] PASSED tests/test_config.py::test_duplicate_yaml_key_rejection 
tests/test_config.py::test_unknown_key_rejection 
[gw2] [ 56%] PASSED tests/test_cleaning_scale.py::test_streaming_parquet_round_trip_is_lossless 
tests/test_cleaning_structured.py::test_passage_qa_rendering_and_missing_context 
[gw2] [ 56%] PASSED tests/test_cleaning_structured.py::test_passage_qa_rendering_and_missing_context 
tests/test_cleaning_structured.py::test_direct_qa_does_not_require_passage 
[gw2] [ 56%] PASSED tests/test_cleaning_structured.py::test_direct_qa_does_not_require_passage 
tests/test_cleaning_structured.py::test_non_substring_answer_span_tracking 
[gw2] [ 56%] PASSED tests/test_cleaning_structured.py::test_non_substring_answer_span_tracking 
tests/test_cleaning_structured.py::test_reasoning_policy_and_think_tag_parsing 
[gw2] [ 56%] PASSED tests/test_cleaning_structured.py::test_reasoning_policy_and_think_tag_parsing 
tests/test_cleaning_structured.py::test_messages_conversation_schema 
[gw2] [ 56%] PASSED tests/test_cleaning_structured.py::test_messages_conversation_schema 
tests/test_cli.py::test_cli_help 
[gw14] [ 56%] PASSED tests/test_config.py::test_unknown_key_rejection 
tests/test_config.py::test_non_finite_float_rejection 
[gw14] [ 57%] PASSED tests/test_config.py::test_non_finite_float_rejection 
tests/test_config.py::test_composition_extends_and_cycle_detection 
[gw14] [ 57%] PASSED tests/test_config.py::test_composition_extends_and_cycle_detection 
tests/test_config.py::test_list_replacement_and_deep_merge 
[gw14] [ 57%] PASSED tests/test_config.py::test_list_replacement_and_deep_merge 
tests/test_config.py::test_conflicting_component_type_change 
[gw14] [ 57%] PASSED tests/test_config.py::test_conflicting_component_type_change 
tests/test_config.py::test_environment_variable_interpolation 
[gw12] [ 57%] PASSED tests/test_acquisition_plan.py::test_plan_serialization_roundtrip 
tests/test_acquisition_verifier.py::test_verifier_independent_checksum_positive 
[gw14] [ 57%] PASSED tests/test_config.py::test_environment_variable_interpolation 
tests/test_config.py::test_cli_overrides 
[gw12] [ 57%] PASSED tests/test_acquisition_verifier.py::test_verifier_independent_checksum_positive 
tests/test_acquisition_verifier.py::test_verifier_corrupted_jsonl_mismatch 
[gw2] [ 57%] PASSED tests/test_cli.py::test_cli_help 
tests/test_cli.py::test_cli_version 
[gw14] [ 57%] PASSED tests/test_config.py::test_cli_overrides 
tests/test_config.py::test_draft_versus_executable_validation 
[gw2] [ 57%] PASSED tests/test_cli.py::test_cli_version 
tests/test_cli.py::test_cli_unknown_command 
[gw14] [ 57%] PASSED tests/test_config.py::test_draft_versus_executable_validation 
tests/test_config.py::test_supplied_preset_recipes_validity 
[gw14] [ 57%] PASSED tests/test_config.py::test_supplied_preset_recipes_validity 
tests/test_config.py::test_canonical_hashing_and_granularity 
[gw12] [ 58%] PASSED tests/test_acquisition_verifier.py::test_verifier_corrupted_jsonl_mismatch 
[gw14] [ 58%] PASSED tests/test_config.py::test_canonical_hashing_and_granularity 
tests/test_config.py::test_cli_config_commands 
tests/test_acquisition_verifier.py::test_verifier_parquet_format_verification 
[gw15] [ 58%] PASSED tests/test_dedup_lineage.py::test_lineage_families_are_reported_but_never_deduplicated_away 
tests/test_doctor.py::test_doctor_with_torch_absent 
[gw2] [ 58%] PASSED tests/test_cli.py::test_cli_unknown_command 
tests/test_cli.py::test_cli_doctor_text 
[gw2] [ 58%] PASSED tests/test_cli.py::test_cli_doctor_text 
tests/test_cli.py::test_cli_doctor_json 
[gw2] [ 58%] PASSED tests/test_cli.py::test_cli_doctor_json 
tests/test_cli.py::test_installed_entrypoint_subprocess 
[gw15] [ 58%] PASSED tests/test_doctor.py::test_doctor_with_torch_absent 
tests/test_doctor.py::test_doctor_with_torch_broken_import 
[gw15] [ 58%] PASSED tests/test_doctor.py::test_doctor_with_torch_broken_import 
tests/test_export_aliases.py::test_invalid_alias_metadata_is_rejected[mutate2-carries no stored payload] 
[gw15] [ 58%] PASSED tests/test_export_aliases.py::test_invalid_alias_metadata_is_rejected[mutate2-carries no stored payload] 
tests/test_export_aliases.py::test_alias_chains_and_cycles_are_rejected 
[gw15] [ 58%] PASSED tests/test_export_aliases.py::test_alias_chains_and_cycles_are_rejected 
tests/test_export_aliases.py::test_missing_and_extra_tensors_are_rejected 
[gw14] [ 58%] PASSED tests/test_config.py::test_cli_config_commands 
tests/test_configurable_training.py::test_document_visit_respects_declared_cap 
[gw14] [ 59%] PASSED tests/test_configurable_training.py::test_document_visit_respects_declared_cap 
tests/test_configurable_training.py::test_uncapped_authored_stream_positive_control 
[gw15] [ 59%] PASSED tests/test_export_aliases.py::test_missing_and_extra_tensors_are_rejected 
tests/test_export_aliases.py::test_unsupported_versions_are_rejected 
[gw15] [ 59%] PASSED tests/test_export_aliases.py::test_unsupported_versions_are_rejected 
tests/test_export_aliases.py::test_a_v1_bundle_cannot_claim_single_copy 
[gw15] [ 59%] PASSED tests/test_export_aliases.py::test_a_v1_bundle_cannot_claim_single_copy 
tests/test_export_aliases.py::test_legacy_v1_bundle_loads_and_is_labelled_duplicated 
[gw14] [ 59%] PASSED tests/test_configurable_training.py::test_uncapped_authored_stream_positive_control 
tests/test_configurable_training.py::test_public_cli_executes_registered_objective 
[gw15] [ 59%] PASSED tests/test_export_aliases.py::test_legacy_v1_bundle_loads_and_is_labelled_duplicated 
tests/test_export_aliases.py::test_conflicting_legacy_copies_are_refused 
[gw15] [ 59%] PASSED tests/test_export_aliases.py::test_conflicting_legacy_copies_are_refused 
tests/test_export_aliases.py::test_legacy_shape_mismatch_is_refused_before_bit_comparison 
[gw12] [ 59%] PASSED tests/test_acquisition_verifier.py::test_verifier_parquet_format_verification 
tests/test_acquisition_verifier.py::test_verifier_missing_file_fails 
[gw12] [ 59%] PASSED tests/test_acquisition_verifier.py::test_verifier_missing_file_fails 
tests/test_acquisition_verifier.py::test_verifier_artifact_store_publication_and_post_corruption 
[gw12] [ 59%] PASSED tests/test_acquisition_verifier.py::test_verifier_artifact_store_publication_and_post_corruption 
tests/test_acquisition_verifier.py::test_base_environment_zero_torch_isolation 
[gw15] [ 59%] PASSED tests/test_export_aliases.py::test_legacy_shape_mismatch_is_refused_before_bit_comparison 
tests/test_export_aliases.py::test_partial_and_transposed_views_are_refused 
[gw15] [ 59%] PASSED tests/test_export_aliases.py::test_partial_and_transposed_views_are_refused 
tests/test_export_aliases.py::test_undeclared_shared_storage_is_refused_by_the_writer 
[gw15] [ 60%] PASSED tests/test_export_aliases.py::test_undeclared_shared_storage_is_refused_by_the_writer 
tests/test_export_aliases.py::test_alias_detection_rejects_a_declared_but_absent_alias 
[gw15] [ 60%] PASSED tests/test_export_aliases.py::test_alias_detection_rejects_a_declared_but_absent_alias 
tests/test_export_aliases.py::test_published_bundle_reuses_identical_content 
[gw12] [ 60%] PASSED tests/test_acquisition_verifier.py::test_base_environment_zero_torch_isolation 
tests/test_artifact_identity.py::test_identical_request_reuses_unchanged_artifact 
[gw3] [ 60%] PASSED tests/test_ledger.py::test_rebuild_from_filesystem 
tests/test_ledger.py::test_cli_rebuild_ledger_command 
[gw12] [ 60%] PASSED tests/test_artifact_identity.py::test_identical_request_reuses_unchanged_artifact 
tests/test_artifact_identity.py::test_conflicting_request_must_fail_and_preserve_original[payload] 
[gw15] [ 60%] PASSED tests/test_export_aliases.py::test_published_bundle_reuses_identical_content 
tests/test_export_aliases.py::test_conflicting_content_under_one_export_id_is_refused 
[gw2] [ 60%] PASSED tests/test_cli.py::test_installed_entrypoint_subprocess 
tests/test_cli_eval_gen.py::test_cli_demo_complete_vertical_slice_subprocess 
[gw8] [ 60%] PASSED tests/test_export.py::test_export_bundle_contains_only_declared_files 
tests/test_export.py::test_clean_process_load_reproduces_logits_likelihood_and_completion 
[gw12] [ 60%] PASSED tests/test_artifact_identity.py::test_conflicting_request_must_fail_and_preserve_original[payload] 
tests/test_artifact_identity.py::test_conflicting_request_must_fail_and_preserve_original[producer] 
[gw7] [ 60%] PASSED tests/test_trainer.py::test_trainer_non_finite_gradient_failure_guard 
tests/test_trainer.py::test_trainer_cooperative_interruption 
[gw12] [ 60%] PASSED tests/test_artifact_identity.py::test_conflicting_request_must_fail_and_preserve_original[producer] 
tests/test_artifact_identity.py::test_conflicting_request_must_fail_and_preserve_original[dependency] 
[gw12] [ 60%] PASSED tests/test_artifact_identity.py::test_conflicting_request_must_fail_and_preserve_original[dependency] 
tests/test_artifact_identity.py::test_conflicting_request_must_fail_and_preserve_original[lineage] 
[gw15] [ 61%] PASSED tests/test_export_aliases.py::test_conflicting_content_under_one_export_id_is_refused 
tests/test_export_aliases.py::test_layout_change_is_a_different_representation_identity 
[gw0] [ 61%] PASSED tests/test_acquisition_bounds.py::test_completed_original_is_never_repaired[missing] 
tests/test_acquisition_bounds.py::test_completed_original_is_never_repaired[incomplete] 
[gw12] [ 61%] PASSED tests/test_artifact_identity.py::test_conflicting_request_must_fail_and_preserve_original[lineage] 
tests/test_artifact_identity.py::test_publication_must_not_replace_an_incomplete_existing_directory 
[gw12] [ 61%] PASSED tests/test_artifact_identity.py::test_publication_must_not_replace_an_incomplete_existing_directory 
tests/test_artifact_identity.py::test_cosmetics_reuse_without_touching_original_and_keys_are_separate 
[gw15] [ 61%] PASSED tests/test_export_aliases.py::test_layout_change_is_a_different_representation_identity 
tests/test_export_aliases.py::test_a_copied_bundle_loads_without_the_store 
[gw3] [ 61%] PASSED tests/test_ledger.py::test_cli_rebuild_ledger_command 
tests/test_ledger.py::test_catalog_collision_cannot_replace_existing_kind_or_path 
[gw12] [ 61%] PASSED tests/test_artifact_identity.py::test_cosmetics_reuse_without_touching_original_and_keys_are_separate 
tests/test_artifact_identity.py::test_behavioral_metadata_and_serializer_changes_conflict[seed] 
[gw15] [ 61%] PASSED tests/test_export_aliases.py::test_a_copied_bundle_loads_without_the_store 
tests/test_export_aliases.py::test_public_cli_export_and_load_round_trip 
[gw12] [ 61%] PASSED tests/test_artifact_identity.py::test_behavioral_metadata_and_serializer_changes_conflict[seed] 
tests/test_artifact_identity.py::test_behavioral_metadata_and_serializer_changes_conflict[timestamp] 
[gw12] [ 61%] PASSED tests/test_artifact_identity.py::test_behavioral_metadata_and_serializer_changes_conflict[timestamp] 
tests/test_artifact_identity.py::test_behavioral_metadata_and_serializer_changes_conflict[serializer_version] 
[gw1] [ 61%] PASSED tests/test_artifact_identity.py::test_actual_public_cli_current_and_legacy_artifacts 
tests/test_artifact_identity.py::test_fresh_process_publishers_have_one_permitted_outcome[False] 
[gw12] [ 61%] PASSED tests/test_artifact_identity.py::test_behavioral_metadata_and_serializer_changes_conflict[serializer_version] 
tests/test_artifact_identity.py::test_damaged_existing_destination_is_never_repaired[payload] 
[gw12] [ 62%] PASSED tests/test_artifact_identity.py::test_damaged_existing_destination_is_never_repaired[payload] 
tests/test_artifact_identity.py::test_damaged_existing_destination_is_never_repaired[identity] 
[gw12] [ 62%] PASSED tests/test_artifact_identity.py::test_damaged_existing_destination_is_never_repaired[identity] 
tests/test_artifact_identity.py::test_damaged_existing_destination_is_never_repaired[incomplete] 
[gw12] [ 62%] PASSED tests/test_artifact_identity.py::test_damaged_existing_destination_is_never_repaired[incomplete] 
tests/test_artifact_identity.py::test_damaged_existing_destination_is_never_repaired[extra_file] 
[gw1] [ 62%] PASSED tests/test_artifact_identity.py::test_fresh_process_publishers_have_one_permitted_outcome[False] 
tests/test_artifact_identity.py::test_fresh_process_publishers_have_one_permitted_outcome[True] 
[gw12] [ 62%] PASSED tests/test_artifact_identity.py::test_damaged_existing_destination_is_never_repaired[extra_file] 
tests/test_artifact_identity.py::test_legacy_integrity_is_not_automatic_equivalent_reuse 
[gw12] [ 62%] PASSED tests/test_artifact_identity.py::test_legacy_integrity_is_not_automatic_equivalent_reuse 
tests/test_artifact_identity.py::test_verified_input_manifest_fingerprint_is_bound_and_checked 
[gw12] [ 62%] PASSED tests/test_artifact_identity.py::test_verified_input_manifest_fingerprint_is_bound_and_checked 
tests/test_artifact_identity.py::test_invalid_identifiers_fail_before_store_creation[../escape-artifact_id] 
[gw12] [ 62%] PASSED tests/test_artifact_identity.py::test_invalid_identifiers_fail_before_store_creation[../escape-artifact_id] 
tests/test_artifact_identity.py::test_invalid_identifiers_fail_before_store_creation[../escape-kind] 
[gw12] [ 62%] PASSED tests/test_artifact_identity.py::test_invalid_identifiers_fail_before_store_creation[../escape-kind] 
tests/test_artifact_identity.py::test_invalid_identifiers_fail_before_store_creation[..\\escape-artifact_id] 
[gw12] [ 62%] PASSED tests/test_artifact_identity.py::test_invalid_identifiers_fail_before_store_creation[..\\escape-artifact_id] 
tests/test_artifact_identity.py::test_invalid_identifiers_fail_before_store_creation[..\\escape-kind] 
[gw12] [ 62%] PASSED tests/test_artifact_identity.py::test_invalid_identifiers_fail_before_store_creation[..\\escape-kind] 
tests/test_artifact_identity.py::test_invalid_identifiers_fail_before_store_creation[/absolute-artifact_id] 
[gw12] [ 63%] PASSED tests/test_artifact_identity.py::test_invalid_identifiers_fail_before_store_creation[/absolute-artifact_id] 
tests/test_eval_declared_inputs.py::test_cli_declared_run_under_a_limit_withholds_the_index 
[gw1] [ 63%] PASSED tests/test_artifact_identity.py::test_fresh_process_publishers_have_one_permitted_outcome[True] 
tests/test_artifact_identity.py::test_json_types_are_part_of_request_identity[1-True] 
[gw1] [ 63%] PASSED tests/test_artifact_identity.py::test_json_types_are_part_of_request_identity[1-True] 
tests/test_artifact_identity.py::test_json_types_are_part_of_request_identity[1-1.0] 
[gw1] [ 63%] PASSED tests/test_artifact_identity.py::test_json_types_are_part_of_request_identity[1-1.0] 
tests/test_artifact_identity.py::test_verification_is_bounded_and_unresolved_lineage_is_explicit 
[gw1] [ 63%] PASSED tests/test_artifact_identity.py::test_verification_is_bounded_and_unresolved_lineage_is_explicit 
tests/test_artifact_identity.py::test_internal_kind_rejected_before_side_effects[ledger] 
[gw1] [ 63%] PASSED tests/test_artifact_identity.py::test_internal_kind_rejected_before_side_effects[ledger] 
tests/test_artifact_identity.py::test_internal_kind_rejected_before_side_effects[runs] 
[gw1] [ 63%] PASSED tests/test_artifact_identity.py::test_internal_kind_rejected_before_side_effects[runs] 
tests/test_artifact_identity.py::test_internal_kind_rejected_before_side_effects[TMP] 
[gw1] [ 63%] PASSED tests/test_artifact_identity.py::test_internal_kind_rejected_before_side_effects[TMP] 
tests/test_artifact_identity.py::test_path_alias_and_ambiguous_cli_lookup_are_refused 
[gw3] [ 63%] PASSED tests/test_ledger.py::test_catalog_collision_cannot_replace_existing_kind_or_path 
tests/test_likelihood.py::test_vectorized_vs_brute_force_token_by_token_parity 
[gw3] [ 63%] PASSED tests/test_likelihood.py::test_vectorized_vs_brute_force_token_by_token_parity 
tests/test_likelihood.py::test_prefix_dependent_toy_oracle_target_shifting 
[gw3] [ 63%] PASSED tests/test_likelihood.py::test_prefix_dependent_toy_oracle_target_shifting 
tests/test_likelihood.py::test_single_vs_batch_parity_with_padding 
[gw3] [ 63%] PASSED tests/test_likelihood.py::test_single_vs_batch_parity_with_padding 
tests/test_likelihood.py::test_answer_mask_positions_and_empty_prompt 
[gw3] [ 64%] PASSED tests/test_likelihood.py::test_answer_mask_positions_and_empty_prompt 
tests/test_likelihood.py::test_long_continuation_rolling_vs_error_policies 
[gw3] [ 64%] PASSED tests/test_likelihood.py::test_long_continuation_rolling_vs_error_policies 
tests/test_likelihood.py::test_boundary_policies_and_cross_merges 
[gw1] [ 64%] PASSED tests/test_artifact_identity.py::test_path_alias_and_ambiguous_cli_lookup_are_refused 
tests/test_artifacts.py::test_atomic_publication_and_verification 
[gw3] [ 64%] PASSED tests/test_likelihood.py::test_boundary_policies_and_cross_merges 
tests/test_likelihood.py::test_hand_computable_bits_per_byte 
[gw3] [ 64%] PASSED tests/test_likelihood.py::test_hand_computable_bits_per_byte 
tests/test_likelihood.py::test_read_only_and_mode_restoration 
[gw3] [ 64%] PASSED tests/test_likelihood.py::test_read_only_and_mode_restoration 
tests/test_mix01_views.py::test_all_pack_presets_sum_exactly_to_one[mix01.yaml] 
[gw3] [ 64%] PASSED tests/test_mix01_views.py::test_all_pack_presets_sum_exactly_to_one[mix01.yaml] 
tests/test_mix01_views.py::test_all_pack_presets_sum_exactly_to_one[m1_less_synth.yaml] 
[gw3] [ 64%] PASSED tests/test_mix01_views.py::test_all_pack_presets_sum_exactly_to_one[m1_less_synth.yaml] 
[gw1] [ 64%] PASSED tests/test_artifacts.py::test_atomic_publication_and_verification 
tests/test_artifacts.py::test_idempotent_publication_and_conflict_rejection 
tests/test_mix01_views.py::test_all_pack_presets_sum_exactly_to_one[m2_more_synth.yaml] 
[gw3] [ 64%] PASSED tests/test_mix01_views.py::test_all_pack_presets_sum_exactly_to_one[m2_more_synth.yaml] 
tests/test_mix01_views.py::test_all_pack_presets_sum_exactly_to_one[m3_more_pdfs.yaml] 
[gw2] [ 64%] PASSED tests/test_cli_eval_gen.py::test_cli_demo_complete_vertical_slice_subprocess 
tests/test_cli_eval_gen.py::test_cli_evaluate_and_generate_subprocess 
[gw3] [ 64%] PASSED tests/test_mix01_views.py::test_all_pack_presets_sum_exactly_to_one[m3_more_pdfs.yaml] 
tests/test_mix01_views.py::test_all_pack_presets_sum_exactly_to_one[m4_txt360_web.yaml] 
[gw3] [ 65%] PASSED tests/test_mix01_views.py::test_all_pack_presets_sum_exactly_to_one[m4_txt360_web.yaml] 
tests/test_mix01_views.py::test_all_pack_presets_sum_exactly_to_one[m5_more_practical.yaml] 
[gw3] [ 65%] PASSED tests/test_mix01_views.py::test_all_pack_presets_sum_exactly_to_one[m5_more_practical.yaml] 
tests/test_mix01_views.py::test_all_pack_presets_sum_exactly_to_one[mix01_no_ifm.yaml] 
[gw3] [ 65%] PASSED tests/test_mix01_views.py::test_all_pack_presets_sum_exactly_to_one[mix01_no_ifm.yaml] 
tests/test_mix01_views.py::test_preset_rejects_silent_renormalization_and_lax_missing_policy 
[gw3] [ 65%] PASSED tests/test_mix01_views.py::test_preset_rejects_silent_renormalization_and_lax_missing_policy 
tests/test_mix01_views.py::test_preset_rejects_a_nonexact_sum 
[gw3] [ 65%] PASSED tests/test_mix01_views.py::test_preset_rejects_a_nonexact_sum 
tests/test_mix01_views.py::test_m0_m5_treatment_diffs_match_pack_intent 
[gw3] [ 65%] PASSED tests/test_mix01_views.py::test_m0_m5_treatment_diffs_match_pack_intent 
tests/test_mix01_views.py::test_no_ifm_is_an_explicit_alternative_not_a_fallback 
[gw3] [ 65%] PASSED tests/test_mix01_views.py::test_no_ifm_is_an_explicit_alternative_not_a_fallback 
tests/test_mix01_views.py::test_all_treatment_identities_are_distinct 
[gw3] [ 65%] PASSED tests/test_mix01_views.py::test_all_treatment_identities_are_distinct 
tests/test_mix01_views.py::test_unknown_component_blocks_without_fallback 
[gw3] [ 65%] PASSED tests/test_mix01_views.py::test_unknown_component_blocks_without_fallback 
tests/test_mix01_views.py::test_registry_loads_and_covers_every_preset_component 
[gw3] [ 65%] PASSED tests/test_mix01_views.py::test_registry_loads_and_covers_every_preset_component 
tests/test_mix01_views.py::test_registry_selectors_use_observed_upstream_names 
[gw3] [ 65%] PASSED tests/test_mix01_views.py::test_registry_selectors_use_observed_upstream_names 
tests/test_mix01_views.py::test_view_selectors_are_nonempty_over_adapted_fixtures 
[gw3] [ 66%] PASSED tests/test_mix01_views.py::test_view_selectors_are_nonempty_over_adapted_fixtures 
tests/test_mix01_views.py::test_empty_selector_is_refused_by_gating 
[gw3] [ 66%] PASSED tests/test_mix01_views.py::test_empty_selector_is_refused_by_gating 
tests/test_mix01_views.py::test_essential_taxonomy_slices_and_fail_closed_fallback 
[gw3] [ 66%] PASSED tests/test_mix01_views.py::test_essential_taxonomy_slices_and_fail_closed_fallback 
tests/test_mix01_views.py::test_nemotron_organic_synthetic_separation 
[gw3] [ 66%] PASSED tests/test_mix01_views.py::test_nemotron_organic_synthetic_separation 
tests/test_mix01_views.py::test_synth_requires_context_and_rejects_traces 
[gw3] [ 66%] PASSED tests/test_mix01_views.py::test_synth_requires_context_and_rejects_traces 
tests/test_mix01_views.py::test_english_and_source_filters 
[gw3] [ 66%] PASSED tests/test_mix01_views.py::test_english_and_source_filters 
tests/test_mix01_views.py::test_ifm_subset_adapters_are_independent 
[gw3] [ 66%] PASSED tests/test_mix01_views.py::test_ifm_subset_adapters_are_independent 
tests/test_generation.py::test_stopping_conditions 
[gw3] [ 66%] PASSED tests/test_generation.py::test_stopping_conditions 
tests/test_generation.py::test_prompt_truncation_policies 
[gw3] [ 66%] PASSED tests/test_generation.py::test_prompt_truncation_policies 
tests/test_generation.py::test_mode_restoration_and_training_isolation 
[gw3] [ 66%] PASSED tests/test_generation.py::test_mode_restoration_and_training_isolation 
tests/test_harness_adapter.py::test_harness_loglikelihood_equals_native_scoring_for_every_pair 
[gw1] [ 66%] PASSED tests/test_artifacts.py::test_idempotent_publication_and_conflict_rejection 
tests/test_artifacts.py::test_corrupt_artifact_rejection 
[gw15] [ 66%] PASSED tests/test_export_aliases.py::test_public_cli_export_and_load_round_trip 
tests/test_final_acceptance.py::test_prepare_rejects_corrupted_existing_output 
[gw1] [ 67%] PASSED tests/test_artifacts.py::test_corrupt_artifact_rejection 
tests/test_artifacts.py::test_interrupted_artifact_rejection 
[gw3] [ 67%] PASSED tests/test_harness_adapter.py::test_harness_loglikelihood_equals_native_scoring_for_every_pair 
tests/test_harness_adapter.py::test_batch_scoring_is_invariant_to_ordering 
[gw3] [ 67%] PASSED tests/test_harness_adapter.py::test_batch_scoring_is_invariant_to_ordering 
tests/test_harness_adapter.py::test_branch_state_resets_between_requests 
[gw3] [ 67%] PASSED tests/test_harness_adapter.py::test_branch_state_resets_between_requests 
tests/test_harness_adapter.py::test_rolling_loglikelihood_equals_native_document_scoring 
[gw1] [ 67%] PASSED tests/test_artifacts.py::test_interrupted_artifact_rejection 
tests/test_artifacts.py::test_path_traversal_rejection 
[gw1] [ 67%] PASSED tests/test_artifacts.py::test_path_traversal_rejection 
tests/test_artifacts.py::test_concurrent_writer_lock_contention 
[gw3] [ 67%] PASSED tests/test_harness_adapter.py::test_rolling_loglikelihood_equals_native_document_scoring 
tests/test_harness_adapter.py::test_long_example_error_policy_raises_while_rolling_covers_every_target 
[gw3] [ 67%] PASSED tests/test_harness_adapter.py::test_long_example_error_policy_raises_while_rolling_covers_every_target 
tests/test_harness_adapter.py::test_generate_until_is_deterministic_and_stops_on_until 
[gw3] [ 67%] PASSED tests/test_harness_adapter.py::test_generate_until_is_deterministic_and_stops_on_until 
tests/test_harness_adapter.py::test_harness_fixture_task_matches_native_acc_and_acc_norm 
[gw1] [ 67%] PASSED tests/test_artifacts.py::test_concurrent_writer_lock_contention 
tests/test_artifacts.py::test_artifact_lineage_round_trip 
[gw1] [ 67%] PASSED tests/test_artifacts.py::test_artifact_lineage_round_trip 
tests/test_artifacts.py::test_cli_artifact_commands 
[gw1] [ 67%] PASSED tests/test_artifacts.py::test_cli_artifact_commands 
tests/test_artifacts.py::test_artifact_lookup_by_id_covers_newly_introduced_kinds 
[gw7] [ 68%] PASSED tests/test_trainer.py::test_trainer_cooperative_interruption 
tests/test_trainer_data.py::test_carryover_context_and_causal_shifting 
[gw7] [ 68%] PASSED tests/test_trainer_data.py::test_carryover_context_and_causal_shifting 
tests/test_trainer_data.py::test_masking_excludes_padding_bos_and_retains_eos 
[gw7] [ 68%] PASSED tests/test_trainer_data.py::test_masking_excludes_padding_bos_and_retains_eos 
tests/test_trainer_data.py::test_exact_budget_completion_8_8_1 
[gw7] [ 68%] PASSED tests/test_trainer_data.py::test_exact_budget_completion_8_8_1 
tests/test_trainer_data.py::test_untrained_suffix_preservation_and_replay 
[gw7] [ 68%] PASSED tests/test_trainer_data.py::test_untrained_suffix_preservation_and_replay 
tests/test_trainer_data.py::test_microbatch_sequences_chunking 
[gw7] [ 68%] PASSED tests/test_trainer_data.py::test_microbatch_sequences_chunking 
tests/test_trainer_data.py::test_empty_and_exhausted_data_error_policies 
[gw7] [ 68%] PASSED tests/test_trainer_data.py::test_empty_and_exhausted_data_error_policies 
tests/test_trainer_data.py::test_training_batcher_with_token_shard_reader 
[gw7] [ 68%] PASSED tests/test_trainer_data.py::test_training_batcher_with_token_shard_reader 
tests/test_trainer_mixture.py::test_real_trainer_consumes_the_mixture_loader 
[gw1] [ 68%] PASSED tests/test_artifacts.py::test_artifact_lookup_by_id_covers_newly_introduced_kinds 
tests/test_artifacts.py::test_artifact_lookup_ignores_internal_store_directories 
[gw1] [ 68%] PASSED tests/test_artifacts.py::test_artifact_lookup_ignores_internal_store_directories 
tests/test_attention_and_masks.py::test_rope_rotation_properties 
[gw1] [ 68%] PASSED tests/test_attention_and_masks.py::test_rope_rotation_properties 
tests/test_attention_and_masks.py::test_rope_offsets_and_padding_support 
[gw1] [ 69%] PASSED tests/test_attention_and_masks.py::test_rope_offsets_and_padding_support 
tests/test_attention_and_masks.py::test_rmsnorm_precision_and_stability 
[gw1] [ 69%] PASSED tests/test_attention_and_masks.py::test_rmsnorm_precision_and_stability 
tests/test_attention_and_masks.py::test_safe_masking_padding_and_gradients[eager] 
[gw1] [ 69%] PASSED tests/test_attention_and_masks.py::test_safe_masking_padding_and_gradients[eager] 
tests/test_attention_and_masks.py::test_safe_masking_padding_and_gradients[sdpa] 
[gw1] [ 69%] PASSED tests/test_attention_and_masks.py::test_safe_masking_padding_and_gradients[sdpa] 
tests/test_attention_and_masks.py::test_isolated_document_attention_and_positive_control[eager] 
[gw1] [ 69%] PASSED tests/test_attention_and_masks.py::test_isolated_document_attention_and_positive_control[eager] 
tests/test_registry.py::test_configuration_only_plugins_without_generic_composer_edits 
[gw0] [ 69%] PASSED tests/test_acquisition_bounds.py::test_completed_original_is_never_repaired[incomplete] 
tests/test_acquisition_bounds.py::test_whole_original_over_record_limit_is_refused 
[gw1] [ 69%] PASSED tests/test_registry.py::test_configuration_only_plugins_without_generic_composer_edits 
tests/test_reports.py::test_missing_values_are_recorded_never_zero_filled 
[gw1] [ 69%] PASSED tests/test_reports.py::test_missing_values_are_recorded_never_zero_filled 
tests/test_reports.py::test_protected_keys_and_secrets_are_stripped_at_collection 
[gw1] [ 69%] PASSED tests/test_reports.py::test_protected_keys_and_secrets_are_stripped_at_collection 
tests/test_reports.py::test_evidence_tasks_index_and_partial_labels_land_in_report 
[gw1] [ 69%] PASSED tests/test_reports.py::test_evidence_tasks_index_and_partial_labels_land_in_report 
tests/test_reports.py::test_failures_stay_visible_with_attempt_history 
[gw1] [ 69%] PASSED tests/test_reports.py::test_failures_stay_visible_with_attempt_history 
tests/test_reports.py::test_campaign_report_marks_unexecuted_trials 
[gw1] [ 69%] PASSED tests/test_reports.py::test_campaign_report_marks_unexecuted_trials 
tests/test_reports.py::test_data_report_keeps_aggregates_drops_details 
[gw1] [ 70%] PASSED tests/test_reports.py::test_data_report_keeps_aggregates_drops_details 
tests/test_reports.py::test_injection_fixture_is_escaped_everywhere 
[gw1] [ 70%] PASSED tests/test_reports.py::test_injection_fixture_is_escaped_everywhere 
tests/test_reports.py::test_missing_renders_as_na_never_zero 
[gw1] [ 70%] PASSED tests/test_reports.py::test_missing_renders_as_na_never_zero 
tests/test_reports.py::test_failed_runs_render_visibly_not_hidden 
[gw1] [ 70%] PASSED tests/test_reports.py::test_failed_runs_render_visibly_not_hidden 
tests/test_reports.py::test_comparison_violations_and_seeds_are_visible 
[gw1] [ 70%] PASSED tests/test_reports.py::test_comparison_violations_and_seeds_are_visible 
tests/test_reports.py::test_curves_distinguish_raw_from_smoothing 
[gw1] [ 70%] PASSED tests/test_reports.py::test_curves_distinguish_raw_from_smoothing 
tests/test_reports.py::test_html_pages_are_self_contained_and_portable 
[gw1] [ 70%] PASSED tests/test_reports.py::test_html_pages_are_self_contained_and_portable 
tests/test_reports.py::test_campaign_and_data_markdown_render 
[gw1] [ 70%] PASSED tests/test_reports.py::test_campaign_and_data_markdown_render 
tests/test_reports.py::test_strip_protected_is_recursive 
[gw1] [ 70%] PASSED tests/test_reports.py::test_strip_protected_is_recursive 
tests/test_reports.py::test_cli_report_runs_in_all_formats 
[gw8] [ 70%] PASSED tests/test_export.py::test_clean_process_load_reproduces_logits_likelihood_and_completion 
tests/test_export.py::test_tokenizer_reconstruction_and_tied_identity 
[gw1] [ 70%] PASSED tests/test_reports.py::test_cli_report_runs_in_all_formats 
tests/test_reports.py::test_cli_report_requires_exactly_one_source 
[gw15] [ 70%] PASSED tests/test_final_acceptance.py::test_prepare_rejects_corrupted_existing_output 
tests/test_final_acceptance.py::test_prepare_hashes_copy_inputs_and_policy 
[gw1] [ 71%] PASSED tests/test_reports.py::test_cli_report_requires_exactly_one_source 
tests/test_prepare_bounds.py::test_prepare_record_parser_and_expansion_caps[budget0-{"text":"a"}\n{"text":"b"}\n-record] 
[gw1] [ 71%] PASSED tests/test_prepare_bounds.py::test_prepare_record_parser_and_expansion_caps[budget0-{"text":"a"}\n{"text":"b"}\n-record] 
tests/test_prepare_bounds.py::test_prepare_record_parser_and_expansion_caps[budget1-{"text":"long"}\n-record byte] 
[gw7] [ 71%] PASSED tests/test_trainer_mixture.py::test_real_trainer_consumes_the_mixture_loader 
tests/test_trainer_mixture.py::test_mixture_batches_are_tensors_with_correct_shapes 
[gw0] [ 71%] PASSED tests/test_acquisition_bounds.py::test_whole_original_over_record_limit_is_refused 
tests/test_acquisition_bounds.py::test_original_concurrent_reservations_share_allowance 
[gw0] [ 71%] PASSED tests/test_acquisition_bounds.py::test_original_concurrent_reservations_share_allowance 
tests/test_acquisition_bounds.py::test_fresh_process_reservations_and_killed_owner_remain_spent 
[gw7] [ 71%] PASSED tests/test_trainer_mixture.py::test_mixture_batches_are_tensors_with_correct_shapes 
tests/test_trainer_mixture.py::test_mixture_run_resumes_to_the_same_committed_data 
[gw7] [ 71%] PASSED tests/test_trainer_mixture.py::test_mixture_run_resumes_to_the_same_committed_data 
tests/test_trainer_mixture.py::test_trainer_checkpoint_carries_mixture_state 
[gw1] [ 71%] PASSED tests/test_prepare_bounds.py::test_prepare_record_parser_and_expansion_caps[budget1-{"text":"long"}\n-record byte] 
tests/test_prepare_bounds.py::test_prepare_record_parser_and_expansion_caps[budget2-{"text":"long"}\n-decompressed] 
[gw1] [ 71%] PASSED tests/test_prepare_bounds.py::test_prepare_record_parser_and_expansion_caps[budget2-{"text":"long"}\n-decompressed] 
tests/test_prepare_bounds.py::test_prepare_aggregate_output_guard 
[gw0] [ 71%] PASSED tests/test_acquisition_bounds.py::test_fresh_process_reservations_and_killed_owner_remain_spent 
tests/test_acquisition_bounds.py::test_killed_download_resumes_in_a_fresh_process_without_new_allowance 
[gw1] [ 71%] PASSED tests/test_prepare_bounds.py::test_prepare_aggregate_output_guard 
tests/test_prepare_bounds.py::test_timed_out_child_and_descendant_are_stopped 
[gw8] [ 71%] PASSED tests/test_export.py::test_tokenizer_reconstruction_and_tied_identity 
tests/test_export.py::test_an_alias_carrying_its_own_payload_is_refused 
[gw15] [ 72%] PASSED tests/test_final_acceptance.py::test_prepare_hashes_copy_inputs_and_policy 
tests/test_final_acceptance.py::test_failed_check_stops_preparation_and_records_failure 
[gw1] [ 72%] PASSED tests/test_prepare_bounds.py::test_timed_out_child_and_descendant_are_stopped 
tests/test_prepare_bounds.py::test_prepare_unknown_budget_fields_fail_explicitly 
[gw1] [ 72%] PASSED tests/test_prepare_bounds.py::test_prepare_unknown_budget_fields_fail_explicitly 
tests/test_prepare_bounds.py::test_declared_external_output_is_in_shared_disk_account 
[gw1] [ 72%] PASSED tests/test_prepare_bounds.py::test_declared_external_output_is_in_shared_disk_account 
tests/test_queue.py::test_submit_deduplicates_identical_plans 
[gw7] [ 72%] PASSED tests/test_trainer_mixture.py::test_trainer_checkpoint_carries_mixture_state 
tests/test_trainer_mixture.py::test_trainer_loss_decreases_on_a_bounded_mixture_run 
[gw15] [ 72%] PASSED tests/test_final_acceptance.py::test_failed_check_stops_preparation_and_records_failure 
tests/test_final_acceptance.py::test_prepare_duplicate_yaml_keys_are_rejected 
[gw15] [ 72%] PASSED tests/test_final_acceptance.py::test_prepare_duplicate_yaml_keys_are_rejected 
tests/test_final_acceptance.py::test_blocked_upstream_blocks_pending_downstream 
[gw15] [ 72%] PASSED tests/test_final_acceptance.py::test_blocked_upstream_blocks_pending_downstream 
tests/test_final_acceptance.py::test_request_budget_counts_attempts_across_restart 
[gw15] [ 72%] PASSED tests/test_final_acceptance.py::test_request_budget_counts_attempts_across_restart 
tests/test_final_acceptance.py::test_seed_pairs_follow_recorded_ids_not_argument_order 
[gw15] [ 72%] PASSED tests/test_final_acceptance.py::test_seed_pairs_follow_recorded_ids_not_argument_order 
tests/test_final_acceptance.py::test_remote_harness_task_is_refused_before_dataset_loading 
[gw8] [ 72%] PASSED tests/test_export.py::test_an_alias_carrying_its_own_payload_is_refused 
tests/test_export.py::test_corrupted_and_incomplete_exports_are_rejected 
[gw15] [ 73%] PASSED tests/test_final_acceptance.py::test_remote_harness_task_is_refused_before_dataset_loading 
tests/test_final_acceptance.py::test_missing_explicit_tokenizer_never_uses_byte_fixture 
[gw15] [ 73%] PASSED tests/test_final_acceptance.py::test_missing_explicit_tokenizer_never_uses_byte_fixture 
tests/test_final_acceptance.py::test_cli_missing_data_is_refused_even_in_dry_run[False] 
[gw15] [ 73%] PASSED tests/test_final_acceptance.py::test_cli_missing_data_is_refused_even_in_dry_run[False] 
tests/test_final_acceptance.py::test_cli_missing_data_is_refused_even_in_dry_run[True] 
[gw15] [ 73%] PASSED tests/test_final_acceptance.py::test_cli_missing_data_is_refused_even_in_dry_run[True] 
tests/test_cuda_execution.py::test_activation_checkpointing_parity_on_cpu 
[gw15] [ 73%] PASSED tests/test_cuda_execution.py::test_activation_checkpointing_parity_on_cpu 
tests/test_cuda_execution.py::test_trainer_refuses_checkpointing_on_unsupported_models 
[gw15] [ 73%] PASSED tests/test_cuda_execution.py::test_trainer_refuses_checkpointing_on_unsupported_models 
tests/test_cuda_execution.py::test_resource_plan_reports_measured_ranges_not_peak_flops 
[gw15] [ 73%] PASSED tests/test_cuda_execution.py::test_resource_plan_reports_measured_ranges_not_peak_flops 
tests/test_cuda_execution.py::test_resource_plan_refuses_unfamiliar_architectures 
[gw15] [ 73%] PASSED tests/test_cuda_execution.py::test_resource_plan_refuses_unfamiliar_architectures 
tests/test_cuda_execution.py::test_preflight_refuses_instead_of_reshaping 
[gw15] [ 73%] PASSED tests/test_cuda_execution.py::test_preflight_refuses_instead_of_reshaping 
tests/test_cuda_execution.py::test_oom_recovery_cannot_skip_data_or_silently_change_contract 
[gw15] [ 73%] PASSED tests/test_cuda_execution.py::test_oom_recovery_cannot_skip_data_or_silently_change_contract 
tests/test_cuda_execution.py::test_cpu_compile_eager_parity 
[gw7] [ 73%] PASSED tests/test_trainer_mixture.py::test_trainer_loss_decreases_on_a_bounded_mixture_run 
tests/test_trainer_mixture.py::test_share_drift_converges_as_the_run_lengthens 
[gw7] [ 73%] PASSED tests/test_trainer_mixture.py::test_share_drift_converges_as_the_run_lengthens 
tests/test_training_resolution.py::test_declared_input_mismatches_are_refused[missing] 
[gw7] [ 74%] PASSED tests/test_training_resolution.py::test_declared_input_mismatches_are_refused[missing] 
tests/test_training_resolution.py::test_declared_input_mismatches_are_refused[source] 
[gw7] [ 74%] PASSED tests/test_training_resolution.py::test_declared_input_mismatches_are_refused[source] 
tests/test_training_resolution.py::test_declared_input_mismatches_are_refused[tokenizer] 
[gw0] [ 74%] PASSED tests/test_acquisition_bounds.py::test_killed_download_resumes_in_a_fresh_process_without_new_allowance 
tests/test_acquisition_bounds.py::test_paths_and_collisions_fail_before_filesystem_effects[../escape.jsonl] 
[gw0] [ 74%] PASSED tests/test_acquisition_bounds.py::test_paths_and_collisions_fail_before_filesystem_effects[../escape.jsonl] 
tests/test_acquisition_bounds.py::test_paths_and_collisions_fail_before_filesystem_effects[CON] 
[gw0] [ 74%] PASSED tests/test_acquisition_bounds.py::test_paths_and_collisions_fail_before_filesystem_effects[CON] 
tests/test_acquisition_bounds.py::test_paths_and_collisions_fail_before_filesystem_effects[a/../b] 
[gw0] [ 74%] PASSED tests/test_acquisition_bounds.py::test_paths_and_collisions_fail_before_filesystem_effects[a/../b] 
tests/test_acquisition_bounds.py::test_paths_and_collisions_fail_before_filesystem_effects[A.jsonl,a.jsonl] 
[gw0] [ 74%] PASSED tests/test_acquisition_bounds.py::test_paths_and_collisions_fail_before_filesystem_effects[A.jsonl,a.jsonl] 
tests/test_acquisition_bounds.py::test_corrupt_journal_is_not_reset 
[gw7] [ 74%] PASSED tests/test_training_resolution.py::test_declared_input_mismatches_are_refused[tokenizer] 
tests/test_training_resolution.py::test_declared_input_mismatches_are_refused[exposure] 
[gw7] [ 74%] PASSED tests/test_training_resolution.py::test_declared_input_mismatches_are_refused[exposure] 
tests/test_training_resolution.py::test_declared_input_mismatches_are_refused[seed] 
[gw7] [ 74%] PASSED tests/test_training_resolution.py::test_declared_input_mismatches_are_refused[seed] 
tests/test_training_resolution.py::test_declared_input_mismatches_are_refused[field] 
[gw7] [ 74%] PASSED tests/test_training_resolution.py::test_declared_input_mismatches_are_refused[field] 
tests/test_training_resolution.py::test_declared_input_mismatches_are_refused[packing] 
[gw7] [ 74%] PASSED tests/test_training_resolution.py::test_declared_input_mismatches_are_refused[packing] 
tests/test_training_resolution.py::test_token_exposure_projection_is_recomputed 
[gw7] [ 75%] PASSED tests/test_training_resolution.py::test_token_exposure_projection_is_recomputed 
tests/test_training_resolution.py::test_exposure_quotas_and_block_size_change_actual_stream 
[gw7] [ 75%] PASSED tests/test_training_resolution.py::test_exposure_quotas_and_block_size_change_actual_stream 
tests/test_training_resolution.py::test_registered_unsupported_capabilities_fail_before_training 
[gw7] [ 75%] PASSED tests/test_training_resolution.py::test_registered_unsupported_capabilities_fail_before_training 
tests/test_training_resolution.py::test_explicit_existing_control_plugin_does_not_mutate_global_registry 
[gw7] [ 75%] PASSED tests/test_training_resolution.py::test_explicit_existing_control_plugin_does_not_mutate_global_registry 
tests/test_training_resolution.py::test_worker_disk_sampling_tolerates_retired_staging_only 
[gw7] [ 75%] PASSED tests/test_training_resolution.py::test_worker_disk_sampling_tolerates_retired_staging_only 
tests/test_training_resolution.py::test_production_shapes_are_meta_only_and_smoke_refuses[50m] 
[gw7] [ 75%] PASSED tests/test_training_resolution.py::test_production_shapes_are_meta_only_and_smoke_refuses[50m] 
tests/test_training_resolution.py::test_production_shapes_are_meta_only_and_smoke_refuses[150m] 
[gw7] [ 75%] PASSED tests/test_training_resolution.py::test_production_shapes_are_meta_only_and_smoke_refuses[150m] 
tests/test_training_resolution.py::test_production_shapes_are_meta_only_and_smoke_refuses[300m] 
[gw7] [ 75%] PASSED tests/test_training_resolution.py::test_production_shapes_are_meta_only_and_smoke_refuses[300m] 
tests/test_training_resolution.py::test_real_document_boundaries_positions_and_model_isolation[None] 
[gw7] [ 75%] PASSED tests/test_training_resolution.py::test_real_document_boundaries_positions_and_model_isolation[None] 
tests/test_training_resolution.py::test_real_document_boundaries_positions_and_model_isolation[1] 
[gw7] [ 75%] PASSED tests/test_training_resolution.py::test_real_document_boundaries_positions_and_model_isolation[1] 
tests/test_training_resolution.py::test_real_document_boundaries_positions_and_model_isolation[4] 
[gw0] [ 75%] PASSED tests/test_acquisition_bounds.py::test_corrupt_journal_is_not_reset 
tests/test_acquisition_bounds.py::test_redirect_retry_bodies_and_requests_are_charged[redirect.jsonl-redirect body] 
[gw7] [ 76%] PASSED tests/test_training_resolution.py::test_real_document_boundaries_positions_and_model_isolation[4] 
tests/test_training_vocabulary.py::test_authored_ids_do_not_excuse_a_declared_tokenizer_vocabulary_mismatch 
[gw7] [ 76%] PASSED tests/test_training_vocabulary.py::test_authored_ids_do_not_excuse_a_declared_tokenizer_vocabulary_mismatch 
tests/test_comparison.py::test_suite_bootstrap_rejects_partial_coverage 
[gw7] [ 76%] PASSED tests/test_comparison.py::test_suite_bootstrap_rejects_partial_coverage 
tests/test_comparison.py::test_suite_bootstrap_macro_averages_blimp_subclusters 
[gw7] [ 76%] PASSED tests/test_comparison.py::test_suite_bootstrap_macro_averages_blimp_subclusters 
tests/test_comparison.py::test_crossing_interpolates_between_measured_points 
[gw7] [ 76%] PASSED tests/test_comparison.py::test_crossing_interpolates_between_measured_points 
tests/test_comparison.py::test_unreached_and_out_of_range_targets_are_not_invented 
[gw7] [ 76%] PASSED tests/test_comparison.py::test_unreached_and_out_of_range_targets_are_not_invented 
tests/test_comparison.py::test_teacher_and_auxiliary_costs_are_labeled 
[gw7] [ 76%] PASSED tests/test_comparison.py::test_teacher_and_auxiliary_costs_are_labeled 
tests/test_comparison.py::test_compute_comparison_requires_both_arms_to_reach 
[gw7] [ 76%] PASSED tests/test_comparison.py::test_compute_comparison_requires_both_arms_to_reach 
tests/test_comparison.py::test_malformed_curve_mappings_are_rejected 
[gw7] [ 76%] PASSED tests/test_comparison.py::test_malformed_curve_mappings_are_rejected 
tests/test_comparison.py::test_promotion_passes_on_material_evidence 
[gw7] [ 76%] PASSED tests/test_comparison.py::test_promotion_passes_on_material_evidence 
tests/test_comparison.py::test_promotion_refuses_ineligible_missing_or_weak_evidence 
[gw7] [ 76%] PASSED tests/test_comparison.py::test_promotion_refuses_ineligible_missing_or_weak_evidence 
tests/test_comparison.py::test_material_regression_warns_without_silently_passing 
[gw7] [ 76%] PASSED tests/test_comparison.py::test_material_regression_warns_without_silently_passing 
tests/test_comparison.py::test_gate_thresholds_are_inputs_not_rewritten_by_scores 
[gw7] [ 77%] PASSED tests/test_comparison.py::test_gate_thresholds_are_inputs_not_rewritten_by_scores 
tests/test_comparison.py::test_promotion_emits_a_valid_from_scratch_draft 
[gw7] [ 77%] PASSED tests/test_comparison.py::test_promotion_emits_a_valid_from_scratch_draft 
tests/test_comparison.py::test_promotion_needs_a_passing_decision_for_drafts 
[gw7] [ 77%] PASSED tests/test_comparison.py::test_promotion_needs_a_passing_decision_for_drafts 
tests/test_comparison.py::test_cli_compare_reports_eligible_paired_difference 
[gw7] [ 77%] PASSED tests/test_comparison.py::test_cli_compare_reports_eligible_paired_difference 
tests/test_comparison.py::test_cli_compare_refuses_ineligible_tracks_before_any_winner 
[gw7] [ 77%] PASSED tests/test_comparison.py::test_cli_compare_refuses_ineligible_tracks_before_any_winner 
tests/test_comparison.py::test_cli_promote_emits_a_valid_draft_on_pass 
[gw8] [ 77%] PASSED tests/test_export.py::test_corrupted_and_incomplete_exports_are_rejected 
tests/test_export.py::test_unknown_format_and_serializer_are_refused_with_guidance 
[gw7] [ 77%] PASSED tests/test_comparison.py::test_cli_promote_emits_a_valid_draft_on_pass 
tests/test_eval_declared_inputs.py::test_a_missing_item_in_the_artifact_is_refused_before_execution 
[gw7] [ 77%] PASSED tests/test_eval_declared_inputs.py::test_a_missing_item_in_the_artifact_is_refused_before_execution 
tests/test_eval_declared_inputs.py::test_results_are_stable_under_input_ordering 
[gw0] [ 77%] PASSED tests/test_acquisition_bounds.py::test_redirect_retry_bodies_and_requests_are_charged[redirect.jsonl-redirect body] 
tests/test_acquisition_bounds.py::test_redirect_retry_bodies_and_requests_are_charged[retry.jsonl-retry body] 
[gw8] [ 77%] PASSED tests/test_export.py::test_unknown_format_and_serializer_are_refused_with_guidance 
tests/test_export.py::test_missing_plugin_fails_usefully 
[gw0] [ 77%] PASSED tests/test_acquisition_bounds.py::test_redirect_retry_bodies_and_requests_are_charged[retry.jsonl-retry body] 
tests/test_acquisition_bounds.py::test_metadata_uses_the_same_body_and_request_budget 
[gw0] [ 77%] PASSED tests/test_acquisition_bounds.py::test_metadata_uses_the_same_body_and_request_budget 
tests/test_acquisition_bounds.py::test_selected_records_have_exact_original_locators[rows.jsonl-interval0-texts0] 
[gw8] [ 78%] PASSED tests/test_export.py::test_missing_plugin_fails_usefully 
tests/test_export.py::test_plugin_family_round_trip_and_missing_plugin 
[gw8] [ 78%] PASSED tests/test_export.py::test_plugin_family_round_trip_and_missing_plugin 
tests/test_export.py::test_optimizer_state_excluded_by_default_with_opt_in 
[gw0] [ 78%] PASSED tests/test_acquisition_bounds.py::test_selected_records_have_exact_original_locators[rows.jsonl-interval0-texts0] 
tests/test_acquisition_bounds.py::test_selected_records_have_exact_original_locators[rows.parquet-interval1-texts1] 
[gw8] [ 78%] PASSED tests/test_export.py::test_optimizer_state_excluded_by_default_with_opt_in 
tests/test_export.py::test_training_only_heads_are_excluded_with_accounting 
[gw0] [ 78%] PASSED tests/test_acquisition_bounds.py::test_selected_records_have_exact_original_locators[rows.parquet-interval1-texts1] 
tests/test_acquisition_bounds.py::test_ignored_parquet_range_has_no_whole_shard_fallback 
[gw0] [ 78%] PASSED tests/test_acquisition_bounds.py::test_ignored_parquet_range_has_no_whole_shard_fallback 
tests/test_acquisition_bounds.py::test_compressed_corpus_expansion_is_refused 
[gw8] [ 78%] PASSED tests/test_export.py::test_training_only_heads_are_excluded_with_accounting 
tests/test_export.py::test_secrets_and_raw_data_never_enter_the_bundle 
[gw9] [ 78%] FAILED tests/test_final_acceptance.py::test_cli_resume_reconstructs_real_settings_and_exact_nonmultiple_budget 
tests/test_frozen_execution.py::test_independent_persisted_bindings_refuse_before_worker 
[gw10] [ 78%] FAILED tests/test_queue.py::test_crash_without_retries_fails_loudly 
tests/test_queue.py::test_cancel_stops_a_queued_job_and_a_running_job 
[gw4] [ 78%] FAILED tests/test_cli_train_demo.py::test_cli_train_and_resume_subprocess 
tests/test_comparison.py::test_identical_runs_are_eligible_on_every_causal_track 
[gw4] [ 78%] PASSED tests/test_comparison.py::test_identical_runs_are_eligible_on_every_causal_track 
tests/test_comparison.py::test_changed_tokenizer_fails_the_architecture_track 
[gw4] [ 78%] PASSED tests/test_comparison.py::test_changed_tokenizer_fails_the_architecture_track 
tests/test_comparison.py::test_byte_matched_tokenizer_track_can_pass 
[gw4] [ 79%] PASSED tests/test_comparison.py::test_byte_matched_tokenizer_track_can_pass 
tests/test_comparison.py::test_tokenizer_track_without_matched_evidence_is_ineligible 
[gw4] [ 79%] PASSED tests/test_comparison.py::test_tokenizer_track_without_matched_evidence_is_ineligible 
tests/test_comparison.py::test_unknown_fields_fail_closed 
[gw4] [ 79%] PASSED tests/test_comparison.py::test_unknown_fields_fail_closed 
tests/test_comparison.py::test_mismatched_horizons_are_ineligible 
[gw4] [ 79%] PASSED tests/test_comparison.py::test_mismatched_horizons_are_ineligible 
tests/test_comparison.py::test_unconstrained_track_labels_differences_without_a_causal_badge 
[gw4] [ 79%] PASSED tests/test_comparison.py::test_unconstrained_track_labels_differences_without_a_causal_badge 
tests/test_comparison.py::test_unknown_track_is_refused 
[gw4] [ 79%] PASSED tests/test_comparison.py::test_unknown_track_is_refused 
tests/test_comparison.py::test_run_facts_assemble_from_evidence_and_plan 
[gw4] [ 79%] PASSED tests/test_comparison.py::test_run_facts_assemble_from_evidence_and_plan 
tests/test_comparison.py::test_identical_predictions_give_zero_paired_difference 
[gw4] [ 79%] PASSED tests/test_comparison.py::test_identical_predictions_give_zero_paired_difference 
tests/test_comparison.py::test_known_winner_and_swapped_arms_behave_correctly 
[gw4] [ 79%] PASSED tests/test_comparison.py::test_known_winner_and_swapped_arms_behave_correctly 
tests/test_comparison.py::test_bootstrap_is_deterministic_for_a_fixed_seed 
[gw4] [ 79%] PASSED tests/test_comparison.py::test_bootstrap_is_deterministic_for_a_fixed_seed 
tests/test_comparison.py::test_cluster_resampling_counts_clusters_not_items 
[gw4] [ 79%] PASSED tests/test_comparison.py::test_cluster_resampling_counts_clusters_not_items 
tests/test_comparison.py::test_mismatched_ids_and_missing_predictions_invalidate 
[gw4] [ 80%] PASSED tests/test_comparison.py::test_mismatched_ids_and_missing_predictions_invalidate 
tests/test_comparison.py::test_seed_spread_separates_seed_from_item_uncertainty 
[gw4] [ 80%] PASSED tests/test_comparison.py::test_seed_spread_separates_seed_from_item_uncertainty 
tests/test_comparison.py::test_suite_bootstrap_computes_index_intervals 
[gw4] [ 80%] PASSED tests/test_comparison.py::test_suite_bootstrap_computes_index_intervals 
tests/test_eval_inputs.py::test_isolated_final_exposure_is_refused_for_a_developer_run 
[gw4] [ 80%] PASSED tests/test_eval_inputs.py::test_isolated_final_exposure_is_refused_for_a_developer_run 
tests/test_eval_inputs.py::test_same_length_corruption_is_rejected 
[gw4] [ 80%] PASSED tests/test_eval_inputs.py::test_same_length_corruption_is_rejected 
tests/test_eval_inputs.py::test_size_mismatch_is_rejected 
[gw4] [ 80%] PASSED tests/test_eval_inputs.py::test_size_mismatch_is_rejected 
tests/test_eval_inputs.py::test_an_unselected_larger_source_is_not_the_selected_artifact 
[gw4] [ 80%] PASSED tests/test_eval_inputs.py::test_an_unselected_larger_source_is_not_the_selected_artifact 
tests/test_eval_inputs.py::test_missing_declared_item_is_rejected 
[gw4] [ 80%] PASSED tests/test_eval_inputs.py::test_missing_declared_item_is_rejected 
tests/test_eval_inputs.py::test_duplicate_records_in_the_artifact_are_rejected 
[gw4] [ 80%] PASSED tests/test_eval_inputs.py::test_duplicate_records_in_the_artifact_are_rejected 
tests/test_eval_inputs.py::test_duplicate_declared_ids_are_rejected_by_the_schema 
[gw4] [ 80%] PASSED tests/test_eval_inputs.py::test_duplicate_declared_ids_are_rejected_by_the_schema 
tests/test_eval_inputs.py::test_missing_declared_id_field_is_rejected 
[gw4] [ 80%] PASSED tests/test_eval_inputs.py::test_missing_declared_id_field_is_rejected 
tests/test_eval_inputs.py::test_missing_declared_label_field_is_rejected 
[gw4] [ 80%] PASSED tests/test_eval_inputs.py::test_missing_declared_label_field_is_rejected 
tests/test_eval_inputs.py::test_absent_artifact_is_rejected 
[gw4] [ 81%] PASSED tests/test_eval_inputs.py::test_absent_artifact_is_rejected 
tests/test_eval_inputs.py::test_harness_version_drift_is_rejected 
[gw0] [ 81%] PASSED tests/test_acquisition_bounds.py::test_compressed_corpus_expansion_is_refused 
[gw4] [ 81%] PASSED tests/test_eval_inputs.py::test_harness_version_drift_is_rejected 
tests/test_eval_inputs.py::test_required_subdataset_must_be_selected 
tests/test_acquisition_bounds.py::test_deadline_and_plan_identity_cannot_be_reset 
[gw4] [ 81%] PASSED tests/test_eval_inputs.py::test_required_subdataset_must_be_selected 
tests/test_eval_inputs.py::test_manifest_cannot_supply_its_own_task_definitions 
[gw4] [ 81%] PASSED tests/test_eval_inputs.py::test_manifest_cannot_supply_its_own_task_definitions 
tests/test_operator.py::test_replay_revocation_mismatch_and_quota_are_refused 
[gw4] [ 81%] PASSED tests/test_operator.py::test_replay_revocation_mismatch_and_quota_are_refused 
tests/test_operator.py::test_expired_and_unreviewed_and_unbounded_suppliers_refused 
[gw4] [ 81%] FAILED tests/test_operator.py::test_expired_and_unreviewed_and_unbounded_suppliers_refused 
tests/test_operator.py::test_missing_credentials_refuse_execution 
[gw4] [ 81%] PASSED tests/test_operator.py::test_missing_credentials_refuse_execution 
tests/test_operator.py::test_receipt_alteration_and_unknown_ids_fail_verification 
[gw4] [ 81%] PASSED tests/test_operator.py::test_receipt_alteration_and_unknown_ids_fail_verification 
tests/test_operator.py::test_decontamination_receipts_carry_counts_not_content 
[gw4] [ 81%] PASSED tests/test_operator.py::test_decontamination_receipts_carry_counts_not_content 
tests/test_operator.py::test_sanitize_aggregates_rejects_non_scalars 
[gw4] [ 81%] PASSED tests/test_operator.py::test_sanitize_aggregates_rejects_non_scalars 
tests/test_operator.py::test_quota_bounds_adaptive_oracles 
[gw4] [ 81%] PASSED tests/test_operator.py::test_quota_bounds_adaptive_oracles 
tests/test_operator.py::test_release_audit_passes_a_complete_release 
[gw4] [ 82%] PASSED tests/test_operator.py::test_release_audit_passes_a_complete_release 
tests/test_operator.py::test_release_audit_blocks_unknown_rights_and_fails_gaps 
[gw4] [ 82%] PASSED tests/test_operator.py::test_release_audit_blocks_unknown_rights_and_fails_gaps 
tests/test_operator.py::test_final_split_artifacts_are_detected_in_caches 
[gw4] [ 82%] PASSED tests/test_operator.py::test_final_split_artifacts_are_detected_in_caches 
tests/test_operator.py::test_clean_cache_passes_and_purge_needs_confirmation 
[gw4] [ 82%] PASSED tests/test_operator.py::test_clean_cache_passes_and_purge_needs_confirmation 
tests/test_cli_inventory.py::test_every_registered_command_help[xlm config] 
[gw4] [ 82%] PASSED tests/test_cli_inventory.py::test_every_registered_command_help[xlm config] 
tests/test_cli_inventory.py::test_every_registered_command_help[xlm config diff] 
[gw15] [ 82%] SKIPPED tests/test_cuda_execution.py::test_cpu_compile_eager_parity 
tests/test_dashboard.py::test_dashboard_serves_runs_campaigns_and_data 
[gw4] [ 82%] PASSED tests/test_cli_inventory.py::test_every_registered_command_help[xlm config diff] 
tests/test_cli_inventory.py::test_every_registered_command_help[xlm config resolve] 
[gw15] [ 82%] PASSED tests/test_dashboard.py::test_dashboard_serves_runs_campaigns_and_data 
tests/test_dashboard.py::test_dashboard_is_read_only 
[gw15] [ 82%] PASSED tests/test_dashboard.py::test_dashboard_is_read_only 
tests/test_dashboard.py::test_non_loopback_bind_requires_authenticated_deployment 
[gw4] [ 82%] PASSED tests/test_cli_inventory.py::test_every_registered_command_help[xlm config resolve] 
tests/test_cli_inventory.py::test_every_registered_command_help[xlm config schema] 
[gw15] [ 82%] PASSED tests/test_dashboard.py::test_non_loopback_bind_requires_authenticated_deployment 
tests/test_dashboard.py::test_failed_runs_are_shown_not_hidden 
[gw15] [ 83%] PASSED tests/test_dashboard.py::test_failed_runs_are_shown_not_hidden 
tests/test_dashboard.py::test_dashboard_pages_carry_no_external_assets 
[gw15] [ 83%] PASSED tests/test_dashboard.py::test_dashboard_pages_carry_no_external_assets 
tests/test_data_adapters.py::test_canonical_normalization_idempotence_and_preservation 
[gw15] [ 83%] PASSED tests/test_data_adapters.py::test_canonical_normalization_idempotence_and_preservation 
tests/test_data_adapters.py::test_strict_utf8_decode_rejection 
[gw15] [ 83%] PASSED tests/test_data_adapters.py::test_strict_utf8_decode_rejection 
tests/test_data_adapters.py::test_text_adapter_file_and_directory 
[gw4] [ 83%] PASSED tests/test_cli_inventory.py::test_every_registered_command_help[xlm config schema] 
tests/test_cli_inventory.py::test_every_registered_command_help[xlm config validate] 
[gw15] [ 83%] PASSED tests/test_data_adapters.py::test_text_adapter_file_and_directory 
tests/test_data_adapters.py::test_text_adapter_oversized_file 
[gw15] [ 83%] PASSED tests/test_data_adapters.py::test_text_adapter_oversized_file 
tests/test_data_adapters.py::test_jsonl_adapter_strict_validation 
[gw15] [ 83%] PASSED tests/test_data_adapters.py::test_jsonl_adapter_strict_validation 
tests/test_export.py::test_general_inference_loader_cannot_bypass_export_integrity 
[gw4] [ 83%] PASSED tests/test_cli_inventory.py::test_every_registered_command_help[xlm config validate] 
tests/test_cli_inventory.py::test_every_registered_command_help[xlm dashboard] 
[gw4] [ 83%] PASSED tests/test_cli_inventory.py::test_every_registered_command_help[xlm dashboard] 
tests/test_cli_inventory.py::test_every_registered_command_help[xlm data] 
[gw4] [ 83%] PASSED tests/test_cli_inventory.py::test_every_registered_command_help[xlm data] 
tests/test_cli_inventory.py::test_every_registered_command_help[xlm data admit] 
[gw4] [ 83%] PASSED tests/test_cli_inventory.py::test_every_registered_command_help[xlm data admit] 
tests/test_cli_inventory.py::test_every_registered_command_help[xlm data audit] 
[gw4] [ 84%] PASSED tests/test_cli_inventory.py::test_every_registered_command_help[xlm data audit] 
tests/test_frozen_execution.py::test_real_frozen_worker_trains_and_publishes 
[gw8] [ 84%] PASSED tests/test_export.py::test_secrets_and_raw_data_never_enter_the_bundle 
tests/test_export.py::test_dtype_device_load_rules 
[gw14] [ 84%] FAILED tests/test_configurable_training.py::test_public_cli_executes_registered_objective 
tests/test_configurable_training.py::test_capped_visits_preserve_every_target_and_real_document[causal_stream-1] 
[gw14] [ 84%] PASSED tests/test_configurable_training.py::test_capped_visits_preserve_every_target_and_real_document[causal_stream-1] 
tests/test_configurable_training.py::test_capped_visits_preserve_every_target_and_real_document[causal_stream-4] 
[gw14] [ 84%] PASSED tests/test_configurable_training.py::test_capped_visits_preserve_every_target_and_real_document[causal_stream-4] 
tests/test_configurable_training.py::test_capped_visits_preserve_every_target_and_real_document[causal_stream-17] 
[gw14] [ 84%] PASSED tests/test_configurable_training.py::test_capped_visits_preserve_every_target_and_real_document[causal_stream-17] 
tests/test_prepare_bounds.py::test_child_output_accounting_covers_write_orders[import os; os.write(1,b'A'*8192); os.write(2,b'B'*8192)] 
[gw12] [ 84%] FAILED tests/test_eval_declared_inputs.py::test_cli_declared_run_under_a_limit_withholds_the_index 
tests/test_eval_declared_inputs.py::test_cli_refuses_to_mix_declared_inputs_with_task_overrides 
[gw2] [ 84%] FAILED tests/test_cli_eval_gen.py::test_cli_evaluate_and_generate_subprocess 
tests/test_cli_inventory.py::test_every_registered_command_help[xlm ] 
[gw2] [ 84%] PASSED tests/test_cli_inventory.py::test_every_registered_command_help[xlm ] 
tests/test_cli_inventory.py::test_every_registered_command_help[xlm artifact] 
[gw2] [ 84%] PASSED tests/test_cli_inventory.py::test_every_registered_command_help[xlm artifact] 
tests/test_cli_inventory.py::test_every_registered_command_help[xlm artifact inspect] 
[gw0] [ 84%] PASSED tests/test_acquisition_bounds.py::test_deadline_and_plan_identity_cannot_be_reset 
tests/test_acquisition_bounds.py::test_public_plan_fetch_status_verify_prepare 
[gw2] [ 84%] PASSED tests/test_cli_inventory.py::test_every_registered_command_help[xlm artifact inspect] 
tests/test_cli_inventory.py::test_every_registered_command_help[xlm artifact rebuild-ledger] 
[gw2] [ 85%] PASSED tests/test_cli_inventory.py::test_every_registered_command_help[xlm artifact rebuild-ledger] 
tests/test_cli_inventory.py::test_every_registered_command_help[xlm artifact verify] 
[gw2] [ 85%] PASSED tests/test_cli_inventory.py::test_every_registered_command_help[xlm artifact verify] 
tests/test_cli_inventory.py::test_every_registered_command_help[xlm campaign] 
[gw2] [ 85%] PASSED tests/test_cli_inventory.py::test_every_registered_command_help[xlm campaign] 
tests/test_cli_inventory.py::test_every_registered_command_help[xlm campaign plan] 
[gw2] [ 85%] PASSED tests/test_cli_inventory.py::test_every_registered_command_help[xlm campaign plan] 
tests/test_cli_inventory.py::test_every_registered_command_help[xlm compare] 
[gw2] [ 85%] PASSED tests/test_cli_inventory.py::test_every_registered_command_help[xlm compare] 
tests/test_contracts.py::test_model_capabilities_and_run_plan 
[gw2] [ 85%] PASSED tests/test_contracts.py::test_model_capabilities_and_run_plan 
tests/test_contracts.py::test_evaluation_receipt_and_comparison_contract 
[gw2] [ 85%] PASSED tests/test_contracts.py::test_evaluation_receipt_and_comparison_contract 
tests/test_cuda_execution.py::test_profile_required_backend_is_never_defaulted 
[gw2] [ 85%] PASSED tests/test_cuda_execution.py::test_profile_required_backend_is_never_defaulted 
tests/test_cuda_execution.py::test_backend_resolution_reports_the_slower_cpu_path 
[gw2] [ 85%] PASSED tests/test_cuda_execution.py::test_backend_resolution_reports_the_slower_cpu_path 
tests/test_cuda_execution.py::test_sdpa_kernel_probe_is_honest_on_cpu 
[gw2] [ 85%] PASSED tests/test_cuda_execution.py::test_sdpa_kernel_probe_is_honest_on_cpu 
tests/test_cuda_execution.py::test_precision_modes_are_validated_loudly 
[gw2] [ 85%] PASSED tests/test_cuda_execution.py::test_precision_modes_are_validated_loudly 
tests/test_cuda_execution.py::test_trainer_rejects_unsupported_execution_modes 
[gw15] [ 85%] PASSED tests/test_export.py::test_general_inference_loader_cannot_bypass_export_integrity 
tests/test_export_aliases.py::test_a_tied_tensor_is_serialized_exactly_once 
[gw15] [ 86%] PASSED tests/test_export_aliases.py::test_a_tied_tensor_is_serialized_exactly_once 
tests/test_export_aliases.py::test_equal_valued_independent_parameters_stay_independent 
[gw15] [ 86%] PASSED tests/test_export_aliases.py::test_equal_valued_independent_parameters_stay_independent 
tests/test_export_aliases.py::test_canonical_name_and_alias_map_are_deterministic 
[gw15] [ 86%] PASSED tests/test_export_aliases.py::test_canonical_name_and_alias_map_are_deterministic 
tests/test_export_aliases.py::test_fresh_process_reload_restores_parameter_identity_and_parity 
[gw8] [ 86%] PASSED tests/test_export.py::test_dtype_device_load_rules 
tests/test_export.py::test_session_is_deterministic_and_resets_between_prompts 
[gw5] [ 86%] FAILED tests/test_configurable_workflow.py::test_public_two_source_prepare_direct_queue_and_resume[False] 
tests/test_configurable_workflow.py::test_public_two_source_prepare_direct_queue_and_resume[True] 
[gw15] [ 86%] PASSED tests/test_export_aliases.py::test_fresh_process_reload_restores_parameter_identity_and_parity 
tests/test_export_aliases.py::test_gradients_accumulate_into_the_single_tied_parameter 
[gw15] [ 86%] PASSED tests/test_export_aliases.py::test_gradients_accumulate_into_the_single_tied_parameter 
tests/test_export_aliases.py::test_corrupted_payload_is_rejected_before_deserialization 
[gw15] [ 86%] PASSED tests/test_export_aliases.py::test_corrupted_payload_is_rejected_before_deserialization 
tests/test_export_aliases.py::test_invalid_alias_metadata_is_rejected[mutate0-carries no stored payload] 
[gw15] [ 86%] PASSED tests/test_export_aliases.py::test_invalid_alias_metadata_is_rejected[mutate0-carries no stored payload] 
tests/test_export_aliases.py::test_invalid_alias_metadata_is_rejected[mutate1-targets itself] 
[gw14] [ 86%] PASSED tests/test_prepare_bounds.py::test_child_output_accounting_covers_write_orders[import os; os.write(1,b'A'*8192); os.write(2,b'B'*8192)] 
tests/test_prepare_bounds.py::test_child_output_accounting_covers_write_orders[import os; os.write(2,b'B'*8192); os.write(1,b'A'*8192)] 
[gw15] [ 86%] PASSED tests/test_export_aliases.py::test_invalid_alias_metadata_is_rejected[mutate1-targets itself] 
tests/test_recipes.py::test_experiment_drafts_validate_but_are_not_executable 
[gw15] [ 87%] PASSED tests/test_recipes.py::test_experiment_drafts_validate_but_are_not_executable 
tests/test_recipes.py::test_comparison_recipes_validate_and_check_tracks 
[gw15] [ 87%] PASSED tests/test_recipes.py::test_comparison_recipes_validate_and_check_tracks 
tests/test_recipes.py::test_comparison_recipe_rejects_unknown_tracks 
[gw15] [ 87%] PASSED tests/test_recipes.py::test_comparison_recipe_rejects_unknown_tracks 
tests/test_recipes.py::test_campaign_drafts_expand 
[gw15] [ 87%] PASSED tests/test_recipes.py::test_campaign_drafts_expand 
tests/test_recipes.py::test_readme_example_commands_are_implemented 
[gw2] [ 87%] PASSED tests/test_cuda_execution.py::test_trainer_rejects_unsupported_execution_modes 
tests/test_cuda_execution.py::test_maybe_compile_disabled_returns_the_model_untouched 
[gw2] [ 87%] PASSED tests/test_cuda_execution.py::test_maybe_compile_disabled_returns_the_model_untouched 
tests/test_acquisition_bounds.py::test_selected_parquet_refuses_parser_bound_without_original_fallback 
[gw2] [ 87%] PASSED tests/test_acquisition_bounds.py::test_selected_parquet_refuses_parser_bound_without_original_fallback 
tests/test_acquisition_bounds.py::test_source_validator_is_durable_across_selected_attempts 
[gw14] [ 87%] PASSED tests/test_prepare_bounds.py::test_child_output_accounting_covers_write_orders[import os; os.write(2,b'B'*8192); os.write(1,b'A'*8192)] 
tests/test_prepare_bounds.py::test_child_output_accounting_covers_write_orders[import os; [(os.write(1,b'A'*512), os.write(2,b'B'*512)) for _ in range(16)]] 
[gw15] [ 87%] FAILED tests/test_recipes.py::test_readme_example_commands_are_implemented 
tests/test_recipes.py::test_prepare_configs_validate 
[gw15] [ 87%] PASSED tests/test_recipes.py::test_prepare_configs_validate 
tests/test_recipes.py::test_mix01_views_registry_still_validates 
[gw15] [ 87%] PASSED tests/test_recipes.py::test_mix01_views_registry_still_validates 
tests/test_registry.py::test_registry_registration_and_lookup 
[gw15] [ 87%] PASSED tests/test_registry.py::test_registry_registration_and_lookup 
tests/test_eval_declared_inputs.py::test_complete_fixture_scope_is_never_research_evidence 
[gw8] [ 88%] PASSED tests/test_export.py::test_session_is_deterministic_and_resets_between_prompts 
tests/test_export.py::test_stop_strings_and_max_context_behave_explicitly 
[gw2] [ 88%] PASSED tests/test_acquisition_bounds.py::test_source_validator_is_durable_across_selected_attempts 
tests/test_acquisition_fetcher.py::test_fetcher_dropouts_and_range_resumption 
[gw14] [ 88%] PASSED tests/test_prepare_bounds.py::test_child_output_accounting_covers_write_orders[import os; [(os.write(1,b'A'*512), os.write(2,b'B'*512)) for _ in range(16)]] 
tests/test_prepare_bounds.py::test_child_output_accounting_covers_write_orders[import os; os.write(1,b'A'*8192)] 
[gw1] [ 88%] FAILED tests/test_queue.py::test_submit_deduplicates_identical_plans 
tests/test_queue.py::test_submit_refuses_blocked_plans_and_missing_snapshots 
[gw0] [ 88%] FAILED tests/test_acquisition_bounds.py::test_public_plan_fetch_status_verify_prepare 
tests/test_acquisition_bounds.py::test_nested_acquisition_consumes_parent_preparation_budget 
[gw8] [ 88%] PASSED tests/test_export.py::test_stop_strings_and_max_context_behave_explicitly 
tests/test_export.py::test_no_chat_template_is_attached 
[gw8] [ 88%] PASSED tests/test_export.py::test_no_chat_template_is_attached 
tests/test_export.py::test_hf_mapping_is_complete_and_shape_exact 
[gw8] [ 88%] PASSED tests/test_export.py::test_hf_mapping_is_complete_and_shape_exact 
tests/test_export.py::test_hf_mapping_refuses_non_baseline_and_partial_keys 
[gw8] [ 88%] PASSED tests/test_export.py::test_hf_mapping_refuses_non_baseline_and_partial_keys 
tests/test_export.py::test_cache_support_is_labeled_not_assumed 
[gw14] [ 88%] PASSED tests/test_prepare_bounds.py::test_child_output_accounting_covers_write_orders[import os; os.write(1,b'A'*8192)] 
tests/test_prepare_bounds.py::test_child_output_categorizes_every_returned_byte_under_tiny_allowance 
[gw2] [ 88%] PASSED tests/test_acquisition_fetcher.py::test_fetcher_dropouts_and_range_resumption 
tests/test_acquisition_fetcher.py::test_fetcher_ignored_range_handling 
[gw14] [ 88%] PASSED tests/test_prepare_bounds.py::test_child_output_categorizes_every_returned_byte_under_tiny_allowance 
tests/test_prepare_bounds.py::test_child_output_tiny_allowance_over_real_pipes 
[gw2] [ 89%] PASSED tests/test_acquisition_fetcher.py::test_fetcher_ignored_range_handling 
tests/test_acquisition_fetcher.py::test_fetcher_source_drift_412_blocks 
[gw8] [ 89%] PASSED tests/test_export.py::test_cache_support_is_labeled_not_assumed 
tests/test_export.py::test_generate_command_reads_export_bundles 
[gw2] [ 89%] PASSED tests/test_acquisition_fetcher.py::test_fetcher_source_drift_412_blocks 
tests/test_acquisition_fetcher.py::test_fetcher_rate_limit_429_backoff 
[gw14] [ 89%] PASSED tests/test_prepare_bounds.py::test_child_output_tiny_allowance_over_real_pipes 
tests/test_prepare_bounds.py::test_stale_rerun_keeps_cumulative_account_without_reuse 
[gw2] [ 89%] PASSED tests/test_acquisition_fetcher.py::test_fetcher_rate_limit_429_backoff 
tests/test_acquisition_fetcher.py::test_fetcher_inconsistent_content_range_fails 
[gw14] [ 89%] PASSED tests/test_prepare_bounds.py::test_stale_rerun_keeps_cumulative_account_without_reuse 
tests/test_prepare_bounds.py::test_check_only_stage_consumes_aggregate_allowance 
[gw8] [ 89%] PASSED tests/test_export.py::test_generate_command_reads_export_bundles 
tests/test_eval_declared_inputs.py::test_legacy_evidence_without_coverage_stays_unverified 
[gw2] [ 89%] PASSED tests/test_acquisition_fetcher.py::test_fetcher_inconsistent_content_range_fails 
tests/test_acquisition_fetcher.py::test_fetcher_oversized_payload_halts_budget 
[gw2] [ 89%] PASSED tests/test_acquisition_fetcher.py::test_fetcher_oversized_payload_halts_budget 
tests/test_operator.py::test_sealed_root_inside_an_agent_mount_is_not_ready 
[gw2] [ 89%] PASSED tests/test_operator.py::test_sealed_root_inside_an_agent_mount_is_not_ready 
tests/test_operator.py::test_yaml_flag_without_attestation_is_not_ready 
[gw2] [ 89%] PASSED tests/test_operator.py::test_yaml_flag_without_attestation_is_not_ready 
tests/test_operator.py::test_bare_sealed_flag_attestation_is_refused 
[gw2] [ 90%] PASSED tests/test_operator.py::test_bare_sealed_flag_attestation_is_refused 
tests/test_operator.py::test_attested_nonwritable_root_reports_ready 
[gw2] [ 90%] PASSED tests/test_operator.py::test_attested_nonwritable_root_reports_ready 
tests/test_operator.py::test_unbounded_or_empty_requests_are_refused 
[gw2] [ 90%] PASSED tests/test_operator.py::test_unbounded_or_empty_requests_are_refused 
tests/test_operator.py::test_execute_happy_path_returns_aggregates_only 
[gw2] [ 90%] PASSED tests/test_operator.py::test_execute_happy_path_returns_aggregates_only 
tests/test_eval_inputs.py::test_prompt_and_label_digests_are_separate 
[gw2] [ 90%] PASSED tests/test_eval_inputs.py::test_prompt_and_label_digests_are_separate 
tests/test_eval_inputs.py::test_digests_are_stable_under_record_reordering 
[gw2] [ 90%] PASSED tests/test_eval_inputs.py::test_digests_are_stable_under_record_reordering 
tests/test_eval_inputs.py::test_wrong_split_for_the_tier_is_refused 
[gw2] [ 90%] PASSED tests/test_eval_inputs.py::test_wrong_split_for_the_tier_is_refused 
tests/test_eval_inputs.py::test_hellaswag_final_split_is_refused_at_search 
[gw2] [ 90%] PASSED tests/test_eval_inputs.py::test_hellaswag_final_split_is_refused_at_search 
tests/test_eval_inputs.py::test_final_tier_requires_operator_authorization 
[gw2] [ 90%] PASSED tests/test_eval_inputs.py::test_final_tier_requires_operator_authorization 
tests/test_eval_inputs.py::test_requested_tier_must_match_the_manifest 
[gw2] [ 90%] PASSED tests/test_eval_inputs.py::test_requested_tier_must_match_the_manifest 
tests/test_queue.py::test_toy_campaign_runs_sequentially_to_success 
[gw0] [ 90%] PASSED tests/test_acquisition_bounds.py::test_nested_acquisition_consumes_parent_preparation_budget 
tests/test_acquisition_bounds.py::test_selected_private_attempt_resumes_in_new_process 
[gw14] [ 90%] PASSED tests/test_prepare_bounds.py::test_check_only_stage_consumes_aggregate_allowance 
tests/test_prepare_bounds.py::test_changed_prepare_budget_does_not_replenish_account 
[gw14] [ 91%] PASSED tests/test_prepare_bounds.py::test_changed_prepare_budget_does_not_replenish_account 
tests/test_harness_adapter.py::test_harness_backend_registration_uses_the_public_registry 
[gw14] [ 91%] PASSED tests/test_harness_adapter.py::test_harness_backend_registration_uses_the_public_registry 
tests/test_harness_adapter.py::test_task_manager_discovers_the_authored_fixture 
[gw0] [ 91%] PASSED tests/test_acquisition_bounds.py::test_selected_private_attempt_resumes_in_new_process 
tests/test_acquisition_bounds.py::test_blank_gzip_expansion_is_bounded 
[gw0] [ 91%] PASSED tests/test_acquisition_bounds.py::test_blank_gzip_expansion_is_bounded 
tests/test_acquisition_bounds.py::test_production_admission_reference_is_not_evidence 
[gw0] [ 91%] PASSED tests/test_acquisition_bounds.py::test_production_admission_reference_is_not_evidence 
tests/test_acquisition_bounds.py::test_public_probe_attempt_has_durable_body_request_and_deadline_account 
[gw0] [ 91%] PASSED tests/test_acquisition_bounds.py::test_public_probe_attempt_has_durable_body_request_and_deadline_account 
tests/test_acquisition_bounds.py::test_shared_storage_reservations_and_verified_reconciliation[temp] 
[gw0] [ 91%] PASSED tests/test_acquisition_bounds.py::test_shared_storage_reservations_and_verified_reconciliation[temp] 
tests/test_acquisition_bounds.py::test_shared_storage_reservations_and_verified_reconciliation[output] 
[gw0] [ 91%] PASSED tests/test_acquisition_bounds.py::test_shared_storage_reservations_and_verified_reconciliation[output] 
tests/test_frozen_recovery.py::test_real_crash_preserves_committed_boundary_on_retry 
[gw10] [ 91%] FAILED tests/test_queue.py::test_cancel_stops_a_queued_job_and_a_running_job 
tests/test_queue.py::test_prep_pool_is_bounded_and_ordered 
[gw10] [ 91%] PASSED tests/test_queue.py::test_prep_pool_is_bounded_and_ordered 
tests/test_queue.py::test_status_lists_jobs_with_attempts 
[gw9] [ 91%] FAILED tests/test_frozen_execution.py::test_independent_persisted_bindings_refuse_before_worker 
tests/test_frozen_execution.py::test_authority_and_recomputed_envelope_fields_are_checked 
[gw4] [ 91%] FAILED tests/test_frozen_execution.py::test_real_frozen_worker_trains_and_publishes 
tests/test_frozen_execution.py::test_intact_a_executes_after_live_b_and_import_override 
[gw12] [ 92%] FAILED tests/test_eval_declared_inputs.py::test_cli_refuses_to_mix_declared_inputs_with_task_overrides 
tests/test_eval_declared_inputs.py::test_cli_requires_a_checkpoint_to_evaluate 
[gw14] [ 92%] PASSED tests/test_harness_adapter.py::test_task_manager_discovers_the_authored_fixture 
tests/test_harness_adapter.py::test_supported_harness_version_is_the_installed_one 
[gw14] [ 92%] PASSED tests/test_harness_adapter.py::test_supported_harness_version_is_the_installed_one 
tests/test_imports.py::test_import_xlm_without_heavy_deps 
[gw6] [ 92%] PASSED tests/test_eval_declared_inputs.py::test_official_definitions_resolve_their_inherited_configuration 
tests/test_eval_declared_inputs.py::test_binding_rewrites_only_loader_keys 
[gw6] [ 92%] PASSED tests/test_eval_declared_inputs.py::test_binding_rewrites_only_loader_keys 
tests/test_eval_declared_inputs.py::test_binding_refuses_an_unsupported_task_shape 
[gw6] [ 92%] PASSED tests/test_eval_declared_inputs.py::test_binding_refuses_an_unsupported_task_shape 
tests/test_eval_declared_inputs.py::test_binding_refuses_a_few_shot_task 
[gw6] [ 92%] PASSED tests/test_eval_declared_inputs.py::test_binding_refuses_a_few_shot_task 
tests/test_eval_declared_inputs.py::test_official_formatting_is_applied_to_authored_records 
[gw12] [ 92%] PASSED tests/test_eval_declared_inputs.py::test_cli_requires_a_checkpoint_to_evaluate 
tests/test_eval_inputs.py::test_policy_splits_come_from_the_frozen_suite_definition 
[gw12] [ 92%] PASSED tests/test_eval_inputs.py::test_policy_splits_come_from_the_frozen_suite_definition 
tests/test_eval_inputs.py::test_authored_fixture_manifest_verifies_and_reports_its_scope 
[gw12] [ 92%] PASSED tests/test_eval_inputs.py::test_authored_fixture_manifest_verifies_and_reports_its_scope 
tests/test_eval_inputs.py::test_manifest_id_is_content_identity_not_file_location 
[gw12] [ 92%] PASSED tests/test_eval_inputs.py::test_manifest_id_is_content_identity_not_file_location 
tests/test_eval_inputs.py::test_manifest_id_changes_with_membership 
[gw14] [ 92%] PASSED tests/test_imports.py::test_import_xlm_without_heavy_deps 
tests/test_prepare.py::test_cli_plan_only_lists_stages 
[gw12] [ 93%] PASSED tests/test_eval_inputs.py::test_manifest_id_changes_with_membership 
tests/test_contracts.py::test_token_shard_manifest_validation 
[gw12] [ 93%] PASSED tests/test_contracts.py::test_token_shard_manifest_validation 
tests/test_contracts.py::test_inference_input_and_training_batch 
[gw12] [ 93%] PASSED tests/test_contracts.py::test_inference_input_and_training_batch 
tests/test_contracts.py::test_lm_output_and_loss_result 
[gw12] [ 93%] PASSED tests/test_contracts.py::test_lm_output_and_loss_result 
tests/test_contracts.py::test_run_status_state_machine 
[gw12] [ 93%] PASSED tests/test_contracts.py::test_run_status_state_machine 
tests/test_frozen_execution.py::test_real_worker_output_bound_and_terminal_failure 
[gw14] [ 93%] PASSED tests/test_prepare.py::test_cli_plan_only_lists_stages 
tests/test_prepare.py::test_cli_prepare_refuses_without_authorize 
[gw14] [ 93%] PASSED tests/test_prepare.py::test_cli_prepare_refuses_without_authorize 
tests/test_prepare.py::test_cli_maintenance_dry_run_lists_scratch 
[gw14] [ 93%] PASSED tests/test_prepare.py::test_cli_maintenance_dry_run_lists_scratch 
tests/test_prepare_bounds.py::test_child_stdout_and_stderr_are_bounded_and_accounted 
[gw7] [ 93%] FAILED tests/test_eval_declared_inputs.py::test_results_are_stable_under_input_ordering 
tests/test_eval_declared_inputs.py::test_identical_request_reuses_the_cached_aggregate 
[gw8] [ 93%] ERROR tests/test_eval_declared_inputs.py::test_legacy_evidence_without_coverage_stays_unverified 
tests/test_eval_declared_inputs.py::test_the_undeclared_fixture_route_withholds_the_index 
[gw14] [ 93%] PASSED tests/test_prepare_bounds.py::test_child_stdout_and_stderr_are_bounded_and_accounted 
tests/test_queue.py::test_cli_queue_status_and_cancel 
[gw14] [ 94%] PASSED tests/test_queue.py::test_cli_queue_status_and_cancel 
tests/test_recipes.py::test_every_recipe_file_parses_without_duplicate_keys 
[gw14] [ 94%] PASSED tests/test_recipes.py::test_every_recipe_file_parses_without_duplicate_keys 
tests/test_recipes.py::test_model_and_mixture_presets_validate 
[gw14] [ 94%] PASSED tests/test_recipes.py::test_model_and_mixture_presets_validate 
tests/test_offline_workflow.py::test_large_campaigns_prepare_without_launching 
[gw14] [ 94%] PASSED tests/test_offline_workflow.py::test_large_campaigns_prepare_without_launching 
tests/test_operator.py::test_missing_sealed_root_is_not_ready 
[gw14] [ 94%] PASSED tests/test_operator.py::test_missing_sealed_root_is_not_ready 
tests/test_operator.py::test_writable_same_user_directory_is_not_ready 
[gw14] [ 94%] PASSED tests/test_operator.py::test_writable_same_user_directory_is_not_ready 
tests/test_eval_declared_inputs.py::test_a_lost_declared_id_is_an_error_not_a_fallback 
[gw14] [ 94%] PASSED tests/test_eval_declared_inputs.py::test_a_lost_declared_id_is_an_error_not_a_fallback 
tests/test_eval_declared_inputs.py::test_all_four_tasks_under_a_limit_do_not_produce_an_index 
[gw1] [ 94%] FAILED tests/test_queue.py::test_submit_refuses_blocked_plans_and_missing_snapshots 
tests/test_queue.py::test_submit_allows_explicit_duplicates 
[gw6] [ 94%] PASSED tests/test_eval_declared_inputs.py::test_official_formatting_is_applied_to_authored_records 
tests/test_eval_declared_inputs.py::test_resolve_metric_handles_the_installed_key_shape 
[gw6] [ 94%] PASSED tests/test_eval_declared_inputs.py::test_resolve_metric_handles_the_installed_key_shape 
[gw15] [ 94%] PASSED tests/test_eval_declared_inputs.py::test_complete_fixture_scope_is_never_research_evidence 
tests/test_eval_declared_inputs.py::test_every_declared_item_is_accounted_for_by_identity 
[gw15] [ 94%] PASSED tests/test_eval_declared_inputs.py::test_every_declared_item_is_accounted_for_by_identity 
tests/test_eval_declared_inputs.py::test_declared_ids_survive_preprocessing 
tests/test_eval_declared_inputs.py::test_complete_declared_scope_publishes_a_labelled_index 
[gw15] [ 95%] PASSED tests/test_eval_declared_inputs.py::test_declared_ids_survive_preprocessing 
tests/test_harness_adapter.py::test_missing_tasks_prevent_an_aggregate_from_partial_evidence 
[gw15] [ 95%] PASSED tests/test_harness_adapter.py::test_missing_tasks_prevent_an_aggregate_from_partial_evidence 
tests/test_eval_declared_inputs.py::test_a_changed_runtime_limit_changes_both_identities 
[gw3] [ 95%] PASSED tests/test_harness_adapter.py::test_harness_fixture_task_matches_native_acc_and_acc_norm 
tests/test_harness_adapter.py::test_no_op_model_scores_match_native_exactly 
[gw7] [ 95%] PASSED tests/test_eval_declared_inputs.py::test_identical_request_reuses_the_cached_aggregate 
[gw6] [ 95%] PASSED tests/test_eval_declared_inputs.py::test_complete_declared_scope_publishes_a_labelled_index 
tests/test_eval_declared_inputs.py::test_a_relabelling_keeps_the_raw_identity_but_invalidates_the_aggregate 
tests/test_harness_adapter.py::test_evidence_cache_reuses_and_recomputes_on_identity_change 
[gw5] [ 95%] FAILED tests/test_configurable_workflow.py::test_public_two_source_prepare_direct_queue_and_resume[True] 
tests/test_continuation.py::test_tiny_model_optimizer_schedule_continuation_parity 
[gw5] [ 95%] PASSED tests/test_continuation.py::test_tiny_model_optimizer_schedule_continuation_parity 
tests/test_continuation_p05.py::test_cpu_fresh_process_continuation_parity 
[gw8] [ 95%] PASSED tests/test_eval_declared_inputs.py::test_the_undeclared_fixture_route_withholds_the_index 
tests/test_eval_declared_inputs.py::test_pinned_remote_revisions_remain_blocked_on_the_undeclared_route 
[gw8] [ 95%] PASSED tests/test_eval_declared_inputs.py::test_pinned_remote_revisions_remain_blocked_on_the_undeclared_route 
tests/test_eval_declared_inputs.py::test_cli_verify_inputs_only_needs_no_checkpoint 
[gw15] [ 95%] PASSED tests/test_eval_declared_inputs.py::test_a_changed_runtime_limit_changes_both_identities 
tests/test_eval_declared_inputs.py::test_a_changed_checkpoint_changes_the_raw_identity 
[gw14] [ 95%] PASSED tests/test_eval_declared_inputs.py::test_all_four_tasks_under_a_limit_do_not_produce_an_index 
tests/test_eval_declared_inputs.py::test_a_narrower_declared_scope_is_complete_only_within_itself 
[gw8] [ 95%] PASSED tests/test_eval_declared_inputs.py::test_cli_verify_inputs_only_needs_no_checkpoint 
tests/test_prepare.py::test_local_copy_enforces_its_byte_cap 
[gw8] [ 96%] PASSED tests/test_prepare.py::test_local_copy_enforces_its_byte_cap 
tests/test_prepare.py::test_find_repo_root_and_config_errors 
[gw8] [ 96%] PASSED tests/test_prepare.py::test_find_repo_root_and_config_errors 
tests/test_queue.py::test_failed_jobs_keep_evidence_and_stay_terminal 
[gw3] [ 96%] PASSED tests/test_harness_adapter.py::test_no_op_model_scores_match_native_exactly 
tests/test_harness_adapter.py::test_bounded_run_records_the_limit_and_withholds_the_index 
[gw14] [ 96%] PASSED tests/test_eval_declared_inputs.py::test_a_narrower_declared_scope_is_complete_only_within_itself 
tests/test_queue.py::test_stale_lease_is_reclaimable_and_recorded 
[gw7] [ 96%] PASSED tests/test_eval_declared_inputs.py::test_a_relabelling_keeps_the_raw_identity_but_invalidates_the_aggregate 
tests/test_eval_declared_inputs.py::test_a_changed_prompt_changes_the_raw_identity 
[gw14] [ 96%] PASSED tests/test_queue.py::test_stale_lease_is_reclaimable_and_recorded 
tests/test_queue.py::test_cpu_environment_refuses_cuda_job_without_execution 
[gw2] [ 96%] FAILED tests/test_queue.py::test_toy_campaign_runs_sequentially_to_success 
tests/test_queue.py::test_changed_live_tree_preserves_frozen_run 
[gw5] [ 96%] PASSED tests/test_continuation_p05.py::test_cpu_fresh_process_continuation_parity 
tests/test_contracts.py::test_canonical_document_validation 
[gw5] [ 96%] PASSED tests/test_contracts.py::test_canonical_document_validation 
tests/test_frozen_execution.py::test_snapshot_reuse_conflicts_and_paths 
[gw15] [ 96%] PASSED tests/test_eval_declared_inputs.py::test_a_changed_checkpoint_changes_the_raw_identity 
tests/test_generation.py::test_sampling_seed_reproducibility_and_local_generator 
[gw15] [ 96%] PASSED tests/test_generation.py::test_sampling_seed_reproducibility_and_local_generator 
tests/test_generation.py::test_repetition_penalty_enforcement 
[gw15] [ 97%] PASSED tests/test_generation.py::test_repetition_penalty_enforcement 
tests/test_eval_declared_inputs.py::test_cli_declared_run_publishes_a_labelled_index 
[gw10] [ 97%] PASSED tests/test_queue.py::test_status_lists_jobs_with_attempts 
tests/test_queue.py::test_cli_experiment_plan_reports_blockers 
[gw10] [ 97%] PASSED tests/test_queue.py::test_cli_experiment_plan_reports_blockers 
tests/test_offline_workflow.py::test_each_dimension_uses_its_intended_interface 
[gw10] [ 97%] PASSED tests/test_offline_workflow.py::test_each_dimension_uses_its_intended_interface 
tests/test_prepare.py::test_failed_stage_stops_with_reason_and_state 
[gw5] [ 97%] PASSED tests/test_frozen_execution.py::test_snapshot_reuse_conflicts_and_paths 
tests/test_frozen_execution.py::test_snapshot_damage_rejects_before_worker[extra] 
[gw1] [ 97%] PASSED tests/test_queue.py::test_submit_allows_explicit_duplicates 
tests/test_queue.py::test_only_one_gpu_lease_can_be_held 
[gw1] [ 97%] PASSED tests/test_queue.py::test_only_one_gpu_lease_can_be_held 
[gw9] [ 97%] PASSED tests/test_frozen_execution.py::test_authority_and_recomputed_envelope_fields_are_checked 
tests/test_frozen_execution.py::test_actual_environment_mismatch_fails_in_real_worker 
[gw7] [ 97%] PASSED tests/test_eval_declared_inputs.py::test_a_changed_prompt_changes_the_raw_identity 
tests/test_frozen_execution.py::test_public_queue_and_diagnostic_receipt_keep_separate_provenance 
[gw14] [ 97%] PASSED tests/test_queue.py::test_cpu_environment_refuses_cuda_job_without_execution 
tests/test_queue.py::test_cli_campaign_plan_shows_six_mixtures_without_running 
[gw14] [ 97%] PASSED tests/test_queue.py::test_cli_campaign_plan_shows_six_mixtures_without_running 
[gw3] [ 97%] PASSED tests/test_harness_adapter.py::test_bounded_run_records_the_limit_and_withholds_the_index 
tests/test_frozen_execution.py::test_snapshot_damage_rejects_before_worker[missing] 
[gw13] [ 98%] PASSED tests/test_prepare.py::test_full_toy_run_reuses_on_repeat 
tests/test_prepare.py::test_partial_outputs_resume_without_redo 
[gw5] [ 98%] PASSED tests/test_frozen_execution.py::test_snapshot_damage_rejects_before_worker[extra] 
[gw10] [ 98%] PASSED tests/test_prepare.py::test_failed_stage_stops_with_reason_and_state 
tests/test_queue.py::test_cli_submit_blocks_unauthorized_large_runs 
[gw10] [ 98%] PASSED tests/test_queue.py::test_cli_submit_blocks_unauthorized_large_runs 
[gw12] [ 98%] PASSED tests/test_frozen_execution.py::test_real_worker_output_bound_and_terminal_failure 
tests/test_frozen_execution.py::test_worker_rejects_cli_override_outside_frozen_envelope 
[gw3] [ 98%] PASSED tests/test_frozen_execution.py::test_snapshot_damage_rejects_before_worker[missing] 
[gw4] [ 98%] PASSED tests/test_frozen_execution.py::test_intact_a_executes_after_live_b_and_import_override 
tests/test_frozen_execution.py::test_snapshot_damage_rejects_before_worker[tamper] 
[gw8] [ 98%] PASSED tests/test_queue.py::test_failed_jobs_keep_evidence_and_stay_terminal 
tests/test_queue.py::test_crash_recovery_requeues_once_when_retries_remain 
[gw2] [ 98%] PASSED tests/test_queue.py::test_changed_live_tree_preserves_frozen_run 
tests/test_frozen_execution.py::test_unresolved_checkpoint_is_inspectable_but_not_frozen_resume 
[gw2] [ 98%] PASSED tests/test_frozen_execution.py::test_unresolved_checkpoint_is_inspectable_but_not_frozen_resume 
[gw9] [ 98%] PASSED tests/test_frozen_execution.py::test_actual_environment_mismatch_fails_in_real_worker 
[gw6] [ 98%] PASSED tests/test_harness_adapter.py::test_evidence_cache_reuses_and_recomputes_on_identity_change 
tests/test_eval_declared_inputs.py::test_cli_verify_inputs_only_reports_a_bad_manifest 
[gw6] [ 99%] PASSED tests/test_eval_declared_inputs.py::test_cli_verify_inputs_only_reports_a_bad_manifest 
[gw4] [ 99%] PASSED tests/test_frozen_execution.py::test_snapshot_damage_rejects_before_worker[tamper] 
[gw0] [ 99%] PASSED tests/test_frozen_recovery.py::test_real_crash_preserves_committed_boundary_on_retry 
tests/test_generation.py::test_greedy_generation_determinism 
[gw0] [ 99%] PASSED tests/test_generation.py::test_greedy_generation_determinism 
[gw15] [ 99%] PASSED tests/test_eval_declared_inputs.py::test_cli_declared_run_publishes_a_labelled_index 
tests/test_frozen_execution.py::test_changed_tokenizer_and_real_shard_are_rejected 
[gw12] [ 99%] PASSED tests/test_frozen_execution.py::test_worker_rejects_cli_override_outside_frozen_envelope 
[gw8] [ 99%] PASSED tests/test_queue.py::test_crash_recovery_requeues_once_when_retries_remain 
[gw13] [ 99%] PASSED tests/test_prepare.py::test_partial_outputs_resume_without_redo 
[gw15] [ 99%] PASSED tests/test_frozen_execution.py::test_changed_tokenizer_and_real_shard_are_rejected 
[gw7] [ 99%] PASSED tests/test_frozen_execution.py::test_public_queue_and_diagnostic_receipt_keep_separate_provenance 
[gw11] [ 99%] PASSED tests/test_offline_workflow.py::test_offline_workflow_from_clean_environment 
tests/test_offline_workflow.py::test_prepare_restart_reuses_verified_acquisition 
[gw11] [100%] PASSED tests/test_offline_workflow.py::test_prepare_restart_reuses_verified_acquisition 

=================================== ERRORS ====================================
__ ERROR at setup of test_legacy_evidence_without_coverage_stays_unverified ___
[gw8] win32 -- Python 3.12.13 D:\Project\xlm-final-integration\.venv-final\Scripts\python.exe

src = 'D:\\Project\\xlm-final-integration\\data\\audit\\p23-remediation\\stage06\\final01\\full-xdist-home\\hf_home\\datasets\\json\\default-ec416b76d8b72085\\0.0.0\\915409a0dcfcf3c0e0e2b1d1e761f7eaf823c9e638ed16d3c75e0a940a971aa3\\tmpm3vgqkt1'
dst = 'D:\\Project\\xlm-final-integration\\data\\audit\\p23-remediation\\stage06\\final01\\full-xdist-home\\hf_home\\dataset...c416b76d8b72085\\0.0.0\\915409a0dcfcf3c0e0e2b1d1e761f7eaf823c9e638ed16d3c75e0a940a971aa3\\cache-870a1f794b02e42b.arrow'
copy_function = <function copy2 at 0x0000021F64497740>

    def move(src, dst, copy_function=copy2):
        """Recursively move a file or directory to another location. This is
        similar to the Unix "mv" command. Return the file or directory's
        destination.
    
        If dst is an existing directory or a symlink to a directory, then src is
        moved inside that directory. The destination path in that directory must
        not already exist.
    
        If dst already exists but is not a directory, it may be overwritten
        depending on os.rename() semantics.
    
        If the destination is on our current filesystem, then rename() is used.
        Otherwise, src is copied to the destination and then removed. Symlinks are
        recreated under the new name if os.rename() fails because of cross
        filesystem renames.
    
        The optional `copy_function` argument is a callable that will be used
        to copy the source or it will be delegated to `copytree`.
        By default, copy2() is used, but any function that supports the same
        signature (like copy()) can be used.
    
        A lot more could be done here...  A look at a mv.c shows a lot of
        the issues this implementation glosses over.
    
        """
        sys.audit("shutil.move", src, dst)
        real_dst = dst
        if os.path.isdir(dst):
            if _samefile(src, dst) and not os.path.islink(src):
                # We might be on a case insensitive filesystem,
                # perform the rename anyway.
                os.rename(src, dst)
                return
    
            # Using _basename instead of os.path.basename is important, as we must
            # ignore any trailing slash to avoid the basename returning ''
            real_dst = os.path.join(dst, _basename(src))
    
            if os.path.exists(real_dst):
                raise Error("Destination path '%s' already exists" % real_dst)
        try:
>           os.rename(src, real_dst)
E           FileExistsError: [WinError 183] 既に存在するファイルを作成することはできません。: 'D:\\Project\\xlm-final-integration\\data\\audit\\p23-remediation\\stage06\\final01\\full-xdist-home\\hf_home\\datasets\\json\\default-ec416b76d8b72085\\0.0.0\\915409a0dcfcf3c0e0e2b1d1e761f7eaf823c9e638ed16d3c75e0a940a971aa3\\tmpm3vgqkt1' -> 'D:\\Project\\xlm-final-integration\\data\\audit\\p23-remediation\\stage06\\final01\\full-xdist-home\\hf_home\\datasets\\json\\default-ec416b76d8b72085\\0.0.0\\915409a0dcfcf3c0e0e2b1d1e761f7eaf823c9e638ed16d3c75e0a940a971aa3\\cache-870a1f794b02e42b.arrow'

C:\Users\gamma\AppData\Roaming\uv\python\cpython-3.12.13-windows-x86_64-none\Lib\shutil.py:847: FileExistsError

During handling of the above exception, another exception occurred:

tiny_model = TransformerBaseline(
  (embed_tokens): Embedding(260, 64)
  (layers): ModuleList(
    (0-1): 2 x TransformerBlock(
   ...
      )
    )
  )
  (norm): RMSNorm(64, eps=1e-05)
  (lm_head): Linear(in_features=64, out_features=260, bias=False)
)
tmp_path_factory = TempPathFactory(_given_basetemp=WindowsPath('D:/Project/xlm-final-integration/data/audit/p23-remediation/stage06/final...ion/data/audit/p23-remediation/stage06/final01/full-xdist-tmp/popen-gw8'), _retention_count=3, _retention_policy='all')

    @pytest.fixture(scope="module")
    def complete_run(tiny_model: Any, tmp_path_factory: pytest.TempPathFactory) -> Any:
>       return _run(tiny_model, COMPLETE_MANIFEST, tmp_path_factory.mktemp("complete"))
               ^^^^^^^^^^^^^^^^^^^^^^^^^^^^^^^^^^^^^^^^^^^^^^^^^^^^^^^^^^^^^^^^^^^^^^^^

tests\test_eval_declared_inputs.py:295: 
_ _ _ _ _ _ _ _ _ _ _ _ _ _ _ _ _ _ _ _ _ _ _ _ _ _ _ _ _ _ _ _ _ _ _ _ _ _ _ _
tests\test_eval_declared_inputs.py:98: in _run
    return run_declared_input_suite(
src\xlm\evaluation\harness_runner.py:287: in run_declared_input_suite
    results = simple_evaluate(
.venv-final\Lib\site-packages\lm_eval\utils.py:580: in _wrapper
    return fn(*args, **kwargs)
           ^^^^^^^^^^^^^^^^^^^
.venv-final\Lib\site-packages\lm_eval\evaluator.py:302: in simple_evaluate
    loaded = task_manager.load(tasks)
             ^^^^^^^^^^^^^^^^^^^^^^^^
.venv-final\Lib\site-packages\lm_eval\tasks\manager.py:208: in load
    obj = self._load_spec(spec) if not isinstance(spec, (Task, Group)) else spec  # type:ignore[invalid-argument-type]
          ^^^^^^^^^^^^^^^^^^^^^
.venv-final\Lib\site-packages\lm_eval\tasks\manager.py:170: in _load_spec
    return self._factory.build(
.venv-final\Lib\site-packages\lm_eval\tasks\_factory.py:61: in build
    return self._build_task(entry, overrides)
           ^^^^^^^^^^^^^^^^^^^^^^^^^^^^^^^^^^
.venv-final\Lib\site-packages\lm_eval\tasks\_factory.py:81: in _build_task
    obj = ConfigurableTask(config=cfg)
          ^^^^^^^^^^^^^^^^^^^^^^^^^^^^
.venv-final\Lib\site-packages\lm_eval\api\task.py:786: in __init__
    if (_fs_docs := self.fewshot_docs()) is not None:
                    ^^^^^^^^^^^^^^^^^^^
.venv-final\Lib\site-packages\lm_eval\api\task.py:930: in fewshot_docs
    return super().fewshot_docs()
           ^^^^^^^^^^^^^^^^^^^^^^
.venv-final\Lib\site-packages\lm_eval\api\task.py:219: in fewshot_docs
    return self.test_docs()
           ^^^^^^^^^^^^^^^^
.venv-final\Lib\site-packages\lm_eval\api\task.py:903: in test_docs
    return self.config.process_docs(self.dataset[self.config.test_split])
           ^^^^^^^^^^^^^^^^^^^^^^^^^^^^^^^^^^^^^^^^^^^^^^^^^^^^^^^^^^^^^^
.venv-final\Lib\site-packages\lm_eval\tasks\hellaswag\utils.py:25: in process_docs
    return dataset.map(_process_doc)
           ^^^^^^^^^^^^^^^^^^^^^^^^^
.venv-final\Lib\site-packages\datasets\arrow_dataset.py:576: in wrapper
    out: Union["Dataset", "DatasetDict"] = func(self, *args, **kwargs)
                                           ^^^^^^^^^^^^^^^^^^^^^^^^^^^
.venv-final\Lib\site-packages\datasets\arrow_dataset.py:3633: in map
    for rank, done, content in Dataset._map_single(**unprocessed_kwargs):
                               ^^^^^^^^^^^^^^^^^^^^^^^^^^^^^^^^^^^^^^^^^
.venv-final\Lib\site-packages\datasets\arrow_dataset.py:4046: in _map_single
    shutil.move(tmp_file.name, cache_file_name)
C:\Users\gamma\AppData\Roaming\uv\python\cpython-3.12.13-windows-x86_64-none\Lib\shutil.py:867: in move
    copy_function(src, real_dst)
_ _ _ _ _ _ _ _ _ _ _ _ _ _ _ _ _ _ _ _ _ _ _ _ _ _ _ _ _ _ _ _ _ _ _ _ _ _ _ _

src = 'D:\\Project\\xlm-final-integration\\data\\audit\\p23-remediation\\stage06\\final01\\full-xdist-home\\hf_home\\datasets\\json\\default-ec416b76d8b72085\\0.0.0\\915409a0dcfcf3c0e0e2b1d1e761f7eaf823c9e638ed16d3c75e0a940a971aa3\\tmpm3vgqkt1'
dst = 'D:\\Project\\xlm-final-integration\\data\\audit\\p23-remediation\\stage06\\final01\\full-xdist-home\\hf_home\\dataset...c416b76d8b72085\\0.0.0\\915409a0dcfcf3c0e0e2b1d1e761f7eaf823c9e638ed16d3c75e0a940a971aa3\\cache-870a1f794b02e42b.arrow'
follow_symlinks = True

    def copy2(src, dst, *, follow_symlinks=True):
        """Copy data and metadata. Return the file's destination.
    
        Metadata is copied with copystat(). Please see the copystat function
        for more information.
    
        The destination may be a directory.
    
        If follow_symlinks is false, symlinks won't be followed. This
        resembles GNU's "cp -P src dst".
        """
        if os.path.isdir(dst):
            dst = os.path.join(dst, os.path.basename(src))
    
        if hasattr(_winapi, "CopyFile2"):
            src_ = os.fsdecode(src)
            dst_ = os.fsdecode(dst)
            flags = _winapi.COPY_FILE_ALLOW_DECRYPTED_DESTINATION # for compat
            if not follow_symlinks:
                flags |= _winapi.COPY_FILE_COPY_SYMLINK
            try:
>               _winapi.CopyFile2(src_, dst_, flags)
E               OSError: [WinError 1224] 要求された操作はユーザー マップ セクションで開いたファイルでは実行できません。

C:\Users\gamma\AppData\Roaming\uv\python\cpython-3.12.13-windows-x86_64-none\Lib\shutil.py:460: OSError
---------------------------- Captured stderr setup ----------------------------
\rMap:   0%|          | 0/4 [00:00<?, ? examples/s]\rMap: 100%|\u2588\u2588\u2588\u2588\u2588\u2588\u2588\u2588\u2588\u2588| 4/4 [00:00<00:00, 11.70 examples/s]\rMap: 100%|\u2588\u2588\u2588\u2588\u2588\u2588\u2588\u2588\u2588\u2588| 4/4 [00:00<00:00, 11.60 examples/s]
================================== FAILURES ===================================
___________________ test_cli_runs_list_empty_and_populated ____________________
[gw14] win32 -- Python 3.12.13 D:\Project\xlm-final-integration\.venv-final\Scripts\python.exe

tmp_path = WindowsPath('D:/Project/xlm-final-integration/data/audit/p23-remediation/stage06/final01/full-xdist-tmp/popen-gw14/test_cli_runs_list_empty_and_p0')
monkeypatch = <_pytest.monkeypatch.MonkeyPatch object at 0x00000182EAC979E0>

    def test_cli_runs_list_empty_and_populated(tmp_path: Path, monkeypatch: pytest.MonkeyPatch) -> None:
        from xlm.artifacts.ledger import RunLedger
        from xlm.core.paths import ArtifactPaths
        from xlm.experiments.plans import ExecutablePlan
        from xlm.experiments.queue import ExperimentQueue
        from xlm.experiments.snapshot import CodeSnapshot
    
        empty = _invoke(["runs", "list"], monkeypatch, tmp_path)
        assert empty.exit_code == 0 and "No runs recorded" in empty.output
    
        paths = ArtifactPaths(root=tmp_path / "home")
        ledger = RunLedger(paths.ledger / "ledger.sqlite")
        queue = ExperimentQueue(ledger, paths)
        snapshot = CodeSnapshot("1", "abc", None, [], {}, 0, "")
        snap_dir = tmp_path / "snap"
        snap_dir.mkdir()
        (snap_dir / "manifest.json").write_text(json.dumps(snapshot.to_dict()), encoding="utf-8")
        plan = ExecutablePlan(
            plan_version="1",
            plan_id="plan_x",
            plan_hash="h" * 32,
            draft_id="d",
            track="baseline",
            horizon_kind="standalone",
            resolved_config={},
            code_snapshot=snapshot,
            dependency_hash="dep",
            seeds={"init_seed": 1, "data_seed": 2},
            budget_valid_targets=10,
            budget_max_seconds=None,
            estimated_new_disk_gib=None,
            gpu_processes=1,
            evaluation_tier="search",
            checkpoint_every_valid_targets=10,
            evaluation_every_valid_targets=10,
            exposure={},
            cost_estimate={},
            storage_estimate_gib=None,
            blockers=[],
        )
        plan_path = tmp_path / "plan.json"
        plan.save(plan_path)
>       job_id, _ = queue.submit(plan, plan_path, snap_dir, "cpu", authorization_token="t")
                    ^^^^^^^^^^^^^^^^^^^^^^^^^^^^^^^^^^^^^^^^^^^^^^^^^^^^^^^^^^^^^^^^^^^^^^^

tests\test_reports.py:437: 
_ _ _ _ _ _ _ _ _ _ _ _ _ _ _ _ _ _ _ _ _ _ _ _ _ _ _ _ _ _ _ _ _ _ _ _ _ _ _ _
src\xlm\experiments\queue.py:374: in submit
    plan.validate_identity()
_ _ _ _ _ _ _ _ _ _ _ _ _ _ _ _ _ _ _ _ _ _ _ _ _ _ _ _ _ _ _ _ _ _ _ _ _ _ _ _

self = ExecutablePlan(plan_version='1', plan_id='plan_x', plan_hash='hhhhhhhhhhhhhhhhhhhhhhhhhhhhhhhh', draft_id='d', track='... storage_estimate_gib=None, blockers=[], parent_plan_id=None, fork_reason=None, created_at='', execution_envelope=None)

    def validate_identity(self) -> None:
        from xlm.artifacts.manifest import identity_digest
    
        if self.plan_version != "2" or self.execution_envelope is None:
>           raise PlanError("legacy/unfrozen plan cannot execute; resolve a new frozen plan")
E           xlm.experiments.plans.PlanError: legacy/unfrozen plan cannot execute; resolve a new frozen plan

src\xlm\experiments\plans.py:121: PlanError
_____________________ test_nested_field_schema_inspection _____________________
[gw14] win32 -- Python 3.12.13 D:\Project\xlm-final-integration\.venv-final\Scripts\python.exe

    def test_nested_field_schema_inspection() -> None:
        """Verify Arrow schema inspection parses nested struct fields from real Parquet fixture."""
        parquet_path = Path("fixtures/sources/sample_nested/nested_sample.parquet")
>       assert parquet_path.is_file(), f"Fixture missing: {parquet_path}"
E       AssertionError: Fixture missing: fixtures\sources\sample_nested\nested_sample.parquet
E       assert False
E        +  where False = is_file()
E        +    where is_file = WindowsPath('fixtures/sources/sample_nested/nested_sample.parquet').is_file

tests\test_source_discovery.py:122: AssertionError
__________________ test_missing_text_field_explicit_handling __________________
[gw14] win32 -- Python 3.12.13 D:\Project\xlm-final-integration\.venv-final\Scripts\python.exe

    def test_missing_text_field_explicit_handling() -> None:
        """Verify that schema mismatch flags missing text column against contract without guessing."""
        parquet_path = Path("fixtures/sources/sample_nested/mismatched_sample.parquet")
>       assert parquet_path.is_file(), f"Fixture missing: {parquet_path}"
E       AssertionError: Fixture missing: fixtures\sources\sample_nested\mismatched_sample.parquet
E       assert False
E        +  where False = is_file()
E        +    where is_file = WindowsPath('fixtures/sources/sample_nested/mismatched_sample.parquet').is_file

tests\test_source_discovery.py:147: AssertionError
___ test_cli_resume_reconstructs_real_settings_and_exact_nonmultiple_budget ___
[gw9] win32 -- Python 3.12.13 D:\Project\xlm-final-integration\.venv-final\Scripts\python.exe

tmp_path = WindowsPath('D:/Project/xlm-final-integration/data/audit/p23-remediation/stage06/final01/full-xdist-tmp/popen-gw9/test_cli_resume_reconstructs_r0')
monkeypatch = <_pytest.monkeypatch.MonkeyPatch object at 0x00000250F5F3F710>

    def test_cli_resume_reconstructs_real_settings_and_exact_nonmultiple_budget(
        tmp_path: Path, monkeypatch: pytest.MonkeyPatch
    ) -> None:
        import torch
        from typer.testing import CliRunner
    
        from xlm.cli.main import app
    
        plan_path = tmp_path / "plan.json"
        plan_path.write_text(json.dumps(tiny_plan()), encoding="utf-8")
        runner = CliRunner()
        reference_home = tmp_path / "reference"
        resumed_home = tmp_path / "resumed"
        # Authored captured implementation, exercised in real fresh workers. Both runs
        # use identical A bytes; only the operational interruption trigger differs.
        from test_frozen_execution import authored_tree
        from xlm.experiments import direct
        from xlm.experiments.snapshot import capture_snapshot
    
        tree = authored_tree(
            tmp_path / "authored",
            "if self.committed_valid_targets == 16 and "
            '__import__("os").environ["XLM_HOME"].endswith("interrupted"):\n'
            "            self._stop_requested = True\n"
            '            self.termination_reason = "interrupted"\n'
            "            return None",
        )
    
        def capture_authored(root: Path, target: Path) -> Any:
            return capture_snapshot(tree, target)
    
        monkeypatch.setattr(direct, "capture_snapshot", capture_authored)
        result = runner.invoke(app, ["train", str(plan_path)], env={"XLM_HOME": str(reference_home)})
>       assert result.exit_code == 0, (result.output, result.exception)
E       AssertionError: ('Error: installed runtime inventory exceeds time bound
E         ', SystemExit(1))
E       assert 1 == 0
E        +  where 1 = <Result SystemExit(1)>.exit_code

tests\test_final_acceptance.py:236: AssertionError
___________________ test_crash_without_retries_fails_loudly ___________________
[gw10] win32 -- Python 3.12.13 D:\Project\xlm-final-integration\.venv-final\Scripts\python.exe

tmp_path = WindowsPath('D:/Project/xlm-final-integration/data/audit/p23-remediation/stage06/final01/full-xdist-tmp/popen-gw10/test_crash_without_retries_fai0')

    def test_crash_without_retries_fails_loudly(tmp_path: Path) -> None:
>       plan, plan_path, snapshot_dir = make_plan(tmp_path, "crash0")
                                        ^^^^^^^^^^^^^^^^^^^^^^^^^^^^^

tests\test_queue.py:371: 
_ _ _ _ _ _ _ _ _ _ _ _ _ _ _ _ _ _ _ _ _ _ _ _ _ _ _ _ _ _ _ _ _ _ _ _ _ _ _ _
tests\test_queue.py:122: in make_plan
    freeze_execution(plan, snapshot_dir, [device])
src\xlm\experiments\plans.py:194: in freeze_execution
    envelope = make_envelope(plan.resolved_config, snapshot_dir, extras=extras)
               ^^^^^^^^^^^^^^^^^^^^^^^^^^^^^^^^^^^^^^^^^^^^^^^^^^^^^^^^^^^^^^^^
src\xlm\experiments\execution.py:204: in make_envelope
    "environment": installed_runtime(lock, extras),
                   ^^^^^^^^^^^^^^^^^^^^^^^^^^^^^^^
_ _ _ _ _ _ _ _ _ _ _ _ _ _ _ _ _ _ _ _ _ _ _ _ _ _ _ _ _ _ _ _ _ _ _ _ _ _ _ _

lock = WindowsPath('D:/Project/xlm-final-integration/data/audit/p23-remediation/stage06/final01/full-xdist-tmp/popen-gw10/test_crash_without_retries_fai0/snap_crash0/code/uv.lock')
extras = ['cpu']
site = WindowsPath('D:/Project/xlm-final-integration/.venv-final/Lib/site-packages')

    def installed_runtime(lock: Path, extras: list[str], site: Path | None = None) -> dict[str, Any]:
        """Hash actual installed bytes; no imports of installed packages or network."""
        started = time.monotonic()
        if sorted(extras) not in (["cpu"], ["cpu", "eval"], ["cuda"], ["cuda", "eval"]):
            raise ValueError("execution requires explicit mutually exclusive CPU/CUDA extras")
        site = site or Path(sysconfig.get_paths()["purelib"])
        ensure_plain_path(site)
        if not site.is_dir() or lock.stat().st_size > 8 * 1024**2:
            raise ValueError("offline runtime or bounded lockfile unavailable")
        graph = tomllib.loads(lock.read_text(encoding="utf-8"))
        allowed: dict[str, set[str]] = {}
        for package in graph["package"]:
            name = re.sub(r"[-_.]+", "-", package["name"]).lower()
            allowed.setdefault(name, set()).add(package["version"])
        versions: dict[str, str] = {}
        distributions: dict[str, importlib.metadata.Distribution] = {}
        for distribution in importlib.metadata.distributions(path=[str(site)]):
            name = re.sub(r"[-_.]+", "-", distribution.metadata["Name"]).lower()
            if name == "xlm":
                continue
            if name in versions or distribution.version not in allowed.get(name, set()):
                raise ValueError(f"installed dependency is duplicate or not locked: {name}")
            versions[name] = distribution.version
            distributions[name] = distribution
        required = {"torch", "pydantic", "filelock", "typer", "psutil", "safetensors"}
        if "eval" in extras:
            required.add("lm-eval")
        if not required.issubset(versions):
            raise ValueError(f"missing offline dependencies: {sorted(required - versions.keys())}")
        from packaging.requirements import Requirement
    
        project = tomllib.loads((lock.parent / "pyproject.toml").read_text(encoding="utf-8"))["project"]
        requirements = list(project["dependencies"])
        for extra in extras:
            requirements.extend(project["optional-dependencies"][extra])
        pending_requirements = [(Requirement(item), {""}) for item in requirements]
        checked: set[tuple[str, tuple[str, ...]]] = set()
        while pending_requirements:
            requirement, parent_extras = pending_requirements.pop()
            if requirement.marker and not any(
                requirement.marker.evaluate({"extra": e}) for e in parent_extras
            ):
                continue
            name = re.sub(r"[-_.]+", "-", requirement.name).lower()
            if name not in versions or not requirement.specifier.contains(versions[name]):
                raise ValueError(f"missing/incompatible offline dependency: {requirement}")
            selected_extras = {"", *requirement.extras}
            key = (name, tuple(sorted(selected_extras)))
            if key in checked:
                continue
            checked.add(key)
            pending_requirements.extend(
                (Requirement(item), selected_extras) for item in distributions[name].requires or []
            )
            if len(checked) > 2000 or time.monotonic() - started > 90:
                raise ValueError("offline dependency resolution exceeds bound")
        if ("+cpu" in versions["torch"]) != ("cpu" in extras):
            raise ValueError("installed torch accelerator does not match selected extras")
        pinned_python = lock.parent / ".python-version"
        if (
            not pinned_python.is_file()
            or pinned_python.read_text().strip() != platform.python_version()
        ):
            raise ValueError("actual interpreter does not match frozen Python patch pin")
        files: dict[str, tuple[str, int]] = {}
        pending: list[tuple[Path, int]] = []
        with ThreadPoolExecutor(max_workers=8) as pool:
            for path, file_size in _installed_files(site):
                pending.append((path, file_size))
                if len(pending) == 64:
                    _hash_batch(pending, site, files, pool)
                    pending.clear()
                if time.monotonic() - started > 90:
>                   raise ValueError("installed runtime inventory exceeds time bound")
E                   ValueError: installed runtime inventory exceeds time bound

src\xlm\experiments\environment.py:127: ValueError
____________________ test_cli_train_and_resume_subprocess _____________________
[gw4] win32 -- Python 3.12.13 D:\Project\xlm-final-integration\.venv-final\Scripts\python.exe

tmp_path = WindowsPath('D:/Project/xlm-final-integration/data/audit/p23-remediation/stage06/final01/full-xdist-tmp/popen-gw4/test_cli_train_and_resume_subp0')

    def test_cli_train_and_resume_subprocess(tmp_path: Path) -> None:
        """Verify xlm train and xlm resume subprocess workflow."""
        plan_data = {
            "schema_version": 1,
            "kind": "experiment_plan",
            "id": "cli_plan_test_01",
            "status": "planned",
            "track": "baseline",
            "model": {
                "architecture": "transformer_baseline",
                "vocab_size": 260,
                "num_layers": 1,
                "hidden_size": 16,
                "num_attention_heads": 2,
                "intermediate_size": 32,
                "context_length": 8,
                "attention_backend": "eager",
                "tie_embeddings": True,
            },
            "data": {
                "synthetic_tokens": [i % 28 + 4 for i in range(1000)],
                "tokenizer_artifact": "byte",
            },
            "objective": {
                "type": "cross_entropy",
                "version": "1",
            },
            "optimizer": {
                "type": "adamw",
                "version": "1",
                "lr": 0.01,
                "weight_decay": 0.0,
            },
            "training": {
                "device": "cpu",
                "precision": "fp32",
                "context_length": 8,
                "global_batch_valid_targets": 16,
                "gradient_clip_norm": 1.0,
                "budget": {
                    "max_valid_targets": 32,
                },
                "schedule": {
                    "type": "warmup_cosine",
                    "warmup_valid_targets": 8,
                    "horizon_valid_targets": 32,
                },
            },
            "evaluation": {
                "suite": "search",
            },
            "resources": {},
            "authorization": {
                "state": "authorized",
            },
            "code_hash": "code_hash_12345678",
            "dependency_hash": "dep_hash_12345678",
        }
    
        plan_file = tmp_path / "plan.json"
        plan_file.write_text(json.dumps(plan_data), encoding="utf-8")
    
        env = dict(os.environ)
        env["XLM_HOME"] = str(tmp_path / "xlm_home")
    
        # 1. Train
        train_res = subprocess.run(
            [sys.executable, "-m", "xlm.cli.main", "train", str(plan_file), "--device", "cpu"],
            capture_output=True,
            text=True,
            check=False,
            env=env,
        )
>       assert train_res.returncode == 0, f"Train failed:\n{train_res.stderr}\n{train_res.stdout}"
E       AssertionError: Train failed:
E         <frozen runpy>:128: RuntimeWarning: 'xlm.cli.main' found in sys.modules after import of package 'xlm.cli', but prior to execution of 'xlm.cli.main'; this may result in unpredictable behaviour
E         Error: installed runtime inventory exceeds time bound
E         
E         
E       assert 1 == 0
E        +  where 1 = CompletedProcess(args=['D:\\Project\\xlm-final-integration\\.venv-final\\Scripts\\python.exe', '-m', 'xlm.cli.main', 'train', 'D:\\Project\\xlm-final-integration\\data\\audit\\p23-remediation\\stage06\\final01\\full-xdist-tmp\\popen-gw4\\test_cli_train_and_resume_subp0\\plan.json', '--device', 'cpu'], returncode=1, stdout='', stderr="<frozen runpy>:128: RuntimeWarning: 'xlm.cli.main' found in sys.modules after import of package 'xlm.cli', but prior to execution of 'xlm.cli.main'; this may result in unpredictable behaviour\nError: installed runtime inventory exceeds time bound\n").returncode

tests\test_cli_train_demo.py:137: AssertionError
_________ test_expired_and_unreviewed_and_unbounded_suppliers_refused _________
[gw4] win32 -- Python 3.12.13 D:\Project\xlm-final-integration\.venv-final\Scripts\python.exe

tmp_path = WindowsPath('D:/Project/xlm-final-integration/data/audit/p23-remediation/stage06/final01/full-xdist-tmp/popen-gw4/test_expired_and_unreviewed_an0')

    def test_expired_and_unreviewed_and_unbounded_suppliers_refused(tmp_path: Path) -> None:
        sealed = _sealed_tree(tmp_path)
        expired = build_final_request(
            "ckpt_abc",
            "suite_fp",
            ["t"],
            max_items=10,
            max_requests=1,
            nonce="expired-1",
            ttl_seconds=-10,
        )
        with pytest.raises(FinalEvaluationError, match="expired"):
            execute_final_request(
                expired,
                _auth(expired),
                sealed["root"],
                sealed["bundle"],
                sealed["reviewed"],
                sealed["quota"],
                _supplier,
                "operator_1",
                "code",
                "rolling",
                "fp32",
            )
        foreign = sealed["root"] / "unreviewed.py"
        foreign.write_text("# not reviewed\n", encoding="utf-8")
        with pytest.raises(FinalEvaluationError, match="not in the reviewed registry"):
            execute_final_request(
                _request(nonce="unrev"),
                _auth(_request(nonce="unrev")),
                sealed["root"],
                foreign,
                sealed["reviewed"],
                sealed["quota"],
                _supplier,
                "operator_1",
                "code",
                "rolling",
                "fp32",
            )
    
        def forbidden_supplier(request: Any) -> tuple[dict[str, Any], int]:
            return ({"arc_easy": {"acc": 0.5}, "predictions": ["a", "b"]}, 2)
    
>       with pytest.raises(FinalEvaluationError, match="aggregates only"):
             ^^^^^^^^^^^^^^^^^^^^^^^^^^^^^^^^^^^^^^^^^^^^^^^^^^^^^^^^^^^^
E       AssertionError: Regex pattern did not match.
E         Expected regex: 'aggregates only'
E         Actual message: 'authorization does not match this exact request hash'

tests\test_operator.py:308: AssertionError
________________ test_public_cli_executes_registered_objective ________________
[gw14] win32 -- Python 3.12.13 D:\Project\xlm-final-integration\.venv-final\Scripts\python.exe

tmp_path = WindowsPath('D:/Project/xlm-final-integration/data/audit/p23-remediation/stage06/final01/full-xdist-tmp/popen-gw14/test_public_cli_executes_regis0')

    def test_public_cli_executes_registered_objective(tmp_path: Path) -> None:
        from xlm.config import schemas  # register the existing built-ins
        from xlm.core.registry import objectives
    
        assert schemas is not None and objectives.get("noop_objective", "1").factory is not None
        plan = {
            "id": "d03_registered_objective",
            "model": {
                "architecture": "transformer_baseline",
                "vocab_size": 64,
                "hidden_size": 16,
                "intermediate_size": 32,
                "num_layers": 1,
                "num_attention_heads": 2,
                "context_length": 8,
                "attention_backend": "eager",
            },
            "objective": {"type": "noop_objective", "version": "1"},
            "optimizer": {"type": "adamw", "lr": 0.01},
            "data": {"synthetic_tokens": [4 + i % 50 for i in range(64)]},
            "training": {
                "device": "cpu",
                "precision": "fp32",
                "context_length": 8,
                "global_batch_valid_targets": 8,
                "budget": {"max_valid_targets": 8, "max_train_seconds": 10},
                "schedule": {
                    "type": "warmup_cosine",
                    "warmup_valid_targets": 0,
                    "horizon_valid_targets": 8,
                },
            },
        }
        path = tmp_path / "plan.json"
        path.write_text(json.dumps(plan), encoding="utf-8")
        result = subprocess.run(
            [sys.executable, "-m", "xlm.cli.main", "train", str(path), "--device", "cpu"],
            env={**os.environ, "XLM_HOME": str(tmp_path / "home")},
            capture_output=True,
            text=True,
            timeout=180,
        )
        (tmp_path / "observed.json").write_text(
            json.dumps(
                {
                    "returncode": result.returncode,
                    "stdout": result.stdout,
                    "stderr": result.stderr,
                    "checkpoints": [str(p) for p in (tmp_path / "home").rglob("model.pt")],
                }
            ),
            encoding="utf-8",
        )
>       assert result.returncode == 0, result.stderr
E       AssertionError: <frozen runpy>:128: RuntimeWarning: 'xlm.cli.main' found in sys.modules after import of package 'xlm.cli', but prior to execution of 'xlm.cli.main'; this may result in unpredictable behaviour
E         Error: installed runtime inventory exceeds time bound
E         
E       assert 1 == 0
E        +  where 1 = CompletedProcess(args=['D:\\Project\\xlm-final-integration\\.venv-final\\Scripts\\python.exe', '-m', 'xlm.cli.main', 'train', 'D:\\Project\\xlm-final-integration\\data\\audit\\p23-remediation\\stage06\\final01\\full-xdist-tmp\\popen-gw14\\test_public_cli_executes_regis0\\plan.json', '--device', 'cpu'], returncode=1, stdout='', stderr="<frozen runpy>:128: RuntimeWarning: 'xlm.cli.main' found in sys.modules after import of package 'xlm.cli', but prior to execution of 'xlm.cli.main'; this may result in unpredictable behaviour\nError: installed runtime inventory exceeds time bound\n").returncode

tests\test_configurable_training.py:143: AssertionError
___________ test_cli_declared_run_under_a_limit_withholds_the_index ___________
[gw12] win32 -- Python 3.12.13 D:\Project\xlm-final-integration\.venv-final\Scripts\python.exe

tiny_checkpoint = WindowsPath('D:/Project/xlm-final-integration/data/audit/p23-remediation/stage06/final01/full-xdist-tmp/popen-gw12/declared_ckpt0/model')
tmp_path = WindowsPath('D:/Project/xlm-final-integration/data/audit/p23-remediation/stage06/final01/full-xdist-tmp/popen-gw12/test_cli_declared_run_under_a_0')

    @pytest.mark.slow
    def test_cli_declared_run_under_a_limit_withholds_the_index(
        tiny_checkpoint: Path, tmp_path: Path
    ) -> None:
        result = _cli(
            [
                str(tiny_checkpoint),
                "--suite",
                "search",
                "--inputs",
                str(COMPLETE_MANIFEST),
                "--limit",
                "2",
                "--output-dir",
                str(tmp_path / "out"),
            ],
            tmp_path,
        )
>       assert result.returncode == 0, result.stderr
E       AssertionError: <frozen runpy>:128: RuntimeWarning: 'xlm.cli.main' found in sys.modules after import of package 'xlm.cli', but prior to execution of 'xlm.cli.main'; this may result in unpredictable behaviour
E         +--------------------- Traceback (most recent call last) ---------------------+
E         | D:\Project\xlm-final-integration\src\xlm\cli\eval_cmd.py:532 in             |
E         | evaluate_command                                                            |
E         |                                                                             |
E         |   529         return                                                        |
E         |   530     from xlm.experiments.evaluation_execution import                  |
E         |       launch_evaluation                                                     |
E         |   531                                                                       |
E         | > 532     launch_evaluation(options)                                        |
E         |   533                                                                       |
E         |   534                                                                       |
E         |   535 def _evaluate_in_process(                                             |
E         |                                                                             |
E         | D:\Project\xlm-final-integration\src\xlm\experiments\evaluation_execution.p |
E         | y:84 in launch_evaluation                                                   |
E         |                                                                             |
E         |    81     extras = [options["device"]] + (                                  |
E         |    82         [] if options["suite"] in ("all", "synthetic_mc",             |
E         |       "synthetic_pair") else ["eval"]                                       |
E         |    83     )                                                                 |
E         | >  84     envelope = make_envelope(config, snapshot, extras=extras,         |
E         |       purpose="evaluation")                                                 |
E         |    85     result = launch_worker(                                           |
E         |    86         {                                                             |
E         |    87             "action": "evaluate",                                     |
E         |                                                                             |
E         | D:\Project\xlm-final-integration\src\xlm\experiments\execution.py:204 in    |
E         | make_envelope                                                               |
E         |                                                                             |
E         |   201         "bindings": bindings,                                         |
E         |   202         "code_hash": snapshot.code_hash,                              |
E         |   203         "dependency_hash": compute_file_sha256(lock, max_bytes=8 *    |
E         |       1024**2),                                                             |
E         | > 204         "environment": installed_runtime(lock, extras),               |
E         |   205         "runtime_policy": policy or {"torch_threads": 1,              |
E         |       "deterministic_algorithms": True},                                    |
E         |   206     }                                                                 |
E         |   207     return {**payload, "execution_hash": identity_digest(payload)}    |
E         |                                                                             |
E         | D:\Project\xlm-final-integration\src\xlm\experiments\environment.py:127 in  |
E         | installed_runtime                                                           |
E         |                                                                             |
E         |   124                 _hash_batch(pending, site, files, pool)               |
E         |   125                 pending.clear()                                       |
E         |   126             if time.monotonic() - started > 90:                       |
E         | > 127                 raise ValueError("installed runtime inventory exceeds |
E         |       time bound")                                                          |
E         |   128         _hash_batch(pending, site, files, pool)                       |
E         |   129     size = sum(item[1] for item in files.values())                    |
E         |   130     hashes = {name: item[0] for name, item in files.items()}          |
E         +-----------------------------------------------------------------------------+
E         ValueError: installed runtime inventory exceeds time bound
E         
E       assert 1 == 0
E        +  where 1 = CompletedProcess(args=['D:\\Project\\xlm-final-integration\\.venv-final\\Scripts\\python.exe', '-m', 'xlm.cli.main', 'evaluate', 'D:\\Project\\xlm-final-integration\\data\\audit\\p23-remediation\\stage06\\final01\\full-xdist-tmp\\popen-gw12\\declared_ckpt0\\model', '--suite', 'search', '--inputs', 'D:\\Project\\xlm-final-integration\\fixtures\\eval\\inputs\\dev_fixture_v1\\manifest.yaml', '--limit', '2', '--output-dir', 'D:\\Project\\xlm-final-integration\\data\\audit\\p23-remediation\\stage06\\final01\\full-xdist-tmp\\popen-gw12\\test_cli_declared_run_under_a_0\\out'], returncode=1, stdout='', stderr='<frozen runpy>:128: RuntimeWarning: \'xlm.cli.main\' found in sys.modules after import of package \'xlm.cli\', but prior to execution of \'xlm.cli.main\'; this may result in unpredictable behaviour\n+--------------------- Traceback (most recent call last) ---------------------+\n| D:\\Project\\xlm-final-integration\\src\\xlm\\cli\\eval_cmd.py:532 in             |\n| evaluate_command                                                            |\n|                                                                             |\n|   529         return                                                        |\n|   530     from xlm.experiments.evaluation_execution import                  |\n|       launch_evaluation                                                     |\n|   531                                                                       |\n| > 532     launch_evaluation(options)                                        |\n|   533                                                                       |\n|   534                                                                       |\n|   535 def _evaluate_in_process(                                             |\n|                                                                             |\n| D:\\Project\\xlm-final-integration\\src\\xlm\\experiments\\evaluation_execution.p |\n| y:84 in launch_evaluation                                                   |\n|                                                                             |\n|    81     extras = [options["device"]] + (                                  |\n|    82         [] if options["suite"] in ("all", "synthetic_mc",             |\n|       "synthetic_pair") else ["eval"]                                       |\n|    83     )                                                                 |\n| >  84     envelope = make_envelope(config, snapshot, extras=extras,         |\n|       purpose="evaluation")                                                 |\n|    85     result = launch_worker(                                           |\n|    86         {                                                             |\n|    87             "action": "evaluate",                                     |\n|                                                                             |\n| D:\\Project\\xlm-final-integration\\src\\xlm\\experiments\\execution.py:204 in    |\n| make_envelope                                                               |\n|                                                                             |\n|   201         "bindings": bindings,                                         |\n|   202         "code_hash": snapshot.code_hash,                              |\n|   203         "dependency_hash": compute_file_sha256(lock, max_bytes=8 *    |\n|       1024**2),                                                             |\n| > 204         "environment": installed_runtime(lock, extras),               |\n|   205         "runtime_policy": policy or {"torch_threads": 1,              |\n|       "deterministic_algorithms": True},                                    |\n|   206     }                                                                 |\n|   207     return {**payload, "execution_hash": identity_digest(payload)}    |\n|                                                                             |\n| D:\\Project\\xlm-final-integration\\src\\xlm\\experiments\\environment.py:127 in  |\n| installed_runtime                                                           |\n|                                                                             |\n|   124                 _hash_batch(pending, site, files, pool)               |\n|   125                 pending.clear()                                       |\n|   126             if time.monotonic() - started > 90:                       |\n| > 127                 raise ValueError("installed runtime inventory exceeds |\n|       time bound")                                                          |\n|   128         _hash_batch(pending, site, files, pool)                       |\n|   129     size = sum(item[1] for item in files.values())                    |\n|   130     hashes = {name: item[0] for name, item in files.items()}          |\n+-----------------------------------------------------------------------------+\nValueError: installed runtime inventory exceeds time bound\n').returncode

tests\test_eval_declared_inputs.py:699: AssertionError
__________________ test_cli_evaluate_and_generate_subprocess __________________
[gw2] win32 -- Python 3.12.13 D:\Project\xlm-final-integration\.venv-final\Scripts\python.exe

tmp_path = WindowsPath('D:/Project/xlm-final-integration/data/audit/p23-remediation/stage06/final01/full-xdist-tmp/popen-gw2/test_cli_evaluate_and_generate0')

    def test_cli_evaluate_and_generate_subprocess(tmp_path: Path) -> None:
        """Verify xlm evaluate and xlm generate commands run cleanly on a saved checkpoint."""
    
        from xlm.config.schemas import TransformerBaselineConfig
        from xlm.models.serialization import save_model_to_directory
        from xlm.models.transformer import TransformerBaseline
    
        # 1. Author a small model artifact
        cfg = TransformerBaselineConfig(
            architecture="transformer_baseline",
            vocab_size=260,
            context_length=128,
            hidden_size=64,
            intermediate_size=128,
            num_layers=2,
            num_attention_heads=4,
            attention_backend="eager",
        )
        model = TransformerBaseline(cfg, seed=42)
        model_dir = tmp_path / "model_ckpt"
        save_model_to_directory(model, model_dir)
    
        env = dict(os.environ)
        env["XLM_HOME"] = str(tmp_path / "xlm_home")
    
        # 2. Test xlm evaluate
        eval_res = subprocess.run(
            [sys.executable, "-m", "xlm.cli.main", "evaluate", str(model_dir), "--device", "cpu"],
            capture_output=True,
            text=True,
            check=False,
            env=env,
        )
>       assert eval_res.returncode == 0, f"Evaluate failed:\n{eval_res.stderr}\n{eval_res.stdout}"
E       AssertionError: Evaluate failed:
E         <frozen runpy>:128: RuntimeWarning: 'xlm.cli.main' found in sys.modules after import of package 'xlm.cli', but prior to execution of 'xlm.cli.main'; this may result in unpredictable behaviour
E         +--------------------- Traceback (most recent call last) ---------------------+
E         | D:\Project\xlm-final-integration\src\xlm\cli\eval_cmd.py:532 in             |
E         | evaluate_command                                                            |
E         |                                                                             |
E         |   529         return                                                        |
E         |   530     from xlm.experiments.evaluation_execution import                  |
E         |       launch_evaluation                                                     |
E         |   531                                                                       |
E         | > 532     launch_evaluation(options)                                        |
E         |   533                                                                       |
E         |   534                                                                       |
E         |   535 def _evaluate_in_process(                                             |
E         |                                                                             |
E         | D:\Project\xlm-final-integration\src\xlm\experiments\evaluation_execution.p |
E         | y:84 in launch_evaluation                                                   |
E         |                                                                             |
E         |    81     extras = [options["device"]] + (                                  |
E         |    82         [] if options["suite"] in ("all", "synthetic_mc",             |
E         |       "synthetic_pair") else ["eval"]                                       |
E         |    83     )                                                                 |
E         | >  84     envelope = make_envelope(config, snapshot, extras=extras,         |
E         |       purpose="evaluation")                                                 |
E         |    85     result = launch_worker(                                           |
E         |    86         {                                                             |
E         |    87             "action": "evaluate",                                     |
E         |                                                                             |
E         | D:\Project\xlm-final-integration\src\xlm\experiments\execution.py:204 in    |
E         | make_envelope                                                               |
E         |                                                                             |
E         |   201         "bindings": bindings,                                         |
E         |   202         "code_hash": snapshot.code_hash,                              |
E         |   203         "dependency_hash": compute_file_sha256(lock, max_bytes=8 *    |
E         |       1024**2),                                                             |
E         | > 204         "environment": installed_runtime(lock, extras),               |
E         |   205         "runtime_policy": policy or {"torch_threads": 1,              |
E         |       "deterministic_algorithms": True},                                    |
E         |   206     }                                                                 |
E         |   207     return {**payload, "execution_hash": identity_digest(payload)}    |
E         |                                                                             |
E         | D:\Project\xlm-final-integration\src\xlm\experiments\environment.py:127 in  |
E         | installed_runtime                                                           |
E         |                                                                             |
E         |   124                 _hash_batch(pending, site, files, pool)               |
E         |   125                 pending.clear()                                       |
E         |   126             if time.monotonic() - started > 90:                       |
E         | > 127                 raise ValueError("installed runtime inventory exceeds |
E         |       time bound")                                                          |
E         |   128         _hash_batch(pending, site, files, pool)                       |
E         |   129     size = sum(item[1] for item in files.values())                    |
E         |   130     hashes = {name: item[0] for name, item in files.items()}          |
E         +-----------------------------------------------------------------------------+
E         ValueError: installed runtime inventory exceeds time bound
E         
E         
E       assert 1 == 0
E        +  where 1 = CompletedProcess(args=['D:\\Project\\xlm-final-integration\\.venv-final\\Scripts\\python.exe', '-m', 'xlm.cli.main', 'evaluate', 'D:\\Project\\xlm-final-integration\\data\\audit\\p23-remediation\\stage06\\final01\\full-xdist-tmp\\popen-gw2\\test_cli_evaluate_and_generate0\\model_ckpt', '--device', 'cpu'], returncode=1, stdout='', stderr='<frozen runpy>:128: RuntimeWarning: \'xlm.cli.main\' found in sys.modules after import of package \'xlm.cli\', but prior to execution of \'xlm.cli.main\'; this may result in unpredictable behaviour\n+--------------------- Traceback (most recent call last) ---------------------+\n| D:\\Project\\xlm-final-integration\\src\\xlm\\cli\\eval_cmd.py:532 in             |\n| evaluate_command                                                            |\n|                                                                             |\n|   529         return                                                        |\n|   530     from xlm.experiments.evaluation_execution import                  |\n|       launch_evaluation                                                     |\n|   531                                                                       |\n| > 532     launch_evaluation(options)                                        |\n|   533                                                                       |\n|   534                                                                       |\n|   535 def _evaluate_in_process(                                             |\n|                                                                             |\n| D:\\Project\\xlm-final-integration\\src\\xlm\\experiments\\evaluation_execution.p |\n| y:84 in launch_evaluation                                                   |\n|                                                                             |\n|    81     extras = [options["device"]] + (                                  |\n|    82         [] if options["suite"] in ("all", "synthetic_mc",             |\n|       "synthetic_pair") else ["eval"]                                       |\n|    83     )                                                                 |\n| >  84     envelope = make_envelope(config, snapshot, extras=extras,         |\n|       purpose="evaluation")                                                 |\n|    85     result = launch_worker(                                           |\n|    86         {                                                             |\n|    87             "action": "evaluate",                                     |\n|                                                                             |\n| D:\\Project\\xlm-final-integration\\src\\xlm\\experiments\\execution.py:204 in    |\n| make_envelope                                                               |\n|                                                                             |\n|   201         "bindings": bindings,                                         |\n|   202         "code_hash": snapshot.code_hash,                              |\n|   203         "dependency_hash": compute_file_sha256(lock, max_bytes=8 *    |\n|       1024**2),                                                             |\n| > 204         "environment": installed_runtime(lock, extras),               |\n|   205         "runtime_policy": policy or {"torch_threads": 1,              |\n|       "deterministic_algorithms": True},                                    |\n|   206     }                                                                 |\n|   207     return {**payload, "execution_hash": identity_digest(payload)}    |\n|                                                                             |\n| D:\\Project\\xlm-final-integration\\src\\xlm\\experiments\\environment.py:127 in  |\n| installed_runtime                                                           |\n|                                                                             |\n|   124                 _hash_batch(pending, site, files, pool)               |\n|   125                 pending.clear()                                       |\n|   126             if time.monotonic() - started > 90:                       |\n| > 127                 raise ValueError("installed runtime inventory exceeds |\n|       time bound")                                                          |\n|   128         _hash_batch(pending, site, files, pool)                       |\n|   129     size = sum(item[1] for item in files.values())                    |\n|   130     hashes = {name: item[0] for name, item in files.items()}          |\n+-----------------------------------------------------------------------------+\nValueError: installed runtime inventory exceeds time bound\n').returncode

tests\test_cli_eval_gen.py:64: AssertionError
________ test_public_two_source_prepare_direct_queue_and_resume[False] ________
[gw5] win32 -- Python 3.12.13 D:\Project\xlm-final-integration\.venv-final\Scripts\python.exe

tmp_path = WindowsPath('D:/Project/xlm-final-integration/data/audit/p23-remediation/stage06/final01/full-xdist-tmp/popen-gw5/test_public_two_source_prepare0')
auxiliary = False

    @pytest.mark.parametrize("auxiliary", [False, True])
    def test_public_two_source_prepare_direct_queue_and_resume(tmp_path: Path, auxiliary: bool) -> None:
        from test_frozen_execution import authored_tree
    
        tree = authored_tree(tmp_path / "tree")
        if auxiliary:
            plugin = tree / "src/xlm/plugins/authored_aux"
            plugin.mkdir()
            (plugin / "plugin.yaml").write_text(
                yaml.safe_dump(
                    {
                        "plugin_id": "authored_aux",
                        "version": "1",
                        "category": "objective",
                        "enabled": True,
                        "entry_module": "entry.py",
                        "files": ["entry.py"],
                        "capabilities": {
                            "loss_protocol": "token_additive",
                            "supports_microbatching": True,
                            "has_auxiliary_parameters": True,
                            "requires_hidden_states": False,
                        },
                    }
                ),
                encoding="utf-8",
            )
            (plugin / "entry.py").write_text(
                """from typing import Literal
    from xlm.config.schemas import StrictConfigModel
    from xlm.objectives.auxiliary_fixture import AuxiliaryLearningObjective
    import random
    import numpy as np
    import torch
    class Config(StrictConfigModel):
        type: Literal["authored_aux"] = "authored_aux"
        version: str = "1"
        init_val: float = 1.0
        target_val: float = 3.0
    class Objective(AuxiliaryLearningObjective):
        def forward(self, *args, **kwargs):
            self.target_val = 3.0 + random.random() + float(np.random.random()) + float(torch.rand(()))
            return super().forward(*args, **kwargs)
    def factory(config):
        print("AUTHORED_AUX_FACTORY_EXECUTED", flush=True)
        return Objective(config.init_val, config.target_val)
    def register(registry, capabilities):
        return registry.register("authored_aux", "1", Config,
            capabilities.to_dict(), "1", factory)
    """,
                encoding="utf-8",
            )
        docs = documents()
        documents_path = tmp_path / "documents.jsonl"
        documents_path.write_text(
            "".join(json.dumps(d.to_dict()) + "\n" for d in docs), encoding="utf-8"
        )
        tokenizer = ByteLevelBPETokenizer.train_from_documents(
            docs, target_vocab_size=260, max_train_docs=4, max_train_bytes=1024
        )
        tokenizer.save(tmp_path / "tokenizer")
        recipe = MixtureRecipe(
            mixture_id="two_sources",
            components=[
                MixtureComponent(source_id="alpha", weight=0.75),
                MixtureComponent(source_id="zeta", weight=0.25),
            ],
            packing=PackingPolicy(max_document_tokens=4),
            data_seed=42,
            model_seed=7,
        )
        recipe_path = tmp_path / "mixture.yaml"
        recipe_path.write_text(yaml.safe_dump(recipe.model_dump(mode="json")), encoding="utf-8")
        shards = tmp_path / "shards"
        exposure = tmp_path / "exposure.json"
        prepare = tree / "prepare.yaml"
        prepare.write_text(
            yaml.safe_dump(
                {
                    "id": "authored_d03",
                    "output_root": str(tmp_path / "preparation"),
                    "stages": [
                        {
                            "stage_id": "tokenize",
                            "kind": "run",
                            "command": [
                                "data",
                                "tokenize",
                                "--input",
                                str(documents_path),
                                "--tokenizer",
                                str(tmp_path / "tokenizer"),
                                "--output-dir",
                                str(shards),
                                "--pool-id",
                                "authored_d03",
                                "--split",
                                "train",
                            ],
                            "outputs": [str(shards)],
                            "invalidates": ["exposure"],
                        },
                        {
                            "stage_id": "exposure",
                            "kind": "run",
                            "command": [
                                "mixture",
                                "plan",
                                "--recipe",
                                str(recipe_path),
                                "--shards",
                                str(shards),
                                "--budget-targets",
                                "33",
                                "--block-size",
                                "8",
                                "--output",
                                str(exposure),
                            ],
                            "outputs": [str(exposure)],
                        },
                    ],
                }
            ),
            encoding="utf-8",
        )
        evidence = tmp_path / "commands"
        cli(
            tree,
            tmp_path / "prepare-home",
            evidence,
            "prepare",
            "--config",
            str(prepare),
            "--authorize",
            "--timeout",
            "60",
        )
        config = {
            "id": "authored_d03",
            "model": {
                "architecture": "transformer_baseline",
                "vocab_size": tokenizer.vocab_size,
                "hidden_size": 16,
                "intermediate_size": 32,
                "num_layers": 1,
                "num_attention_heads": 2,
                "context_length": 8,
                "attention_backend": "eager",
            },
            "data": {
                "mixture": recipe.model_dump(mode="json"),
                "sources": {s: str(shards / s) for s in ("alpha", "zeta")},
                "tokenizer_artifact": str(tmp_path / "tokenizer"),
                "tokenizer": {"type": "bpe", "target_vocab_size": 260},
                "exposure_plan": str(exposure),
            },
            "objective": {"type": "authored_aux" if auxiliary else "cross_entropy"},
            "optimizer": {"type": "adamw", "lr": 0.01},
            "training": {
                "device": "cpu",
                "precision": "fp32",
                "context_length": 8,
                "init_seed": 7,
                "data_seed": 42,
                "global_batch_valid_targets": 16,
                "microbatch_sequences": 2,
                "checkpoint_every_valid_targets": 16,
                "budget": {"max_valid_targets": 33, "max_train_seconds": 30},
                "schedule": {"type": "constant"},
            },
        }
        if auxiliary:
            config["plugins"] = ["authored_aux", *authored_component_plugins(tree)]
            config["model"]["architecture"] = "authored_architecture"
            config["optimizer"]["type"] = "authored_optimizer"
            config["data"]["tokenizer"]["type"] = "authored_tokenizer"
        draft = tree / "draft.yaml"
        draft.write_text(yaml.safe_dump(config), encoding="utf-8")
        direct_home, queue_home = tmp_path / "direct-home", tmp_path / "queue-home"
>       cli(tree, direct_home, evidence, "train", str(draft), "--device", "cpu")

tests\test_configurable_workflow.py:358: 
_ _ _ _ _ _ _ _ _ _ _ _ _ _ _ _ _ _ _ _ _ _ _ _ _ _ _ _ _ _ _ _ _ _ _ _ _ _ _ _

root = WindowsPath('D:/Project/xlm-final-integration/data/audit/p23-remediation/stage06/final01/full-xdist-tmp/popen-gw5/test_public_two_source_prepare0/tree')
home = WindowsPath('D:/Project/xlm-final-integration/data/audit/p23-remediation/stage06/final01/full-xdist-tmp/popen-gw5/test_public_two_source_prepare0/direct-home')
evidence = WindowsPath('D:/Project/xlm-final-integration/data/audit/p23-remediation/stage06/final01/full-xdist-tmp/popen-gw5/test_public_two_source_prepare0/commands')
args = ('train', 'D:\\Project\\xlm-final-integration\\data\\audit\\p23-remediation\\stage06\\final01\\full-xdist-tmp\\popen-gw5\\test_public_two_source_prepare0\\tree\\draft.yaml', '--device', 'cpu')

    def cli(root: Path, home: Path, evidence: Path, *args: str) -> subprocess.CompletedProcess[str]:
        evidence.mkdir(parents=True, exist_ok=True)
        result = subprocess.run(
            [sys.executable, "-m", "xlm.cli.main", *args],
            cwd=root,
            env={
                **os.environ,
                "XLM_HOME": str(home),
                "PYTHONPATH": str(root / "src"),
                "UV_OFFLINE": "1",
                "HF_HUB_OFFLINE": "1",
                "HF_DATASETS_OFFLINE": "1",
                "OMP_NUM_THREADS": "1",
                "MKL_NUM_THREADS": "1",
            },
            text=True,
            capture_output=True,
            timeout=240,
        )
        index = len(list(evidence.glob("*.json")))
        (evidence / f"{index:02}.json").write_text(
            json.dumps(
                {
                    "argv": [sys.executable, "-m", "xlm.cli.main", *args],
                    "cwd": str(root),
                    "returncode": result.returncode,
                    "stdout": result.stdout,
                    "stderr": result.stderr,
                }
            ),
            encoding="utf-8",
        )
>       assert result.returncode == 0, result.stdout + result.stderr
E       AssertionError: <frozen runpy>:128: RuntimeWarning: 'xlm.cli.main' found in sys.modules after import of package 'xlm.cli', but prior to execution of 'xlm.cli.main'; this may result in unpredictable behaviour
E         Error: installed runtime inventory exceeds time bound
E         
E       assert 1 == 0
E        +  where 1 = CompletedProcess(args=['D:\\Project\\xlm-final-integration\\.venv-final\\Scripts\\python.exe', '-m', 'xlm.cli.main', 'train', 'D:\\Project\\xlm-final-integration\\data\\audit\\p23-remediation\\stage06\\final01\\full-xdist-tmp\\popen-gw5\\test_public_two_source_prepare0\\tree\\draft.yaml', '--device', 'cpu'], returncode=1, stdout='', stderr="<frozen runpy>:128: RuntimeWarning: 'xlm.cli.main' found in sys.modules after import of package 'xlm.cli', but prior to execution of 'xlm.cli.main'; this may result in unpredictable behaviour\nError: installed runtime inventory exceeds time bound\n").returncode

tests\test_configurable_workflow.py:84: AssertionError
________________ test_readme_example_commands_are_implemented _________________
[gw15] win32 -- Python 3.12.13 D:\Project\xlm-final-integration\.venv-final\Scripts\python.exe

tmp_path = WindowsPath('D:/Project/xlm-final-integration/data/audit/p23-remediation/stage06/final01/full-xdist-tmp/popen-gw15/test_readme_example_commands_a0')

    def test_readme_example_commands_are_implemented(tmp_path: Path) -> None:
        """The recipes README examples must match the real CLI surface."""
        import os
        import subprocess
        import sys
    
        readme = (REPO_ROOT / "recipes" / "README.md").read_text(encoding="utf-8")
        assert "xlm config validate recipes/experiments/baseline_50m.yaml --mode draft" in readme
        assert "xlm experiment plan recipes/experiments/baseline_50m.yaml" in readme
        assert "--device cuda --max-targets 128000000" in readme
    
        validate = subprocess.run(
            [
                sys.executable,
                "-m",
                "xlm.cli.main",
                "config",
                "validate",
                "recipes/experiments/baseline_50m.yaml",
                "--mode",
                "draft",
            ],
            capture_output=True,
            text=True,
            check=False,
            cwd=str(REPO_ROOT),
            timeout=120.0,
        )
        assert validate.returncode == 0, validate.stderr[-1000:]
        planned = subprocess.run(
            [
                sys.executable,
                "-m",
                "xlm.cli.main",
                "experiment",
                "plan",
                "recipes/experiments/baseline_50m.yaml",
            ],
            capture_output=True,
            text=True,
            check=False,
            cwd=str(REPO_ROOT),
            timeout=120.0,
            env={**os.environ, "XLM_HOME": str(tmp_path / "home")},
        )
>       assert planned.returncode == 0, planned.stderr[-1000:]
E       AssertionError: <frozen runpy>:128: RuntimeWarning: 'xlm.cli.main' found in sys.modules after import of package 'xlm.cli', but prior to execution of 'xlm.cli.main'; this may result in unpredictable behaviour
E         Error: cannot resolve plan: immutable snapshot conflict; original is preserved
E         
E       assert 1 == 0
E        +  where 1 = CompletedProcess(args=['D:\\Project\\xlm-final-integration\\.venv-final\\Scripts\\python.exe', '-m', 'xlm.cli.main', 'experiment', 'plan', 'recipes/experiments/baseline_50m.yaml'], returncode=1, stdout='', stderr="<frozen runpy>:128: RuntimeWarning: 'xlm.cli.main' found in sys.modules after import of package 'xlm.cli', but prior to execution of 'xlm.cli.main'; this may result in unpredictable behaviour\nError: cannot resolve plan: immutable snapshot conflict; original is preserved\n").returncode

tests\test_recipes.py:166: AssertionError
__________________ test_submit_deduplicates_identical_plans ___________________
[gw1] win32 -- Python 3.12.13 D:\Project\xlm-final-integration\.venv-final\Scripts\python.exe

tmp_path = WindowsPath('D:/Project/xlm-final-integration/data/audit/p23-remediation/stage06/final01/full-xdist-tmp/popen-gw1/test_submit_deduplicates_ident0')

    def test_submit_deduplicates_identical_plans(tmp_path: Path) -> None:
>       plan, plan_path, snapshot_dir = make_plan(tmp_path, "dup")
                                        ^^^^^^^^^^^^^^^^^^^^^^^^^^

tests\test_queue.py:164: 
_ _ _ _ _ _ _ _ _ _ _ _ _ _ _ _ _ _ _ _ _ _ _ _ _ _ _ _ _ _ _ _ _ _ _ _ _ _ _ _
tests\test_queue.py:122: in make_plan
    freeze_execution(plan, snapshot_dir, [device])
src\xlm\experiments\plans.py:194: in freeze_execution
    envelope = make_envelope(plan.resolved_config, snapshot_dir, extras=extras)
               ^^^^^^^^^^^^^^^^^^^^^^^^^^^^^^^^^^^^^^^^^^^^^^^^^^^^^^^^^^^^^^^^
src\xlm\experiments\execution.py:204: in make_envelope
    "environment": installed_runtime(lock, extras),
                   ^^^^^^^^^^^^^^^^^^^^^^^^^^^^^^^
_ _ _ _ _ _ _ _ _ _ _ _ _ _ _ _ _ _ _ _ _ _ _ _ _ _ _ _ _ _ _ _ _ _ _ _ _ _ _ _

lock = WindowsPath('D:/Project/xlm-final-integration/data/audit/p23-remediation/stage06/final01/full-xdist-tmp/popen-gw1/test_submit_deduplicates_ident0/snap_dup/code/uv.lock')
extras = ['cpu']
site = WindowsPath('D:/Project/xlm-final-integration/.venv-final/Lib/site-packages')

    def installed_runtime(lock: Path, extras: list[str], site: Path | None = None) -> dict[str, Any]:
        """Hash actual installed bytes; no imports of installed packages or network."""
        started = time.monotonic()
        if sorted(extras) not in (["cpu"], ["cpu", "eval"], ["cuda"], ["cuda", "eval"]):
            raise ValueError("execution requires explicit mutually exclusive CPU/CUDA extras")
        site = site or Path(sysconfig.get_paths()["purelib"])
        ensure_plain_path(site)
        if not site.is_dir() or lock.stat().st_size > 8 * 1024**2:
            raise ValueError("offline runtime or bounded lockfile unavailable")
        graph = tomllib.loads(lock.read_text(encoding="utf-8"))
        allowed: dict[str, set[str]] = {}
        for package in graph["package"]:
            name = re.sub(r"[-_.]+", "-", package["name"]).lower()
            allowed.setdefault(name, set()).add(package["version"])
        versions: dict[str, str] = {}
        distributions: dict[str, importlib.metadata.Distribution] = {}
        for distribution in importlib.metadata.distributions(path=[str(site)]):
            name = re.sub(r"[-_.]+", "-", distribution.metadata["Name"]).lower()
            if name == "xlm":
                continue
            if name in versions or distribution.version not in allowed.get(name, set()):
                raise ValueError(f"installed dependency is duplicate or not locked: {name}")
            versions[name] = distribution.version
            distributions[name] = distribution
        required = {"torch", "pydantic", "filelock", "typer", "psutil", "safetensors"}
        if "eval" in extras:
            required.add("lm-eval")
        if not required.issubset(versions):
            raise ValueError(f"missing offline dependencies: {sorted(required - versions.keys())}")
        from packaging.requirements import Requirement
    
        project = tomllib.loads((lock.parent / "pyproject.toml").read_text(encoding="utf-8"))["project"]
        requirements = list(project["dependencies"])
        for extra in extras:
            requirements.extend(project["optional-dependencies"][extra])
        pending_requirements = [(Requirement(item), {""}) for item in requirements]
        checked: set[tuple[str, tuple[str, ...]]] = set()
        while pending_requirements:
            requirement, parent_extras = pending_requirements.pop()
            if requirement.marker and not any(
                requirement.marker.evaluate({"extra": e}) for e in parent_extras
            ):
                continue
            name = re.sub(r"[-_.]+", "-", requirement.name).lower()
            if name not in versions or not requirement.specifier.contains(versions[name]):
                raise ValueError(f"missing/incompatible offline dependency: {requirement}")
            selected_extras = {"", *requirement.extras}
            key = (name, tuple(sorted(selected_extras)))
            if key in checked:
                continue
            checked.add(key)
            pending_requirements.extend(
                (Requirement(item), selected_extras) for item in distributions[name].requires or []
            )
            if len(checked) > 2000 or time.monotonic() - started > 90:
                raise ValueError("offline dependency resolution exceeds bound")
        if ("+cpu" in versions["torch"]) != ("cpu" in extras):
            raise ValueError("installed torch accelerator does not match selected extras")
        pinned_python = lock.parent / ".python-version"
        if (
            not pinned_python.is_file()
            or pinned_python.read_text().strip() != platform.python_version()
        ):
            raise ValueError("actual interpreter does not match frozen Python patch pin")
        files: dict[str, tuple[str, int]] = {}
        pending: list[tuple[Path, int]] = []
        with ThreadPoolExecutor(max_workers=8) as pool:
            for path, file_size in _installed_files(site):
                pending.append((path, file_size))
                if len(pending) == 64:
                    _hash_batch(pending, site, files, pool)
                    pending.clear()
                if time.monotonic() - started > 90:
>                   raise ValueError("installed runtime inventory exceeds time bound")
E                   ValueError: installed runtime inventory exceeds time bound

src\xlm\experiments\environment.py:127: ValueError
________________ test_public_plan_fetch_status_verify_prepare _________________
[gw0] win32 -- Python 3.12.13 D:\Project\xlm-final-integration\.venv-final\Scripts\python.exe

server = ('http://127.0.0.1:55777', ['/rows.jsonl'], {'/rows.jsonl': b'{"text":"authored A"}\n{"text":"authored B"}\n', '/rows....00\x00\x00\x00\x00\x00\x00\x00\x00\x00\x00\x00\x00\x00\x00\x00\x00\x00\x00\x00\x00\x00|+w<<`\xa2\x8f\xac\x86\x01\x00"})
tmp_path = WindowsPath('D:/Project/xlm-final-integration/data/audit/p23-remediation/stage06/final01/full-xdist-tmp/popen-gw0/test_public_plan_fetch_status_0')

    def test_public_plan_fetch_status_verify_prepare(server: Any, tmp_path: Path) -> None:
        url, _, _ = server
        root = Path(__file__).resolve().parents[1]
        home = tmp_path / "home"
        commands = tmp_path / "commands"
        commands.mkdir()
    
        def cli(*args: str, success: bool = True) -> subprocess.CompletedProcess[str]:
            result = subprocess.run(
                [sys.executable, "-m", "xlm.cli.main", *args],
                cwd=root,
                env={**os.environ, "XLM_HOME": str(home)},
                capture_output=True,
                text=True,
                timeout=30,
            )
            (commands / f"{len(list(commands.iterdir())):02}.json").write_text(
                json.dumps(
                    {
                        "argv": args,
                        "exit": result.returncode,
                        "stdout": result.stdout,
                        "stderr": result.stderr,
                    }
                ),
                encoding="utf-8",
            )
            assert (result.returncode == 0) == success, result.stdout + result.stderr
            return result
    
        catalog = tmp_path / "catalog.json"
        catalog.write_text(
            json.dumps(
                {
                    "catalog_id": "authored",
                    "sources": [
                        {
                            "candidate_number": 1,
                            "source_id": "authored",
                            "provider": "https",
                            "repository": url,
                            "revision": "authored-fixture-v1",
                        }
                    ],
                }
            ),
            encoding="utf-8",
        )
        ranges = tmp_path / "ranges.json"
        ranges.write_text('{"rows.jsonl":[1,2]}', encoding="utf-8")
        plan_path = tmp_path / "plan.json"
        cli(
            "data",
            "plan",
            "--source",
            "authored",
            "--catalog",
            str(catalog),
            "--files",
            "rows.jsonl",
            "--mode",
            "selected_records",
            "--row-ranges",
            str(ranges),
            "--max-bytes",
            "4096",
            "--max-records",
            "1",
            "--output",
            str(plan_path),
        )
        plan = AcquisitionPlan.model_validate_json(plan_path.read_text())
        raw = home / "acquisition" / plan.plan_id / "raw"
        cli("data", "fetch", "--plan", str(plan_path), success=False)
        cli("data", "fetch", "--plan", str(plan_path), "--pilot-approved")
        status = json.loads(cli("data", "status", "--plan", str(plan_path), "--json").stdout)
        assert status["records_acquired"] == 1 and status["transferred_bytes"] == len(PAYLOAD)
        first = json.loads(
            cli("data", "verify", "--plan", str(plan_path), "--output-dir", str(raw), "--json").stdout
        )
        assert first["files"][0]["record_count"] == 1 and first["eligibility"] == "pilot_only"
        second = json.loads(
            cli("data", "verify", "--plan", str(plan_path), "--output-dir", str(raw), "--json").stdout
        )
        assert first == second
        config_path = (
            root
            / "data"
            / "audit"
            / "p23-remediation"
            / "stage04"
            / f"authored-prepare-{tmp_path.name}.json"
        )
        assert not config_path.exists()
        config = {
            "id": "authored_d02",
            "output_root": str(tmp_path / "prepared"),
            "budgets": {"max_records": 10, "max_subprocess_output_bytes": 65536},
            "stages": [
                {
                    "stage_id": "copy",
                    "kind": "local_copy",
                    "copy_from": [str(raw)],
                    "copy_to": "{output_root}/raw",
                    "outputs": [
                        "{output_root}/raw/copy_manifest.json",
                        "{output_root}/raw/selected_records.jsonl",
                    ],
                },
                {
                    "stage_id": "inspect",
                    "check_only": True,
                    "command": ["data", "status", "--plan", str(plan_path), "--json"],
                },
            ],
        }
>       config_path.write_text(json.dumps(config), encoding="utf-8")

tests\test_acquisition_bounds.py:566: 
_ _ _ _ _ _ _ _ _ _ _ _ _ _ _ _ _ _ _ _ _ _ _ _ _ _ _ _ _ _ _ _ _ _ _ _ _ _ _ _
C:\Users\gamma\AppData\Roaming\uv\python\cpython-3.12.13-windows-x86_64-none\Lib\pathlib.py:1047: in write_text
    with self.open(mode='w', encoding=encoding, errors=errors, newline=newline) as f:
         ^^^^^^^^^^^^^^^^^^^^^^^^^^^^^^^^^^^^^^^^^^^^^^^^^^^^^^^^^^^^^^^^^^^^^^
_ _ _ _ _ _ _ _ _ _ _ _ _ _ _ _ _ _ _ _ _ _ _ _ _ _ _ _ _ _ _ _ _ _ _ _ _ _ _ _

self = WindowsPath('D:/Project/xlm-final-integration/data/audit/p23-remediation/stage04/authored-prepare-test_public_plan_fetch_status_0.json')
mode = 'w', buffering = -1, encoding = 'utf-8', errors = None, newline = None

    def open(self, mode='r', buffering=-1, encoding=None,
             errors=None, newline=None):
        """
        Open the file pointed to by this path and return a file object, as
        the built-in open() function does.
        """
        if "b" not in mode:
            encoding = io.text_encoding(encoding)
>       return io.open(self, mode, buffering, encoding, errors, newline)
               ^^^^^^^^^^^^^^^^^^^^^^^^^^^^^^^^^^^^^^^^^^^^^^^^^^^^^^^^^
E       FileNotFoundError: [Errno 2] No such file or directory: 'D:\\Project\\xlm-final-integration\\data\\audit\\p23-remediation\\stage04\\authored-prepare-test_public_plan_fetch_status_0.json'

C:\Users\gamma\AppData\Roaming\uv\python\cpython-3.12.13-windows-x86_64-none\Lib\pathlib.py:1013: FileNotFoundError
______________ test_cancel_stops_a_queued_job_and_a_running_job _______________
[gw10] win32 -- Python 3.12.13 D:\Project\xlm-final-integration\.venv-final\Scripts\python.exe

tmp_path = WindowsPath('D:/Project/xlm-final-integration/data/audit/p23-remediation/stage06/final01/full-xdist-tmp/popen-gw10/test_cancel_stops_a_queued_job0')

    def test_cancel_stops_a_queued_job_and_a_running_job(tmp_path: Path) -> None:
>       plan, plan_path, snapshot_dir = make_plan(tmp_path, "cancelq")
                                        ^^^^^^^^^^^^^^^^^^^^^^^^^^^^^^

tests\test_queue.py:382: 
_ _ _ _ _ _ _ _ _ _ _ _ _ _ _ _ _ _ _ _ _ _ _ _ _ _ _ _ _ _ _ _ _ _ _ _ _ _ _ _
tests\test_queue.py:122: in make_plan
    freeze_execution(plan, snapshot_dir, [device])
src\xlm\experiments\plans.py:194: in freeze_execution
    envelope = make_envelope(plan.resolved_config, snapshot_dir, extras=extras)
               ^^^^^^^^^^^^^^^^^^^^^^^^^^^^^^^^^^^^^^^^^^^^^^^^^^^^^^^^^^^^^^^^
src\xlm\experiments\execution.py:204: in make_envelope
    "environment": installed_runtime(lock, extras),
                   ^^^^^^^^^^^^^^^^^^^^^^^^^^^^^^^
_ _ _ _ _ _ _ _ _ _ _ _ _ _ _ _ _ _ _ _ _ _ _ _ _ _ _ _ _ _ _ _ _ _ _ _ _ _ _ _

lock = WindowsPath('D:/Project/xlm-final-integration/data/audit/p23-remediation/stage06/final01/full-xdist-tmp/popen-gw10/test_cancel_stops_a_queued_job0/snap_cancelq/code/uv.lock')
extras = ['cpu']
site = WindowsPath('D:/Project/xlm-final-integration/.venv-final/Lib/site-packages')

    def installed_runtime(lock: Path, extras: list[str], site: Path | None = None) -> dict[str, Any]:
        """Hash actual installed bytes; no imports of installed packages or network."""
        started = time.monotonic()
        if sorted(extras) not in (["cpu"], ["cpu", "eval"], ["cuda"], ["cuda", "eval"]):
            raise ValueError("execution requires explicit mutually exclusive CPU/CUDA extras")
        site = site or Path(sysconfig.get_paths()["purelib"])
        ensure_plain_path(site)
        if not site.is_dir() or lock.stat().st_size > 8 * 1024**2:
            raise ValueError("offline runtime or bounded lockfile unavailable")
        graph = tomllib.loads(lock.read_text(encoding="utf-8"))
        allowed: dict[str, set[str]] = {}
        for package in graph["package"]:
            name = re.sub(r"[-_.]+", "-", package["name"]).lower()
            allowed.setdefault(name, set()).add(package["version"])
        versions: dict[str, str] = {}
        distributions: dict[str, importlib.metadata.Distribution] = {}
        for distribution in importlib.metadata.distributions(path=[str(site)]):
            name = re.sub(r"[-_.]+", "-", distribution.metadata["Name"]).lower()
            if name == "xlm":
                continue
            if name in versions or distribution.version not in allowed.get(name, set()):
                raise ValueError(f"installed dependency is duplicate or not locked: {name}")
            versions[name] = distribution.version
            distributions[name] = distribution
        required = {"torch", "pydantic", "filelock", "typer", "psutil", "safetensors"}
        if "eval" in extras:
            required.add("lm-eval")
        if not required.issubset(versions):
            raise ValueError(f"missing offline dependencies: {sorted(required - versions.keys())}")
        from packaging.requirements import Requirement
    
        project = tomllib.loads((lock.parent / "pyproject.toml").read_text(encoding="utf-8"))["project"]
        requirements = list(project["dependencies"])
        for extra in extras:
            requirements.extend(project["optional-dependencies"][extra])
        pending_requirements = [(Requirement(item), {""}) for item in requirements]
        checked: set[tuple[str, tuple[str, ...]]] = set()
        while pending_requirements:
            requirement, parent_extras = pending_requirements.pop()
            if requirement.marker and not any(
                requirement.marker.evaluate({"extra": e}) for e in parent_extras
            ):
                continue
            name = re.sub(r"[-_.]+", "-", requirement.name).lower()
            if name not in versions or not requirement.specifier.contains(versions[name]):
                raise ValueError(f"missing/incompatible offline dependency: {requirement}")
            selected_extras = {"", *requirement.extras}
            key = (name, tuple(sorted(selected_extras)))
            if key in checked:
                continue
            checked.add(key)
            pending_requirements.extend(
                (Requirement(item), selected_extras) for item in distributions[name].requires or []
            )
            if len(checked) > 2000 or time.monotonic() - started > 90:
                raise ValueError("offline dependency resolution exceeds bound")
        if ("+cpu" in versions["torch"]) != ("cpu" in extras):
            raise ValueError("installed torch accelerator does not match selected extras")
        pinned_python = lock.parent / ".python-version"
        if (
            not pinned_python.is_file()
            or pinned_python.read_text().strip() != platform.python_version()
        ):
            raise ValueError("actual interpreter does not match frozen Python patch pin")
        files: dict[str, tuple[str, int]] = {}
        pending: list[tuple[Path, int]] = []
        with ThreadPoolExecutor(max_workers=8) as pool:
            for path, file_size in _installed_files(site):
                pending.append((path, file_size))
                if len(pending) == 64:
                    _hash_batch(pending, site, files, pool)
                    pending.clear()
                if time.monotonic() - started > 90:
>                   raise ValueError("installed runtime inventory exceeds time bound")
E                   ValueError: installed runtime inventory exceeds time bound

src\xlm\experiments\environment.py:127: ValueError
__________ test_independent_persisted_bindings_refuse_before_worker ___________
[gw9] win32 -- Python 3.12.13 D:\Project\xlm-final-integration\.venv-final\Scripts\python.exe

tmp_path = WindowsPath('D:/Project/xlm-final-integration/data/audit/p23-remediation/stage06/final01/full-xdist-tmp/popen-gw9/test_independent_persisted_bin0')

    def test_independent_persisted_bindings_refuse_before_worker(tmp_path: Path) -> None:
        from xlm.experiments.execution import read_json, write_json
    
>       plan, queue, _, _, snapshot = frozen_fixture(tmp_path)
                                      ^^^^^^^^^^^^^^^^^^^^^^^^

tests\test_frozen_execution.py:115: 
_ _ _ _ _ _ _ _ _ _ _ _ _ _ _ _ _ _ _ _ _ _ _ _ _ _ _ _ _ _ _ _ _ _ _ _ _ _ _ _
tests\test_frozen_execution.py:104: in frozen_fixture
    freeze_execution(plan, snapshot_path, ["cpu"])
src\xlm\experiments\plans.py:194: in freeze_execution
    envelope = make_envelope(plan.resolved_config, snapshot_dir, extras=extras)
               ^^^^^^^^^^^^^^^^^^^^^^^^^^^^^^^^^^^^^^^^^^^^^^^^^^^^^^^^^^^^^^^^
src\xlm\experiments\execution.py:204: in make_envelope
    "environment": installed_runtime(lock, extras),
                   ^^^^^^^^^^^^^^^^^^^^^^^^^^^^^^^
_ _ _ _ _ _ _ _ _ _ _ _ _ _ _ _ _ _ _ _ _ _ _ _ _ _ _ _ _ _ _ _ _ _ _ _ _ _ _ _

lock = WindowsPath('D:/Project/xlm-final-integration/data/audit/p23-remediation/stage06/final01/full-xdist-tmp/popen-gw9/test_independent_persisted_bin0/snapshot/code/uv.lock')
extras = ['cpu']
site = WindowsPath('D:/Project/xlm-final-integration/.venv-final/Lib/site-packages')

    def installed_runtime(lock: Path, extras: list[str], site: Path | None = None) -> dict[str, Any]:
        """Hash actual installed bytes; no imports of installed packages or network."""
        started = time.monotonic()
        if sorted(extras) not in (["cpu"], ["cpu", "eval"], ["cuda"], ["cuda", "eval"]):
            raise ValueError("execution requires explicit mutually exclusive CPU/CUDA extras")
        site = site or Path(sysconfig.get_paths()["purelib"])
        ensure_plain_path(site)
        if not site.is_dir() or lock.stat().st_size > 8 * 1024**2:
            raise ValueError("offline runtime or bounded lockfile unavailable")
        graph = tomllib.loads(lock.read_text(encoding="utf-8"))
        allowed: dict[str, set[str]] = {}
        for package in graph["package"]:
            name = re.sub(r"[-_.]+", "-", package["name"]).lower()
            allowed.setdefault(name, set()).add(package["version"])
        versions: dict[str, str] = {}
        distributions: dict[str, importlib.metadata.Distribution] = {}
        for distribution in importlib.metadata.distributions(path=[str(site)]):
            name = re.sub(r"[-_.]+", "-", distribution.metadata["Name"]).lower()
            if name == "xlm":
                continue
            if name in versions or distribution.version not in allowed.get(name, set()):
                raise ValueError(f"installed dependency is duplicate or not locked: {name}")
            versions[name] = distribution.version
            distributions[name] = distribution
        required = {"torch", "pydantic", "filelock", "typer", "psutil", "safetensors"}
        if "eval" in extras:
            required.add("lm-eval")
        if not required.issubset(versions):
            raise ValueError(f"missing offline dependencies: {sorted(required - versions.keys())}")
        from packaging.requirements import Requirement
    
        project = tomllib.loads((lock.parent / "pyproject.toml").read_text(encoding="utf-8"))["project"]
        requirements = list(project["dependencies"])
        for extra in extras:
            requirements.extend(project["optional-dependencies"][extra])
        pending_requirements = [(Requirement(item), {""}) for item in requirements]
        checked: set[tuple[str, tuple[str, ...]]] = set()
        while pending_requirements:
            requirement, parent_extras = pending_requirements.pop()
            if requirement.marker and not any(
                requirement.marker.evaluate({"extra": e}) for e in parent_extras
            ):
                continue
            name = re.sub(r"[-_.]+", "-", requirement.name).lower()
            if name not in versions or not requirement.specifier.contains(versions[name]):
                raise ValueError(f"missing/incompatible offline dependency: {requirement}")
            selected_extras = {"", *requirement.extras}
            key = (name, tuple(sorted(selected_extras)))
            if key in checked:
                continue
            checked.add(key)
            pending_requirements.extend(
                (Requirement(item), selected_extras) for item in distributions[name].requires or []
            )
            if len(checked) > 2000 or time.monotonic() - started > 90:
                raise ValueError("offline dependency resolution exceeds bound")
        if ("+cpu" in versions["torch"]) != ("cpu" in extras):
            raise ValueError("installed torch accelerator does not match selected extras")
        pinned_python = lock.parent / ".python-version"
        if (
            not pinned_python.is_file()
            or pinned_python.read_text().strip() != platform.python_version()
        ):
            raise ValueError("actual interpreter does not match frozen Python patch pin")
        files: dict[str, tuple[str, int]] = {}
        pending: list[tuple[Path, int]] = []
        with ThreadPoolExecutor(max_workers=8) as pool:
            for path, file_size in _installed_files(site):
                pending.append((path, file_size))
                if len(pending) == 64:
                    _hash_batch(pending, site, files, pool)
                    pending.clear()
                if time.monotonic() - started > 90:
>                   raise ValueError("installed runtime inventory exceeds time bound")
E                   ValueError: installed runtime inventory exceeds time bound

src\xlm\experiments\environment.py:127: ValueError
________________ test_real_frozen_worker_trains_and_publishes _________________
[gw4] win32 -- Python 3.12.13 D:\Project\xlm-final-integration\.venv-final\Scripts\python.exe

tmp_path = WindowsPath('D:/Project/xlm-final-integration/data/audit/p23-remediation/stage06/final01/full-xdist-tmp/popen-gw4/test_real_frozen_worker_trains0')

    def test_real_frozen_worker_trains_and_publishes(tmp_path: Path) -> None:
>       plan, queue, job_id, _, snapshot = frozen_fixture(
            tmp_path, 'print("D06_AUTHORED_A", flush=True)'
        )

tests\test_frozen_execution.py:460: 
_ _ _ _ _ _ _ _ _ _ _ _ _ _ _ _ _ _ _ _ _ _ _ _ _ _ _ _ _ _ _ _ _ _ _ _ _ _ _ _
tests\test_frozen_execution.py:104: in frozen_fixture
    freeze_execution(plan, snapshot_path, ["cpu"])
src\xlm\experiments\plans.py:194: in freeze_execution
    envelope = make_envelope(plan.resolved_config, snapshot_dir, extras=extras)
               ^^^^^^^^^^^^^^^^^^^^^^^^^^^^^^^^^^^^^^^^^^^^^^^^^^^^^^^^^^^^^^^^
src\xlm\experiments\execution.py:204: in make_envelope
    "environment": installed_runtime(lock, extras),
                   ^^^^^^^^^^^^^^^^^^^^^^^^^^^^^^^
_ _ _ _ _ _ _ _ _ _ _ _ _ _ _ _ _ _ _ _ _ _ _ _ _ _ _ _ _ _ _ _ _ _ _ _ _ _ _ _

lock = WindowsPath('D:/Project/xlm-final-integration/data/audit/p23-remediation/stage06/final01/full-xdist-tmp/popen-gw4/test_real_frozen_worker_trains0/snapshot/code/uv.lock')
extras = ['cpu']
site = WindowsPath('D:/Project/xlm-final-integration/.venv-final/Lib/site-packages')

    def installed_runtime(lock: Path, extras: list[str], site: Path | None = None) -> dict[str, Any]:
        """Hash actual installed bytes; no imports of installed packages or network."""
        started = time.monotonic()
        if sorted(extras) not in (["cpu"], ["cpu", "eval"], ["cuda"], ["cuda", "eval"]):
            raise ValueError("execution requires explicit mutually exclusive CPU/CUDA extras")
        site = site or Path(sysconfig.get_paths()["purelib"])
        ensure_plain_path(site)
        if not site.is_dir() or lock.stat().st_size > 8 * 1024**2:
            raise ValueError("offline runtime or bounded lockfile unavailable")
        graph = tomllib.loads(lock.read_text(encoding="utf-8"))
        allowed: dict[str, set[str]] = {}
        for package in graph["package"]:
            name = re.sub(r"[-_.]+", "-", package["name"]).lower()
            allowed.setdefault(name, set()).add(package["version"])
        versions: dict[str, str] = {}
        distributions: dict[str, importlib.metadata.Distribution] = {}
        for distribution in importlib.metadata.distributions(path=[str(site)]):
            name = re.sub(r"[-_.]+", "-", distribution.metadata["Name"]).lower()
            if name == "xlm":
                continue
            if name in versions or distribution.version not in allowed.get(name, set()):
                raise ValueError(f"installed dependency is duplicate or not locked: {name}")
            versions[name] = distribution.version
            distributions[name] = distribution
        required = {"torch", "pydantic", "filelock", "typer", "psutil", "safetensors"}
        if "eval" in extras:
            required.add("lm-eval")
        if not required.issubset(versions):
            raise ValueError(f"missing offline dependencies: {sorted(required - versions.keys())}")
        from packaging.requirements import Requirement
    
        project = tomllib.loads((lock.parent / "pyproject.toml").read_text(encoding="utf-8"))["project"]
        requirements = list(project["dependencies"])
        for extra in extras:
            requirements.extend(project["optional-dependencies"][extra])
        pending_requirements = [(Requirement(item), {""}) for item in requirements]
        checked: set[tuple[str, tuple[str, ...]]] = set()
        while pending_requirements:
            requirement, parent_extras = pending_requirements.pop()
            if requirement.marker and not any(
                requirement.marker.evaluate({"extra": e}) for e in parent_extras
            ):
                continue
            name = re.sub(r"[-_.]+", "-", requirement.name).lower()
            if name not in versions or not requirement.specifier.contains(versions[name]):
                raise ValueError(f"missing/incompatible offline dependency: {requirement}")
            selected_extras = {"", *requirement.extras}
            key = (name, tuple(sorted(selected_extras)))
            if key in checked:
                continue
            checked.add(key)
            pending_requirements.extend(
                (Requirement(item), selected_extras) for item in distributions[name].requires or []
            )
            if len(checked) > 2000 or time.monotonic() - started > 90:
                raise ValueError("offline dependency resolution exceeds bound")
        if ("+cpu" in versions["torch"]) != ("cpu" in extras):
            raise ValueError("installed torch accelerator does not match selected extras")
        pinned_python = lock.parent / ".python-version"
        if (
            not pinned_python.is_file()
            or pinned_python.read_text().strip() != platform.python_version()
        ):
            raise ValueError("actual interpreter does not match frozen Python patch pin")
        files: dict[str, tuple[str, int]] = {}
        pending: list[tuple[Path, int]] = []
        with ThreadPoolExecutor(max_workers=8) as pool:
            for path, file_size in _installed_files(site):
                pending.append((path, file_size))
                if len(pending) == 64:
                    _hash_batch(pending, site, files, pool)
                    pending.clear()
                if time.monotonic() - started > 90:
>                   raise ValueError("installed runtime inventory exceeds time bound")
E                   ValueError: installed runtime inventory exceeds time bound

src\xlm\experiments\environment.py:127: ValueError
_________ test_cli_refuses_to_mix_declared_inputs_with_task_overrides _________
[gw12] win32 -- Python 3.12.13 D:\Project\xlm-final-integration\.venv-final\Scripts\python.exe

tiny_checkpoint = WindowsPath('D:/Project/xlm-final-integration/data/audit/p23-remediation/stage06/final01/full-xdist-tmp/popen-gw12/declared_ckpt0/model')
tmp_path = WindowsPath('D:/Project/xlm-final-integration/data/audit/p23-remediation/stage06/final01/full-xdist-tmp/popen-gw12/test_cli_refuses_to_mix_declar0')

    @pytest.mark.slow
    def test_cli_refuses_to_mix_declared_inputs_with_task_overrides(
        tiny_checkpoint: Path, tmp_path: Path
    ) -> None:
        result = _cli(
            [
                str(tiny_checkpoint),
                "--suite",
                "search",
                "--inputs",
                str(COMPLETE_MANIFEST),
                "--tasks",
                "arc_easy",
                "--output-dir",
                str(tmp_path / "out"),
            ],
            tmp_path,
        )
        assert result.returncode != 0
>       assert "would silently change it" in (result.stdout + result.stderr)
E       assert 'would silently change it' in ('' + '<frozen runpy>:128: RuntimeWarning: \'xlm.cli.main\' found in sys.modules after import of package \'xlm.cli\', but prior to execution of \'xlm.cli.main\'; this may result in unpredictable behaviour\n+--------------------- Traceback (most recent call last) ---------------------+\n| D:\\Project\\xlm-final-integration\\src\\xlm\\cli\\eval_cmd.py:532 in             |\n| evaluate_command                                                            |\n|                                                                             |\n|   529         return                                                        |\n|   530     from xlm.experiments.evaluation_execution import                  |\n|       launch_evaluation                                                     |\n|   531                                                                       |\n| > 532     launch_evaluation(options)                                        |\n|   533                                                                       |\n|   534                                                                       |\n|   535 def _evaluate_in_process(                                             |\n|                                                                             |\n| D:\\Project\\xlm-final-integration\\src\\xlm\\experiments\\evaluation_execution.p |\n| y:84 in launch_evaluation                                                   |\n|                                                                             |\n|    81     extras = [options["device"]] + (                                  |\n|    82         [] if options["suite"] in ("all", "synthetic_mc",             |\n|       "synthetic_pair") else ["eval"]                                       |\n|    83     )                                                                 |\n| >  84     envelope = make_envelope(config, snapshot, extras=extras,         |\n|       purpose="evaluation")                                                 |\n|    85     result = launch_worker(                                           |\n|    86         {                                                             |\n|    87             "action": "evaluate",                                     |\n|                                                                             |\n| D:\\Project\\xlm-final-integration\\src\\xlm\\experiments\\execution.py:204 in    |\n| make_envelope                                                               |\n|                                                                             |\n|   201         "bindings": bindings,                                         |\n|   202         "code_hash": snapshot.code_hash,                              |\n|   203         "dependency_hash": compute_file_sha256(lock, max_bytes=8 *    |\n|       1024**2),                                                             |\n| > 204         "environment": installed_runtime(lock, extras),               |\n|   205         "runtime_policy": policy or {"torch_threads": 1,              |\n|       "deterministic_algorithms": True},                                    |\n|   206     }                                                                 |\n|   207     return {**payload, "execution_hash": identity_digest(payload)}    |\n|                                                                             |\n| D:\\Project\\xlm-final-integration\\src\\xlm\\experiments\\environment.py:127 in  |\n| installed_runtime                                                           |\n|                                                                             |\n|   124                 _hash_batch(pending, site, files, pool)               |\n|   125                 pending.clear()                                       |\n|   126             if time.monotonic() - started > 90:                       |\n| > 127                 raise ValueError("installed runtime inventory exceeds |\n|       time bound")                                                          |\n|   128         _hash_batch(pending, site, files, pool)                       |\n|   129     size = sum(item[1] for item in files.values())                    |\n|   130     hashes = {name: item[0] for name, item in files.items()}          |\n+-----------------------------------------------------------------------------+\nValueError: installed runtime inventory exceeds time bound\n')
E        +  where '' = CompletedProcess(args=['D:\\Project\\xlm-final-integration\\.venv-final\\Scripts\\python.exe', '-m', 'xlm.cli.main', 'evaluate', 'D:\\Project\\xlm-final-integration\\data\\audit\\p23-remediation\\stage06\\final01\\full-xdist-tmp\\popen-gw12\\declared_ckpt0\\model', '--suite', 'search', '--inputs', 'D:\\Project\\xlm-final-integration\\fixtures\\eval\\inputs\\dev_fixture_v1\\manifest.yaml', '--tasks', 'arc_easy', '--output-dir', 'D:\\Project\\xlm-final-integration\\data\\audit\\p23-remediation\\stage06\\final01\\full-xdist-tmp\\popen-gw12\\test_cli_refuses_to_mix_declar0\\out'], returncode=1, stdout='', stderr='<frozen runpy>:128: RuntimeWarning: \'xlm.cli.main\' found in sys.modules after import of package \'xlm.cli\', but prior to execution of \'xlm.cli.main\'; this may result in unpredictable behaviour\n+--------------------- Traceback (most recent call last) ---------------------+\n| D:\\Project\\xlm-final-integration\\src\\xlm\\cli\\eval_cmd.py:532 in             |\n| evaluate_command                                                            |\n|                                                                             |\n|   529         return                                                        |\n|   530     from xlm.experiments.evaluation_execution import                  |\n|       launch_evaluation                                                     |\n|   531                                                                       |\n| > 532     launch_evaluation(options)                                        |\n|   533                                                                       |\n|   534                                                                       |\n|   535 def _evaluate_in_process(                                             |\n|                                                                             |\n| D:\\Project\\xlm-final-integration\\src\\xlm\\experiments\\evaluation_execution.p |\n| y:84 in launch_evaluation                                                   |\n|                                                                             |\n|    81     extras = [options["device"]] + (                                  |\n|    82         [] if options["suite"] in ("all", "synthetic_mc",             |\n|       "synthetic_pair") else ["eval"]                                       |\n|    83     )                                                                 |\n| >  84     envelope = make_envelope(config, snapshot, extras=extras,         |\n|       purpose="evaluation")                                                 |\n|    85     result = launch_worker(                                           |\n|    86         {                                                             |\n|    87             "action": "evaluate",                                     |\n|                                                                             |\n| D:\\Project\\xlm-final-integration\\src\\xlm\\experiments\\execution.py:204 in    |\n| make_envelope                                                               |\n|                                                                             |\n|   201         "bindings": bindings,                                         |\n|   202         "code_hash": snapshot.code_hash,                              |\n|   203         "dependency_hash": compute_file_sha256(lock, max_bytes=8 *    |\n|       1024**2),                                                             |\n| > 204         "environment": installed_runtime(lock, extras),               |\n|   205         "runtime_policy": policy or {"torch_threads": 1,              |\n|       "deterministic_algorithms": True},                                    |\n|   206     }                                                                 |\n|   207     return {**payload, "execution_hash": identity_digest(payload)}    |\n|                                                                             |\n| D:\\Project\\xlm-final-integration\\src\\xlm\\experiments\\environment.py:127 in  |\n| installed_runtime                                                           |\n|                                                                             |\n|   124                 _hash_batch(pending, site, files, pool)               |\n|   125                 pending.clear()                                       |\n|   126             if time.monotonic() - started > 90:                       |\n| > 127                 raise ValueError("installed runtime inventory exceeds |\n|       time bound")                                                          |\n|   128         _hash_batch(pending, site, files, pool)                       |\n|   129     size = sum(item[1] for item in files.values())                    |\n|   130     hashes = {name: item[0] for name, item in files.items()}          |\n+-----------------------------------------------------------------------------+\nValueError: installed runtime inventory exceeds time bound\n').stdout
E        +  and   '<frozen runpy>:128: RuntimeWarning: \'xlm.cli.main\' found in sys.modules after import of package \'xlm.cli\', but prior to execution of \'xlm.cli.main\'; this may result in unpredictable behaviour\n+--------------------- Traceback (most recent call last) ---------------------+\n| D:\\Project\\xlm-final-integration\\src\\xlm\\cli\\eval_cmd.py:532 in             |\n| evaluate_command                                                            |\n|                                                                             |\n|   529         return                                                        |\n|   530     from xlm.experiments.evaluation_execution import                  |\n|       launch_evaluation                                                     |\n|   531                                                                       |\n| > 532     launch_evaluation(options)                                        |\n|   533                                                                       |\n|   534                                                                       |\n|   535 def _evaluate_in_process(                                             |\n|                                                                             |\n| D:\\Project\\xlm-final-integration\\src\\xlm\\experiments\\evaluation_execution.p |\n| y:84 in launch_evaluation                                                   |\n|                                                                             |\n|    81     extras = [options["device"]] + (                                  |\n|    82         [] if options["suite"] in ("all", "synthetic_mc",             |\n|       "synthetic_pair") else ["eval"]                                       |\n|    83     )                                                                 |\n| >  84     envelope = make_envelope(config, snapshot, extras=extras,         |\n|       purpose="evaluation")                                                 |\n|    85     result = launch_worker(                                           |\n|    86         {                                                             |\n|    87             "action": "evaluate",                                     |\n|                                                                             |\n| D:\\Project\\xlm-final-integration\\src\\xlm\\experiments\\execution.py:204 in    |\n| make_envelope                                                               |\n|                                                                             |\n|   201         "bindings": bindings,                                         |\n|   202         "code_hash": snapshot.code_hash,                              |\n|   203         "dependency_hash": compute_file_sha256(lock, max_bytes=8 *    |\n|       1024**2),                                                             |\n| > 204         "environment": installed_runtime(lock, extras),               |\n|   205         "runtime_policy": policy or {"torch_threads": 1,              |\n|       "deterministic_algorithms": True},                                    |\n|   206     }                                                                 |\n|   207     return {**payload, "execution_hash": identity_digest(payload)}    |\n|                                                                             |\n| D:\\Project\\xlm-final-integration\\src\\xlm\\experiments\\environment.py:127 in  |\n| installed_runtime                                                           |\n|                                                                             |\n|   124                 _hash_batch(pending, site, files, pool)               |\n|   125                 pending.clear()                                       |\n|   126             if time.monotonic() - started > 90:                       |\n| > 127                 raise ValueError("installed runtime inventory exceeds |\n|       time bound")                                                          |\n|   128         _hash_batch(pending, site, files, pool)                       |\n|   129     size = sum(item[1] for item in files.values())                    |\n|   130     hashes = {name: item[0] for name, item in files.items()}          |\n+-----------------------------------------------------------------------------+\nValueError: installed runtime inventory exceeds time bound\n' = CompletedProcess(args=['D:\\Project\\xlm-final-integration\\.venv-final\\Scripts\\python.exe', '-m', 'xlm.cli.main', 'evaluate', 'D:\\Project\\xlm-final-integration\\data\\audit\\p23-remediation\\stage06\\final01\\full-xdist-tmp\\popen-gw12\\declared_ckpt0\\model', '--suite', 'search', '--inputs', 'D:\\Project\\xlm-final-integration\\fixtures\\eval\\inputs\\dev_fixture_v1\\manifest.yaml', '--tasks', 'arc_easy', '--output-dir', 'D:\\Project\\xlm-final-integration\\data\\audit\\p23-remediation\\stage06\\final01\\full-xdist-tmp\\popen-gw12\\test_cli_refuses_to_mix_declar0\\out'], returncode=1, stdout='', stderr='<frozen runpy>:128: RuntimeWarning: \'xlm.cli.main\' found in sys.modules after import of package \'xlm.cli\', but prior to execution of \'xlm.cli.main\'; this may result in unpredictable behaviour\n+--------------------- Traceback (most recent call last) ---------------------+\n| D:\\Project\\xlm-final-integration\\src\\xlm\\cli\\eval_cmd.py:532 in             |\n| evaluate_command                                                            |\n|                                                                             |\n|   529         return                                                        |\n|   530     from xlm.experiments.evaluation_execution import                  |\n|       launch_evaluation                                                     |\n|   531                                                                       |\n| > 532     launch_evaluation(options)                                        |\n|   533                                                                       |\n|   534                                                                       |\n|   535 def _evaluate_in_process(                                             |\n|                                                                             |\n| D:\\Project\\xlm-final-integration\\src\\xlm\\experiments\\evaluation_execution.p |\n| y:84 in launch_evaluation                                                   |\n|                                                                             |\n|    81     extras = [options["device"]] + (                                  |\n|    82         [] if options["suite"] in ("all", "synthetic_mc",             |\n|       "synthetic_pair") else ["eval"]                                       |\n|    83     )                                                                 |\n| >  84     envelope = make_envelope(config, snapshot, extras=extras,         |\n|       purpose="evaluation")                                                 |\n|    85     result = launch_worker(                                           |\n|    86         {                                                             |\n|    87             "action": "evaluate",                                     |\n|                                                                             |\n| D:\\Project\\xlm-final-integration\\src\\xlm\\experiments\\execution.py:204 in    |\n| make_envelope                                                               |\n|                                                                             |\n|   201         "bindings": bindings,                                         |\n|   202         "code_hash": snapshot.code_hash,                              |\n|   203         "dependency_hash": compute_file_sha256(lock, max_bytes=8 *    |\n|       1024**2),                                                             |\n| > 204         "environment": installed_runtime(lock, extras),               |\n|   205         "runtime_policy": policy or {"torch_threads": 1,              |\n|       "deterministic_algorithms": True},                                    |\n|   206     }                                                                 |\n|   207     return {**payload, "execution_hash": identity_digest(payload)}    |\n|                                                                             |\n| D:\\Project\\xlm-final-integration\\src\\xlm\\experiments\\environment.py:127 in  |\n| installed_runtime                                                           |\n|                                                                             |\n|   124                 _hash_batch(pending, site, files, pool)               |\n|   125                 pending.clear()                                       |\n|   126             if time.monotonic() - started > 90:                       |\n| > 127                 raise ValueError("installed runtime inventory exceeds |\n|       time bound")                                                          |\n|   128         _hash_batch(pending, site, files, pool)                       |\n|   129     size = sum(item[1] for item in files.values())                    |\n|   130     hashes = {name: item[0] for name, item in files.items()}          |\n+-----------------------------------------------------------------------------+\nValueError: installed runtime inventory exceeds time bound\n').stderr

tests\test_eval_declared_inputs.py:724: AssertionError
________________ test_results_are_stable_under_input_ordering _________________
[gw7] win32 -- Python 3.12.13 D:\Project\xlm-final-integration\.venv-final\Scripts\python.exe

tiny_model = TransformerBaseline(
  (embed_tokens): Embedding(260, 64)
  (layers): ModuleList(
    (0-1): 2 x TransformerBlock(
   ...
      )
    )
  )
  (norm): RMSNorm(64, eps=1e-05)
  (lm_head): Linear(in_features=64, out_features=260, bias=False)
)
tmp_path = WindowsPath('D:/Project/xlm-final-integration/data/audit/p23-remediation/stage06/final01/full-xdist-tmp/popen-gw7/test_results_are_stable_under_0')

    def test_results_are_stable_under_input_ordering(tiny_model: Any, tmp_path: Path) -> None:
>       baseline = _run(tiny_model, COMPLETE_MANIFEST, tmp_path / "ordered")
                   ^^^^^^^^^^^^^^^^^^^^^^^^^^^^^^^^^^^^^^^^^^^^^^^^^^^^^^^^^

tests\test_eval_declared_inputs.py:420: 
_ _ _ _ _ _ _ _ _ _ _ _ _ _ _ _ _ _ _ _ _ _ _ _ _ _ _ _ _ _ _ _ _ _ _ _ _ _ _ _
tests\test_eval_declared_inputs.py:98: in _run
    return run_declared_input_suite(
src\xlm\evaluation\harness_runner.py:287: in run_declared_input_suite
    results = simple_evaluate(
.venv-final\Lib\site-packages\lm_eval\utils.py:580: in _wrapper
    return fn(*args, **kwargs)
           ^^^^^^^^^^^^^^^^^^^
.venv-final\Lib\site-packages\lm_eval\evaluator.py:302: in simple_evaluate
    loaded = task_manager.load(tasks)
             ^^^^^^^^^^^^^^^^^^^^^^^^
.venv-final\Lib\site-packages\lm_eval\tasks\manager.py:208: in load
    obj = self._load_spec(spec) if not isinstance(spec, (Task, Group)) else spec  # type:ignore[invalid-argument-type]
          ^^^^^^^^^^^^^^^^^^^^^
.venv-final\Lib\site-packages\lm_eval\tasks\manager.py:170: in _load_spec
    return self._factory.build(
.venv-final\Lib\site-packages\lm_eval\tasks\_factory.py:61: in build
    return self._build_task(entry, overrides)
           ^^^^^^^^^^^^^^^^^^^^^^^^^^^^^^^^^^
.venv-final\Lib\site-packages\lm_eval\tasks\_factory.py:81: in _build_task
    obj = ConfigurableTask(config=cfg)
          ^^^^^^^^^^^^^^^^^^^^^^^^^^^^
.venv-final\Lib\site-packages\lm_eval\api\task.py:786: in __init__
    if (_fs_docs := self.fewshot_docs()) is not None:
                    ^^^^^^^^^^^^^^^^^^^
.venv-final\Lib\site-packages\lm_eval\api\task.py:930: in fewshot_docs
    return super().fewshot_docs()
           ^^^^^^^^^^^^^^^^^^^^^^
.venv-final\Lib\site-packages\lm_eval\api\task.py:219: in fewshot_docs
    return self.test_docs()
           ^^^^^^^^^^^^^^^^
.venv-final\Lib\site-packages\lm_eval\api\task.py:903: in test_docs
    return self.config.process_docs(self.dataset[self.config.test_split])
           ^^^^^^^^^^^^^^^^^^^^^^^^^^^^^^^^^^^^^^^^^^^^^^^^^^^^^^^^^^^^^^
.venv-final\Lib\site-packages\lm_eval\tasks\hellaswag\utils.py:25: in process_docs
    return dataset.map(_process_doc)
           ^^^^^^^^^^^^^^^^^^^^^^^^^
.venv-final\Lib\site-packages\datasets\arrow_dataset.py:576: in wrapper
    out: Union["Dataset", "DatasetDict"] = func(self, *args, **kwargs)
                                           ^^^^^^^^^^^^^^^^^^^^^^^^^^^
.venv-final\Lib\site-packages\datasets\arrow_dataset.py:3633: in map
    for rank, done, content in Dataset._map_single(**unprocessed_kwargs):
                               ^^^^^^^^^^^^^^^^^^^^^^^^^^^^^^^^^^^^^^^^^
.venv-final\Lib\site-packages\datasets\arrow_dataset.py:4056: in _map_single
    yield rank, True, Dataset.from_file(cache_file_name, info=info, split=shard.split)
                      ^^^^^^^^^^^^^^^^^^^^^^^^^^^^^^^^^^^^^^^^^^^^^^^^^^^^^^^^^^^^^^^^
.venv-final\Lib\site-packages\datasets\arrow_dataset.py:827: in from_file
    table = ArrowReader.read_table(filename, in_memory=in_memory)
            ^^^^^^^^^^^^^^^^^^^^^^^^^^^^^^^^^^^^^^^^^^^^^^^^^^^^^
.venv-final\Lib\site-packages\datasets\arrow_reader.py:329: in read_table
    return table_cls.from_file(filename)
           ^^^^^^^^^^^^^^^^^^^^^^^^^^^^^
.venv-final\Lib\site-packages\datasets\table.py:1083: in from_file
    table = _memory_mapped_arrow_table_from_file(filename)
            ^^^^^^^^^^^^^^^^^^^^^^^^^^^^^^^^^^^^^^^^^^^^^^
.venv-final\Lib\site-packages\datasets\table.py:120: in _memory_mapped_arrow_table_from_file
    opened_stream = _memory_mapped_record_batch_reader_from_file(filename)
                    ^^^^^^^^^^^^^^^^^^^^^^^^^^^^^^^^^^^^^^^^^^^^^^^^^^^^^^
.venv-final\Lib\site-packages\datasets\table.py:49: in _memory_mapped_record_batch_reader_from_file
    return pa.ipc.open_stream(memory_mapped_stream)
           ^^^^^^^^^^^^^^^^^^^^^^^^^^^^^^^^^^^^^^^^
.venv-final\Lib\site-packages\pyarrow\ipc.py:187: in open_stream
    return RecordBatchStreamReader(source, options=options,
.venv-final\Lib\site-packages\pyarrow\ipc.py:52: in __init__
    self._open(source, options=options, memory_pool=memory_pool)
pyarrow/ipc.pxi:1092: in pyarrow.lib._RecordBatchStreamReader._open
    ???
pyarrow/error.pxi:155: in pyarrow.lib.pyarrow_internal_check_status
    ???
_ _ _ _ _ _ _ _ _ _ _ _ _ _ _ _ _ _ _ _ _ _ _ _ _ _ _ _ _ _ _ _ _ _ _ _ _ _ _ _

>   ???
E   pyarrow.lib.ArrowInvalid: Tried reading schema message, was null or length 0

pyarrow/error.pxi:92: ArrowInvalid
---------------------------- Captured stderr call -----------------------------
\rGenerating train split: 0 examples [00:00, ? examples/s]\rGenerating train split: 4 examples [00:01,  2.03 examples/s]\rGenerating train split: 4 examples [00:02,  1.97 examples/s]\n\rMap:   0%|          | 0/4 [00:00<?, ? examples/s]\rMap: 100%|\u2588\u2588\u2588\u2588\u2588\u2588\u2588\u2588\u2588\u2588| 4/4 [00:00<00:00, 29.62 examples/s]\rMap: 100%|\u2588\u2588\u2588\u2588\u2588\u2588\u2588\u2588\u2588\u2588| 4/4 [00:00<00:00, 26.56 examples/s]
___________ test_submit_refuses_blocked_plans_and_missing_snapshots ___________
[gw1] win32 -- Python 3.12.13 D:\Project\xlm-final-integration\.venv-final\Scripts\python.exe

tmp_path = WindowsPath('D:/Project/xlm-final-integration/data/audit/p23-remediation/stage06/final01/full-xdist-tmp/popen-gw1/test_submit_refuses_blocked_pl0')

    def test_submit_refuses_blocked_plans_and_missing_snapshots(tmp_path: Path) -> None:
        from xlm.experiments.plans import PlanBlocker
    
>       plan, plan_path, snapshot_dir = make_plan(
            tmp_path, "blocked", blockers=[PlanBlocker(code="missing_pool_artifact", detail="x")]
        )

tests\test_queue.py:181: 
_ _ _ _ _ _ _ _ _ _ _ _ _ _ _ _ _ _ _ _ _ _ _ _ _ _ _ _ _ _ _ _ _ _ _ _ _ _ _ _
tests\test_queue.py:122: in make_plan
    freeze_execution(plan, snapshot_dir, [device])
src\xlm\experiments\plans.py:194: in freeze_execution
    envelope = make_envelope(plan.resolved_config, snapshot_dir, extras=extras)
               ^^^^^^^^^^^^^^^^^^^^^^^^^^^^^^^^^^^^^^^^^^^^^^^^^^^^^^^^^^^^^^^^
src\xlm\experiments\execution.py:204: in make_envelope
    "environment": installed_runtime(lock, extras),
                   ^^^^^^^^^^^^^^^^^^^^^^^^^^^^^^^
_ _ _ _ _ _ _ _ _ _ _ _ _ _ _ _ _ _ _ _ _ _ _ _ _ _ _ _ _ _ _ _ _ _ _ _ _ _ _ _

lock = WindowsPath('D:/Project/xlm-final-integration/data/audit/p23-remediation/stage06/final01/full-xdist-tmp/popen-gw1/test_submit_refuses_blocked_pl0/snap_blocked/code/uv.lock')
extras = ['cpu']
site = WindowsPath('D:/Project/xlm-final-integration/.venv-final/Lib/site-packages')

    def installed_runtime(lock: Path, extras: list[str], site: Path | None = None) -> dict[str, Any]:
        """Hash actual installed bytes; no imports of installed packages or network."""
        started = time.monotonic()
        if sorted(extras) not in (["cpu"], ["cpu", "eval"], ["cuda"], ["cuda", "eval"]):
            raise ValueError("execution requires explicit mutually exclusive CPU/CUDA extras")
        site = site or Path(sysconfig.get_paths()["purelib"])
        ensure_plain_path(site)
        if not site.is_dir() or lock.stat().st_size > 8 * 1024**2:
            raise ValueError("offline runtime or bounded lockfile unavailable")
        graph = tomllib.loads(lock.read_text(encoding="utf-8"))
        allowed: dict[str, set[str]] = {}
        for package in graph["package"]:
            name = re.sub(r"[-_.]+", "-", package["name"]).lower()
            allowed.setdefault(name, set()).add(package["version"])
        versions: dict[str, str] = {}
        distributions: dict[str, importlib.metadata.Distribution] = {}
        for distribution in importlib.metadata.distributions(path=[str(site)]):
            name = re.sub(r"[-_.]+", "-", distribution.metadata["Name"]).lower()
            if name == "xlm":
                continue
            if name in versions or distribution.version not in allowed.get(name, set()):
                raise ValueError(f"installed dependency is duplicate or not locked: {name}")
            versions[name] = distribution.version
            distributions[name] = distribution
        required = {"torch", "pydantic", "filelock", "typer", "psutil", "safetensors"}
        if "eval" in extras:
            required.add("lm-eval")
        if not required.issubset(versions):
            raise ValueError(f"missing offline dependencies: {sorted(required - versions.keys())}")
        from packaging.requirements import Requirement
    
        project = tomllib.loads((lock.parent / "pyproject.toml").read_text(encoding="utf-8"))["project"]
        requirements = list(project["dependencies"])
        for extra in extras:
            requirements.extend(project["optional-dependencies"][extra])
        pending_requirements = [(Requirement(item), {""}) for item in requirements]
        checked: set[tuple[str, tuple[str, ...]]] = set()
        while pending_requirements:
            requirement, parent_extras = pending_requirements.pop()
            if requirement.marker and not any(
                requirement.marker.evaluate({"extra": e}) for e in parent_extras
            ):
                continue
            name = re.sub(r"[-_.]+", "-", requirement.name).lower()
            if name not in versions or not requirement.specifier.contains(versions[name]):
                raise ValueError(f"missing/incompatible offline dependency: {requirement}")
            selected_extras = {"", *requirement.extras}
            key = (name, tuple(sorted(selected_extras)))
            if key in checked:
                continue
            checked.add(key)
            pending_requirements.extend(
                (Requirement(item), selected_extras) for item in distributions[name].requires or []
            )
            if len(checked) > 2000 or time.monotonic() - started > 90:
                raise ValueError("offline dependency resolution exceeds bound")
        if ("+cpu" in versions["torch"]) != ("cpu" in extras):
            raise ValueError("installed torch accelerator does not match selected extras")
        pinned_python = lock.parent / ".python-version"
        if (
            not pinned_python.is_file()
            or pinned_python.read_text().strip() != platform.python_version()
        ):
            raise ValueError("actual interpreter does not match frozen Python patch pin")
        files: dict[str, tuple[str, int]] = {}
        pending: list[tuple[Path, int]] = []
        with ThreadPoolExecutor(max_workers=8) as pool:
            for path, file_size in _installed_files(site):
                pending.append((path, file_size))
                if len(pending) == 64:
                    _hash_batch(pending, site, files, pool)
                    pending.clear()
                if time.monotonic() - started > 90:
>                   raise ValueError("installed runtime inventory exceeds time bound")
E                   ValueError: installed runtime inventory exceeds time bound

src\xlm\experiments\environment.py:127: ValueError
________ test_public_two_source_prepare_direct_queue_and_resume[True] _________
[gw5] win32 -- Python 3.12.13 D:\Project\xlm-final-integration\.venv-final\Scripts\python.exe

tmp_path = WindowsPath('D:/Project/xlm-final-integration/data/audit/p23-remediation/stage06/final01/full-xdist-tmp/popen-gw5/test_public_two_source_prepare1')
auxiliary = True

    @pytest.mark.parametrize("auxiliary", [False, True])
    def test_public_two_source_prepare_direct_queue_and_resume(tmp_path: Path, auxiliary: bool) -> None:
        from test_frozen_execution import authored_tree
    
        tree = authored_tree(tmp_path / "tree")
        if auxiliary:
            plugin = tree / "src/xlm/plugins/authored_aux"
            plugin.mkdir()
            (plugin / "plugin.yaml").write_text(
                yaml.safe_dump(
                    {
                        "plugin_id": "authored_aux",
                        "version": "1",
                        "category": "objective",
                        "enabled": True,
                        "entry_module": "entry.py",
                        "files": ["entry.py"],
                        "capabilities": {
                            "loss_protocol": "token_additive",
                            "supports_microbatching": True,
                            "has_auxiliary_parameters": True,
                            "requires_hidden_states": False,
                        },
                    }
                ),
                encoding="utf-8",
            )
            (plugin / "entry.py").write_text(
                """from typing import Literal
    from xlm.config.schemas import StrictConfigModel
    from xlm.objectives.auxiliary_fixture import AuxiliaryLearningObjective
    import random
    import numpy as np
    import torch
    class Config(StrictConfigModel):
        type: Literal["authored_aux"] = "authored_aux"
        version: str = "1"
        init_val: float = 1.0
        target_val: float = 3.0
    class Objective(AuxiliaryLearningObjective):
        def forward(self, *args, **kwargs):
            self.target_val = 3.0 + random.random() + float(np.random.random()) + float(torch.rand(()))
            return super().forward(*args, **kwargs)
    def factory(config):
        print("AUTHORED_AUX_FACTORY_EXECUTED", flush=True)
        return Objective(config.init_val, config.target_val)
    def register(registry, capabilities):
        return registry.register("authored_aux", "1", Config,
            capabilities.to_dict(), "1", factory)
    """,
                encoding="utf-8",
            )
        docs = documents()
        documents_path = tmp_path / "documents.jsonl"
        documents_path.write_text(
            "".join(json.dumps(d.to_dict()) + "\n" for d in docs), encoding="utf-8"
        )
        tokenizer = ByteLevelBPETokenizer.train_from_documents(
            docs, target_vocab_size=260, max_train_docs=4, max_train_bytes=1024
        )
        tokenizer.save(tmp_path / "tokenizer")
        recipe = MixtureRecipe(
            mixture_id="two_sources",
            components=[
                MixtureComponent(source_id="alpha", weight=0.75),
                MixtureComponent(source_id="zeta", weight=0.25),
            ],
            packing=PackingPolicy(max_document_tokens=4),
            data_seed=42,
            model_seed=7,
        )
        recipe_path = tmp_path / "mixture.yaml"
        recipe_path.write_text(yaml.safe_dump(recipe.model_dump(mode="json")), encoding="utf-8")
        shards = tmp_path / "shards"
        exposure = tmp_path / "exposure.json"
        prepare = tree / "prepare.yaml"
        prepare.write_text(
            yaml.safe_dump(
                {
                    "id": "authored_d03",
                    "output_root": str(tmp_path / "preparation"),
                    "stages": [
                        {
                            "stage_id": "tokenize",
                            "kind": "run",
                            "command": [
                                "data",
                                "tokenize",
                                "--input",
                                str(documents_path),
                                "--tokenizer",
                                str(tmp_path / "tokenizer"),
                                "--output-dir",
                                str(shards),
                                "--pool-id",
                                "authored_d03",
                                "--split",
                                "train",
                            ],
                            "outputs": [str(shards)],
                            "invalidates": ["exposure"],
                        },
                        {
                            "stage_id": "exposure",
                            "kind": "run",
                            "command": [
                                "mixture",
                                "plan",
                                "--recipe",
                                str(recipe_path),
                                "--shards",
                                str(shards),
                                "--budget-targets",
                                "33",
                                "--block-size",
                                "8",
                                "--output",
                                str(exposure),
                            ],
                            "outputs": [str(exposure)],
                        },
                    ],
                }
            ),
            encoding="utf-8",
        )
        evidence = tmp_path / "commands"
        cli(
            tree,
            tmp_path / "prepare-home",
            evidence,
            "prepare",
            "--config",
            str(prepare),
            "--authorize",
            "--timeout",
            "60",
        )
        config = {
            "id": "authored_d03",
            "model": {
                "architecture": "transformer_baseline",
                "vocab_size": tokenizer.vocab_size,
                "hidden_size": 16,
                "intermediate_size": 32,
                "num_layers": 1,
                "num_attention_heads": 2,
                "context_length": 8,
                "attention_backend": "eager",
            },
            "data": {
                "mixture": recipe.model_dump(mode="json"),
                "sources": {s: str(shards / s) for s in ("alpha", "zeta")},
                "tokenizer_artifact": str(tmp_path / "tokenizer"),
                "tokenizer": {"type": "bpe", "target_vocab_size": 260},
                "exposure_plan": str(exposure),
            },
            "objective": {"type": "authored_aux" if auxiliary else "cross_entropy"},
            "optimizer": {"type": "adamw", "lr": 0.01},
            "training": {
                "device": "cpu",
                "precision": "fp32",
                "context_length": 8,
                "init_seed": 7,
                "data_seed": 42,
                "global_batch_valid_targets": 16,
                "microbatch_sequences": 2,
                "checkpoint_every_valid_targets": 16,
                "budget": {"max_valid_targets": 33, "max_train_seconds": 30},
                "schedule": {"type": "constant"},
            },
        }
        if auxiliary:
            config["plugins"] = ["authored_aux", *authored_component_plugins(tree)]
            config["model"]["architecture"] = "authored_architecture"
            config["optimizer"]["type"] = "authored_optimizer"
            config["data"]["tokenizer"]["type"] = "authored_tokenizer"
        draft = tree / "draft.yaml"
        draft.write_text(yaml.safe_dump(config), encoding="utf-8")
        direct_home, queue_home = tmp_path / "direct-home", tmp_path / "queue-home"
>       cli(tree, direct_home, evidence, "train", str(draft), "--device", "cpu")

tests\test_configurable_workflow.py:358: 
_ _ _ _ _ _ _ _ _ _ _ _ _ _ _ _ _ _ _ _ _ _ _ _ _ _ _ _ _ _ _ _ _ _ _ _ _ _ _ _

root = WindowsPath('D:/Project/xlm-final-integration/data/audit/p23-remediation/stage06/final01/full-xdist-tmp/popen-gw5/test_public_two_source_prepare1/tree')
home = WindowsPath('D:/Project/xlm-final-integration/data/audit/p23-remediation/stage06/final01/full-xdist-tmp/popen-gw5/test_public_two_source_prepare1/direct-home')
evidence = WindowsPath('D:/Project/xlm-final-integration/data/audit/p23-remediation/stage06/final01/full-xdist-tmp/popen-gw5/test_public_two_source_prepare1/commands')
args = ('train', 'D:\\Project\\xlm-final-integration\\data\\audit\\p23-remediation\\stage06\\final01\\full-xdist-tmp\\popen-gw5\\test_public_two_source_prepare1\\tree\\draft.yaml', '--device', 'cpu')

    def cli(root: Path, home: Path, evidence: Path, *args: str) -> subprocess.CompletedProcess[str]:
        evidence.mkdir(parents=True, exist_ok=True)
        result = subprocess.run(
            [sys.executable, "-m", "xlm.cli.main", *args],
            cwd=root,
            env={
                **os.environ,
                "XLM_HOME": str(home),
                "PYTHONPATH": str(root / "src"),
                "UV_OFFLINE": "1",
                "HF_HUB_OFFLINE": "1",
                "HF_DATASETS_OFFLINE": "1",
                "OMP_NUM_THREADS": "1",
                "MKL_NUM_THREADS": "1",
            },
            text=True,
            capture_output=True,
            timeout=240,
        )
        index = len(list(evidence.glob("*.json")))
        (evidence / f"{index:02}.json").write_text(
            json.dumps(
                {
                    "argv": [sys.executable, "-m", "xlm.cli.main", *args],
                    "cwd": str(root),
                    "returncode": result.returncode,
                    "stdout": result.stdout,
                    "stderr": result.stderr,
                }
            ),
            encoding="utf-8",
        )
>       assert result.returncode == 0, result.stdout + result.stderr
E       AssertionError: AUTHORED_TOKENIZER_FACTORY_EXECUTED
E         AUTHORED_ARCHITECTURE_FACTORY_EXECUTED
E         AUTHORED_TOKENIZER_FACTORY_EXECUTED
E         <frozen runpy>:128: RuntimeWarning: 'xlm.cli.main' found in sys.modules after import of package 'xlm.cli', but prior to execution of 'xlm.cli.main'; this may result in unpredictable behaviour
E         Error: installed runtime inventory exceeds time bound
E         
E       assert 1 == 0
E        +  where 1 = CompletedProcess(args=['D:\\Project\\xlm-final-integration\\.venv-final\\Scripts\\python.exe', '-m', 'xlm.cli.main', 'train', 'D:\\Project\\xlm-final-integration\\data\\audit\\p23-remediation\\stage06\\final01\\full-xdist-tmp\\popen-gw5\\test_public_two_source_prepare1\\tree\\draft.yaml', '--device', 'cpu'], returncode=1, stdout='AUTHORED_TOKENIZER_FACTORY_EXECUTED\nAUTHORED_ARCHITECTURE_FACTORY_EXECUTED\nAUTHORED_TOKENIZER_FACTORY_EXECUTED\n', stderr="<frozen runpy>:128: RuntimeWarning: 'xlm.cli.main' found in sys.modules after import of package 'xlm.cli', but prior to execution of 'xlm.cli.main'; this may result in unpredictable behaviour\nError: installed runtime inventory exceeds time bound\n").returncode

tests\test_configurable_workflow.py:84: AssertionError
_______________ test_toy_campaign_runs_sequentially_to_success ________________
[gw2] win32 -- Python 3.12.13 D:\Project\xlm-final-integration\.venv-final\Scripts\python.exe

tmp_path = WindowsPath('D:/Project/xlm-final-integration/data/audit/p23-remediation/stage06/final01/full-xdist-tmp/popen-gw2/test_toy_campaign_runs_sequent0')

    def test_toy_campaign_runs_sequentially_to_success(tmp_path: Path) -> None:
        # One queue drains three toy jobs in submission order. All fixture trees
        # carry identical file contents, so one tree root verifies every snapshot.
        first_tree = tmp_path / "ws_toy_a"
        queue = make_queue(tmp_path, "camp", first_tree)
        job_ids: list[str] = []
        for seed, name in enumerate(("toy_a", "toy_b", "toy_c")):
>           plan, plan_path, snapshot_dir = make_plan(tmp_path, name, seed=seed)
                                            ^^^^^^^^^^^^^^^^^^^^^^^^^^^^^^^^^^^^

tests\test_queue.py:265: 
_ _ _ _ _ _ _ _ _ _ _ _ _ _ _ _ _ _ _ _ _ _ _ _ _ _ _ _ _ _ _ _ _ _ _ _ _ _ _ _
tests\test_queue.py:122: in make_plan
    freeze_execution(plan, snapshot_dir, [device])
src\xlm\experiments\plans.py:194: in freeze_execution
    envelope = make_envelope(plan.resolved_config, snapshot_dir, extras=extras)
               ^^^^^^^^^^^^^^^^^^^^^^^^^^^^^^^^^^^^^^^^^^^^^^^^^^^^^^^^^^^^^^^^
src\xlm\experiments\execution.py:204: in make_envelope
    "environment": installed_runtime(lock, extras),
                   ^^^^^^^^^^^^^^^^^^^^^^^^^^^^^^^
_ _ _ _ _ _ _ _ _ _ _ _ _ _ _ _ _ _ _ _ _ _ _ _ _ _ _ _ _ _ _ _ _ _ _ _ _ _ _ _

lock = WindowsPath('D:/Project/xlm-final-integration/data/audit/p23-remediation/stage06/final01/full-xdist-tmp/popen-gw2/test_toy_campaign_runs_sequent0/snap_toy_a/code/uv.lock')
extras = ['cpu']
site = WindowsPath('D:/Project/xlm-final-integration/.venv-final/Lib/site-packages')

    def installed_runtime(lock: Path, extras: list[str], site: Path | None = None) -> dict[str, Any]:
        """Hash actual installed bytes; no imports of installed packages or network."""
        started = time.monotonic()
        if sorted(extras) not in (["cpu"], ["cpu", "eval"], ["cuda"], ["cuda", "eval"]):
            raise ValueError("execution requires explicit mutually exclusive CPU/CUDA extras")
        site = site or Path(sysconfig.get_paths()["purelib"])
        ensure_plain_path(site)
        if not site.is_dir() or lock.stat().st_size > 8 * 1024**2:
            raise ValueError("offline runtime or bounded lockfile unavailable")
        graph = tomllib.loads(lock.read_text(encoding="utf-8"))
        allowed: dict[str, set[str]] = {}
        for package in graph["package"]:
            name = re.sub(r"[-_.]+", "-", package["name"]).lower()
            allowed.setdefault(name, set()).add(package["version"])
        versions: dict[str, str] = {}
        distributions: dict[str, importlib.metadata.Distribution] = {}
        for distribution in importlib.metadata.distributions(path=[str(site)]):
            name = re.sub(r"[-_.]+", "-", distribution.metadata["Name"]).lower()
            if name == "xlm":
                continue
            if name in versions or distribution.version not in allowed.get(name, set()):
                raise ValueError(f"installed dependency is duplicate or not locked: {name}")
            versions[name] = distribution.version
            distributions[name] = distribution
        required = {"torch", "pydantic", "filelock", "typer", "psutil", "safetensors"}
        if "eval" in extras:
            required.add("lm-eval")
        if not required.issubset(versions):
            raise ValueError(f"missing offline dependencies: {sorted(required - versions.keys())}")
        from packaging.requirements import Requirement
    
        project = tomllib.loads((lock.parent / "pyproject.toml").read_text(encoding="utf-8"))["project"]
        requirements = list(project["dependencies"])
        for extra in extras:
            requirements.extend(project["optional-dependencies"][extra])
        pending_requirements = [(Requirement(item), {""}) for item in requirements]
        checked: set[tuple[str, tuple[str, ...]]] = set()
        while pending_requirements:
            requirement, parent_extras = pending_requirements.pop()
            if requirement.marker and not any(
                requirement.marker.evaluate({"extra": e}) for e in parent_extras
            ):
                continue
            name = re.sub(r"[-_.]+", "-", requirement.name).lower()
            if name not in versions or not requirement.specifier.contains(versions[name]):
                raise ValueError(f"missing/incompatible offline dependency: {requirement}")
            selected_extras = {"", *requirement.extras}
            key = (name, tuple(sorted(selected_extras)))
            if key in checked:
                continue
            checked.add(key)
            pending_requirements.extend(
                (Requirement(item), selected_extras) for item in distributions[name].requires or []
            )
            if len(checked) > 2000 or time.monotonic() - started > 90:
                raise ValueError("offline dependency resolution exceeds bound")
        if ("+cpu" in versions["torch"]) != ("cpu" in extras):
            raise ValueError("installed torch accelerator does not match selected extras")
        pinned_python = lock.parent / ".python-version"
        if (
            not pinned_python.is_file()
            or pinned_python.read_text().strip() != platform.python_version()
        ):
            raise ValueError("actual interpreter does not match frozen Python patch pin")
        files: dict[str, tuple[str, int]] = {}
        pending: list[tuple[Path, int]] = []
        with ThreadPoolExecutor(max_workers=8) as pool:
            for path, file_size in _installed_files(site):
                pending.append((path, file_size))
                if len(pending) == 64:
                    _hash_batch(pending, site, files, pool)
                    pending.clear()
                if time.monotonic() - started > 90:
>                   raise ValueError("installed runtime inventory exceeds time bound")
E                   ValueError: installed runtime inventory exceeds time bound

src\xlm\experiments\environment.py:127: ValueError
- generated xml file: D:\Project\xlm-final-integration\data\audit\p23-remediation\stage06\final01\full-xdist.xml -
============================ slowest 10 durations =============================
508.36s call     tests/test_offline_workflow.py::test_offline_workflow_from_clean_environment
345.75s call     tests/test_prepare.py::test_full_toy_run_reuses_on_repeat
241.78s call     tests/test_eval_declared_inputs.py::test_official_definitions_resolve_their_inherited_configuration
218.66s call     tests/test_frozen_recovery.py::test_real_crash_preserves_committed_boundary_on_retry
218.18s call     tests/test_harness_adapter.py::test_harness_fixture_task_matches_native_acc_and_acc_norm
162.22s call     tests/test_eval_declared_inputs.py::test_results_are_stable_under_input_ordering
161.17s call     tests/test_frozen_execution.py::test_public_queue_and_diagnostic_receipt_keep_separate_provenance
158.83s call     tests/test_frozen_execution.py::test_intact_a_executes_after_live_b_and_import_override
146.65s call     tests/test_configurable_workflow.py::test_public_two_source_prepare_direct_queue_and_resume[False]
145.22s call     tests/test_harness_adapter.py::test_evidence_cache_reuses_and_recomputes_on_identity_change
=========================== short test summary info ===========================
FAILED tests/test_reports.py::test_cli_runs_list_empty_and_populated - xlm.experiments.plans.PlanError: legacy/unfrozen plan cannot execute; resolve a new frozen plan
FAILED tests/test_source_discovery.py::test_nested_field_schema_inspection - AssertionError: Fixture missing: fixtures\sources\sample_nested\nested_sample.parquet
assert False
 +  where False = is_file()
 +    where is_file = WindowsPath('fixtures/sources/sample_nested/nested_sample.parquet').is_file
FAILED tests/test_source_discovery.py::test_missing_text_field_explicit_handling - AssertionError: Fixture missing: fixtures\sources\sample_nested\mismatched_sample.parquet
assert False
 +  where False = is_file()
 +    where is_file = WindowsPath('fixtures/sources/sample_nested/mismatched_sample.parquet').is_file
FAILED tests/test_final_acceptance.py::test_cli_resume_reconstructs_real_settings_and_exact_nonmultiple_budget - AssertionError: ('Error: installed runtime inventory exceeds time bound
  ', SystemExit(1))
assert 1 == 0
 +  where 1 = <Result SystemExit(1)>.exit_code
FAILED tests/test_queue.py::test_crash_without_retries_fails_loudly - ValueError: installed runtime inventory exceeds time bound
FAILED tests/test_cli_train_demo.py::test_cli_train_and_resume_subprocess - AssertionError: Train failed:
  <frozen runpy>:128: RuntimeWarning: 'xlm.cli.main' found in sys.modules after import of package 'xlm.cli', but prior to execution of 'xlm.cli.main'; this may result in unpredictable behaviour
  Error: installed runtime inventory exceeds time bound
  
  
assert 1 == 0
 +  where 1 = CompletedProcess(args=['D:\\Project\\xlm-final-integration\\.venv-final\\Scripts\\python.exe', '-m', 'xlm.cli.main', 'train', 'D:\\Project\\xlm-final-integration\\data\\audit\\p23-remediation\\stage06\\final01\\full-xdist-tmp\\popen-gw4\\test_cli_train_and_resume_subp0\\plan.json', '--device', 'cpu'], returncode=1, stdout='', stderr="<frozen runpy>:128: RuntimeWarning: 'xlm.cli.main' found in sys.modules after import of package 'xlm.cli', but prior to execution of 'xlm.cli.main'; this may result in unpredictable behaviour\nError: installed runtime inventory exceeds time bound\n").returncode
FAILED tests/test_operator.py::test_expired_and_unreviewed_and_unbounded_suppliers_refused - AssertionError: Regex pattern did not match.
  Expected regex: 'aggregates only'
  Actual message: 'authorization does not match this exact request hash'
FAILED tests/test_configurable_training.py::test_public_cli_executes_registered_objective - AssertionError: <frozen runpy>:128: RuntimeWarning: 'xlm.cli.main' found in sys.modules after import of package 'xlm.cli', but prior to execution of 'xlm.cli.main'; this may result in unpredictable behaviour
  Error: installed runtime inventory exceeds time bound
  
assert 1 == 0
 +  where 1 = CompletedProcess(args=['D:\\Project\\xlm-final-integration\\.venv-final\\Scripts\\python.exe', '-m', 'xlm.cli.main', 'train', 'D:\\Project\\xlm-final-integration\\data\\audit\\p23-remediation\\stage06\\final01\\full-xdist-tmp\\popen-gw14\\test_public_cli_executes_regis0\\plan.json', '--device', 'cpu'], returncode=1, stdout='', stderr="<frozen runpy>:128: RuntimeWarning: 'xlm.cli.main' found in sys.modules after import of package 'xlm.cli', but prior to execution of 'xlm.cli.main'; this may result in unpredictable behaviour\nError: installed runtime inventory exceeds time bound\n").returncode
FAILED tests/test_eval_declared_inputs.py::test_cli_declared_run_under_a_limit_withholds_the_index - AssertionError: <frozen runpy>:128: RuntimeWarning: 'xlm.cli.main' found in sys.modules after import of package 'xlm.cli', but prior to execution of 'xlm.cli.main'; this may result in unpredictable behaviour
  +--------------------- Traceback (most recent call last) ---------------------+
  | D:\Project\xlm-final-integration\src\xlm\cli\eval_cmd.py:532 in             |
  | evaluate_command                                                            |
  |                                                                             |
  |   529         return                                                        |
  |   530     from xlm.experiments.evaluation_execution import                  |
  |       launch_evaluation                                                     |
  |   531                                                                       |
  | > 532     launch_evaluation(options)                                        |
  |   533                                                                       |
  |   534                                                                       |
  |   535 def _evaluate_in_process(                                             |
  |                                                                             |
  | D:\Project\xlm-final-integration\src\xlm\experiments\evaluation_execution.p |
  | y:84 in launch_evaluation                                                   |
  |                                                                             |
  |    81     extras = [options["device"]] + (                                  |
  |    82         [] if options["suite"] in ("all", "synthetic_mc",             |
  |       "synthetic_pair") else ["eval"]                                       |
  |    83     )                                                                 |
  | >  84     envelope = make_envelope(config, snapshot, extras=extras,         |
  |       purpose="evaluation")                                                 |
  |    85     result = launch_worker(                                           |
  |    86         {                                                             |
  |    87             "action": "evaluate",                                     |
  |                                                                             |
  | D:\Project\xlm-final-integration\src\xlm\experiments\execution.py:204 in    |
  | make_envelope                                                               |
  |                                                                             |
  |   201         "bindings": bindings,                                         |
  |   202         "code_hash": snapshot.code_hash,                              |
  |   203         "dependency_hash": compute_file_sha256(lock, max_bytes=8 *    |
  |       1024**2),                                                             |
  | > 204         "environment": installed_runtime(lock, extras),               |
  |   205         "runtime_policy": policy or {"torch_threads": 1,              |
  |       "deterministic_algorithms": True},                                    |
  |   206     }                                                                 |
  |   207     return {**payload, "execution_hash": identity_digest(payload)}    |
  |                                                                             |
  | D:\Project\xlm-final-integration\src\xlm\experiments\environment.py:127 in  |
  | installed_runtime                                                           |
  |                                                                             |
  |   124                 _hash_batch(pending, site, files, pool)               |
  |   125                 pending.clear()                                       |
  |   126             if time.monotonic() - started > 90:                       |
  | > 127                 raise ValueError("installed runtime inventory exceeds |
  |       time bound")                                                          |
  |   128         _hash_batch(pending, site, files, pool)                       |
  |   129     size = sum(item[1] for item in files.values())                    |
  |   130     hashes = {name: item[0] for name, item in files.items()}          |
  +-----------------------------------------------------------------------------+
  ValueError: installed runtime inventory exceeds time bound
  
assert 1 == 0
 +  where 1 = CompletedProcess(args=['D:\\Project\\xlm-final-integration\\.venv-final\\Scripts\\python.exe', '-m', 'xlm.cli.main', 'evaluate', 'D:\\Project\\xlm-final-integration\\data\\audit\\p23-remediation\\stage06\\final01\\full-xdist-tmp\\popen-gw12\\declared_ckpt0\\model', '--suite', 'search', '--inputs', 'D:\\Project\\xlm-final-integration\\fixtures\\eval\\inputs\\dev_fixture_v1\\manifest.yaml', '--limit', '2', '--output-dir', 'D:\\Project\\xlm-final-integration\\data\\audit\\p23-remediation\\stage06\\final01\\full-xdist-tmp\\popen-gw12\\test_cli_declared_run_under_a_0\\out'], returncode=1, stdout='', stderr='<frozen runpy>:128: RuntimeWarning: \'xlm.cli.main\' found in sys.modules after import of package \'xlm.cli\', but prior to execution of \'xlm.cli.main\'; this may result in unpredictable behaviour\n+--------------------- Traceback (most recent call last) ---------------------+\n| D:\\Project\\xlm-final-integration\\src\\xlm\\cli\\eval_cmd.py:532 in             |\n| evaluate_command                                                            |\n|                                                                             |\n|   529         return                                                        |\n|   530     from xlm.experiments.evaluation_execution import                  |\n|       launch_evaluation                                                     |\n|   531                                                                       |\n| > 532     launch_evaluation(options)                                        |\n|   533                                                                       |\n|   534                                                                       |\n|   535 def _evaluate_in_process(                                             |\n|                                                                             |\n| D:\\Project\\xlm-final-integration\\src\\xlm\\experiments\\evaluation_execution.p |\n| y:84 in launch_evaluation                                                   |\n|                                                                             |\n|    81     extras = [options["device"]] + (                                  |\n|    82         [] if options["suite"] in ("all", "synthetic_mc",             |\n|       "synthetic_pair") else ["eval"]                                       |\n|    83     )                                                                 |\n| >  84     envelope = make_envelope(config, snapshot, extras=extras,         |\n|       purpose="evaluation")                                                 |\n|    85     result = launch_worker(                                           |\n|    86         {                                                             |\n|    87             "action": "evaluate",                                     |\n|                                                                             |\n| D:\\Project\\xlm-final-integration\\src\\xlm\\experiments\\execution.py:204 in    |\n| make_envelope                                                               |\n|                                                                             |\n|   201         "bindings": bindings,                                         |\n|   202         "code_hash": snapshot.code_hash,                              |\n|   203         "dependency_hash": compute_file_sha256(lock, max_bytes=8 *    |\n|       1024**2),                                                             |\n| > 204         "environment": installed_runtime(lock, extras),               |\n|   205         "runtime_policy": policy or {"torch_threads": 1,              |\n|       "deterministic_algorithms": True},                                    |\n|   206     }                                                                 |\n|   207     return {**payload, "execution_hash": identity_digest(payload)}    |\n|                                                                             |\n| D:\\Project\\xlm-final-integration\\src\\xlm\\experiments\\environment.py:127 in  |\n| installed_runtime                                                           |\n|                                                                             |\n|   124                 _hash_batch(pending, site, files, pool)               |\n|   125                 pending.clear()                                       |\n|   126             if time.monotonic() - started > 90:                       |\n| > 127                 raise ValueError("installed runtime inventory exceeds |\n|       time bound")                                                          |\n|   128         _hash_batch(pending, site, files, pool)                       |\n|   129     size = sum(item[1] for item in files.values())                    |\n|   130     hashes = {name: item[0] for name, item in files.items()}          |\n+-----------------------------------------------------------------------------+\nValueError: installed runtime inventory exceeds time bound\n').returncode
FAILED tests/test_cli_eval_gen.py::test_cli_evaluate_and_generate_subprocess - AssertionError: Evaluate failed:
  <frozen runpy>:128: RuntimeWarning: 'xlm.cli.main' found in sys.modules after import of package 'xlm.cli', but prior to execution of 'xlm.cli.main'; this may result in unpredictable behaviour
  +--------------------- Traceback (most recent call last) ---------------------+
  | D:\Project\xlm-final-integration\src\xlm\cli\eval_cmd.py:532 in             |
  | evaluate_command                                                            |
  |                                                                             |
  |   529         return                                                        |
  |   530     from xlm.experiments.evaluation_execution import                  |
  |       launch_evaluation                                                     |
  |   531                                                                       |
  | > 532     launch_evaluation(options)                                        |
  |   533                                                                       |
  |   534                                                                       |
  |   535 def _evaluate_in_process(                                             |
  |                                                                             |
  | D:\Project\xlm-final-integration\src\xlm\experiments\evaluation_execution.p |
  | y:84 in launch_evaluation                                                   |
  |                                                                             |
  |    81     extras = [options["device"]] + (                                  |
  |    82         [] if options["suite"] in ("all", "synthetic_mc",             |
  |       "synthetic_pair") else ["eval"]                                       |
  |    83     )                                                                 |
  | >  84     envelope = make_envelope(config, snapshot, extras=extras,         |
  |       purpose="evaluation")                                                 |
  |    85     result = launch_worker(                                           |
  |    86         {                                                             |
  |    87             "action": "evaluate",                                     |
  |                                                                             |
  | D:\Project\xlm-final-integration\src\xlm\experiments\execution.py:204 in    |
  | make_envelope                                                               |
  |                                                                             |
  |   201         "bindings": bindings,                                         |
  |   202         "code_hash": snapshot.code_hash,                              |
  |   203         "dependency_hash": compute_file_sha256(lock, max_bytes=8 *    |
  |       1024**2),                                                             |
  | > 204         "environment": installed_runtime(lock, extras),               |
  |   205         "runtime_policy": policy or {"torch_threads": 1,              |
  |       "deterministic_algorithms": True},                                    |
  |   206     }                                                                 |
  |   207     return {**payload, "execution_hash": identity_digest(payload)}    |
  |                                                                             |
  | D:\Project\xlm-final-integration\src\xlm\experiments\environment.py:127 in  |
  | installed_runtime                                                           |
  |                                                                             |
  |   124                 _hash_batch(pending, site, files, pool)               |
  |   125                 pending.clear()                                       |
  |   126             if time.monotonic() - started > 90:                       |
  | > 127                 raise ValueError("installed runtime inventory exceeds |
  |       time bound")                                                          |
  |   128         _hash_batch(pending, site, files, pool)                       |
  |   129     size = sum(item[1] for item in files.values())                    |
  |   130     hashes = {name: item[0] for name, item in files.items()}          |
  +-----------------------------------------------------------------------------+
  ValueError: installed runtime inventory exceeds time bound
  
  
assert 1 == 0
 +  where 1 = CompletedProcess(args=['D:\\Project\\xlm-final-integration\\.venv-final\\Scripts\\python.exe', '-m', 'xlm.cli.main', 'evaluate', 'D:\\Project\\xlm-final-integration\\data\\audit\\p23-remediation\\stage06\\final01\\full-xdist-tmp\\popen-gw2\\test_cli_evaluate_and_generate0\\model_ckpt', '--device', 'cpu'], returncode=1, stdout='', stderr='<frozen runpy>:128: RuntimeWarning: \'xlm.cli.main\' found in sys.modules after import of package \'xlm.cli\', but prior to execution of \'xlm.cli.main\'; this may result in unpredictable behaviour\n+--------------------- Traceback (most recent call last) ---------------------+\n| D:\\Project\\xlm-final-integration\\src\\xlm\\cli\\eval_cmd.py:532 in             |\n| evaluate_command                                                            |\n|                                                                             |\n|   529         return                                                        |\n|   530     from xlm.experiments.evaluation_execution import                  |\n|       launch_evaluation                                                     |\n|   531                                                                       |\n| > 532     launch_evaluation(options)                                        |\n|   533                                                                       |\n|   534                                                                       |\n|   535 def _evaluate_in_process(                                             |\n|                                                                             |\n| D:\\Project\\xlm-final-integration\\src\\xlm\\experiments\\evaluation_execution.p |\n| y:84 in launch_evaluation                                                   |\n|                                                                             |\n|    81     extras = [options["device"]] + (                                  |\n|    82         [] if options["suite"] in ("all", "synthetic_mc",             |\n|       "synthetic_pair") else ["eval"]                                       |\n|    83     )                                                                 |\n| >  84     envelope = make_envelope(config, snapshot, extras=extras,         |\n|       purpose="evaluation")                                                 |\n|    85     result = launch_worker(                                           |\n|    86         {                                                             |\n|    87             "action": "evaluate",                                     |\n|                                                                             |\n| D:\\Project\\xlm-final-integration\\src\\xlm\\experiments\\execution.py:204 in    |\n| make_envelope                                                               |\n|                                                                             |\n|   201         "bindings": bindings,                                         |\n|   202         "code_hash": snapshot.code_hash,                              |\n|   203         "dependency_hash": compute_file_sha256(lock, max_bytes=8 *    |\n|       1024**2),                                                             |\n| > 204         "environment": installed_runtime(lock, extras),               |\n|   205         "runtime_policy": policy or {"torch_threads": 1,              |\n|       "deterministic_algorithms": True},                                    |\n|   206     }                                                                 |\n|   207     return {**payload, "execution_hash": identity_digest(payload)}    |\n|                                                                             |\n| D:\\Project\\xlm-final-integration\\src\\xlm\\experiments\\environment.py:127 in  |\n| installed_runtime                                                           |\n|                                                                             |\n|   124                 _hash_batch(pending, site, files, pool)               |\n|   125                 pending.clear()                                       |\n|   126             if time.monotonic() - started > 90:                       |\n| > 127                 raise ValueError("installed runtime inventory exceeds |\n|       time bound")                                                          |\n|   128         _hash_batch(pending, site, files, pool)                       |\n|   129     size = sum(item[1] for item in files.values())                    |\n|   130     hashes = {name: item[0] for name, item in files.items()}          |\n+-----------------------------------------------------------------------------+\nValueError: installed runtime inventory exceeds time bound\n').returncode
FAILED tests/test_configurable_workflow.py::test_public_two_source_prepare_direct_queue_and_resume[False] - AssertionError: <frozen runpy>:128: RuntimeWarning: 'xlm.cli.main' found in sys.modules after import of package 'xlm.cli', but prior to execution of 'xlm.cli.main'; this may result in unpredictable behaviour
  Error: installed runtime inventory exceeds time bound
  
assert 1 == 0
 +  where 1 = CompletedProcess(args=['D:\\Project\\xlm-final-integration\\.venv-final\\Scripts\\python.exe', '-m', 'xlm.cli.main', 'train', 'D:\\Project\\xlm-final-integration\\data\\audit\\p23-remediation\\stage06\\final01\\full-xdist-tmp\\popen-gw5\\test_public_two_source_prepare0\\tree\\draft.yaml', '--device', 'cpu'], returncode=1, stdout='', stderr="<frozen runpy>:128: RuntimeWarning: 'xlm.cli.main' found in sys.modules after import of package 'xlm.cli', but prior to execution of 'xlm.cli.main'; this may result in unpredictable behaviour\nError: installed runtime inventory exceeds time bound\n").returncode
FAILED tests/test_recipes.py::test_readme_example_commands_are_implemented - AssertionError: <frozen runpy>:128: RuntimeWarning: 'xlm.cli.main' found in sys.modules after import of package 'xlm.cli', but prior to execution of 'xlm.cli.main'; this may result in unpredictable behaviour
  Error: cannot resolve plan: immutable snapshot conflict; original is preserved
  
assert 1 == 0
 +  where 1 = CompletedProcess(args=['D:\\Project\\xlm-final-integration\\.venv-final\\Scripts\\python.exe', '-m', 'xlm.cli.main', 'experiment', 'plan', 'recipes/experiments/baseline_50m.yaml'], returncode=1, stdout='', stderr="<frozen runpy>:128: RuntimeWarning: 'xlm.cli.main' found in sys.modules after import of package 'xlm.cli', but prior to execution of 'xlm.cli.main'; this may result in unpredictable behaviour\nError: cannot resolve plan: immutable snapshot conflict; original is preserved\n").returncode
FAILED tests/test_queue.py::test_submit_deduplicates_identical_plans - ValueError: installed runtime inventory exceeds time bound
FAILED tests/test_acquisition_bounds.py::test_public_plan_fetch_status_verify_prepare - FileNotFoundError: [Errno 2] No such file or directory: 'D:\\Project\\xlm-final-integration\\data\\audit\\p23-remediation\\stage04\\authored-prepare-test_public_plan_fetch_status_0.json'
FAILED tests/test_queue.py::test_cancel_stops_a_queued_job_and_a_running_job - ValueError: installed runtime inventory exceeds time bound
FAILED tests/test_frozen_execution.py::test_independent_persisted_bindings_refuse_before_worker - ValueError: installed runtime inventory exceeds time bound
FAILED tests/test_frozen_execution.py::test_real_frozen_worker_trains_and_publishes - ValueError: installed runtime inventory exceeds time bound
FAILED tests/test_eval_declared_inputs.py::test_cli_refuses_to_mix_declared_inputs_with_task_overrides - assert 'would silently change it' in ('' + '<frozen runpy>:128: RuntimeWarning: \'xlm.cli.main\' found in sys.modules after import of package \'xlm.cli\', but prior to execution of \'xlm.cli.main\'; this may result in unpredictable behaviour\n+--------------------- Traceback (most recent call last) ---------------------+\n| D:\\Project\\xlm-final-integration\\src\\xlm\\cli\\eval_cmd.py:532 in             |\n| evaluate_command                                                            |\n|                                                                             |\n|   529         return                                                        |\n|   530     from xlm.experiments.evaluation_execution import                  |\n|       launch_evaluation                                                     |\n|   531                                                                       |\n| > 532     launch_evaluation(options)                                        |\n|   533                                                                       |\n|   534                                                                       |\n|   535 def _evaluate_in_process(                                             |\n|                                                                             |\n| D:\\Project\\xlm-final-integration\\src\\xlm\\experiments\\evaluation_execution.p |\n| y:84 in launch_evaluation                                                   |\n|                                                                             |\n|    81     extras = [options["device"]] + (                                  |\n|    82         [] if options["suite"] in ("all", "synthetic_mc",             |\n|       "synthetic_pair") else ["eval"]                                       |\n|    83     )                                                                 |\n| >  84     envelope = make_envelope(config, snapshot, extras=extras,         |\n|       purpose="evaluation")                                                 |\n|    85     result = launch_worker(                                           |\n|    86         {                                                             |\n|    87             "action": "evaluate",                                     |\n|                                                                             |\n| D:\\Project\\xlm-final-integration\\src\\xlm\\experiments\\execution.py:204 in    |\n| make_envelope                                                               |\n|                                                                             |\n|   201         "bindings": bindings,                                         |\n|   202         "code_hash": snapshot.code_hash,                              |\n|   203         "dependency_hash": compute_file_sha256(lock, max_bytes=8 *    |\n|       1024**2),                                                             |\n| > 204         "environment": installed_runtime(lock, extras),               |\n|   205         "runtime_policy": policy or {"torch_threads": 1,              |\n|       "deterministic_algorithms": True},                                    |\n|   206     }                                                                 |\n|   207     return {**payload, "execution_hash": identity_digest(payload)}    |\n|                                                                             |\n| D:\\Project\\xlm-final-integration\\src\\xlm\\experiments\\environment.py:127 in  |\n| installed_runtime                                                           |\n|                                                                             |\n|   124                 _hash_batch(pending, site, files, pool)               |\n|   125                 pending.clear()                                       |\n|   126             if time.monotonic() - started > 90:                       |\n| > 127                 raise ValueError("installed runtime inventory exceeds |\n|       time bound")                                                          |\n|   128         _hash_batch(pending, site, files, pool)                       |\n|   129     size = sum(item[1] for item in files.values())                    |\n|   130     hashes = {name: item[0] for name, item in files.items()}          |\n+-----------------------------------------------------------------------------+\nValueError: installed runtime inventory exceeds time bound\n')
 +  where '' = CompletedProcess(args=['D:\\Project\\xlm-final-integration\\.venv-final\\Scripts\\python.exe', '-m', 'xlm.cli.main', 'evaluate', 'D:\\Project\\xlm-final-integration\\data\\audit\\p23-remediation\\stage06\\final01\\full-xdist-tmp\\popen-gw12\\declared_ckpt0\\model', '--suite', 'search', '--inputs', 'D:\\Project\\xlm-final-integration\\fixtures\\eval\\inputs\\dev_fixture_v1\\manifest.yaml', '--tasks', 'arc_easy', '--output-dir', 'D:\\Project\\xlm-final-integration\\data\\audit\\p23-remediation\\stage06\\final01\\full-xdist-tmp\\popen-gw12\\test_cli_refuses_to_mix_declar0\\out'], returncode=1, stdout='', stderr='<frozen runpy>:128: RuntimeWarning: \'xlm.cli.main\' found in sys.modules after import of package \'xlm.cli\', but prior to execution of \'xlm.cli.main\'; this may result in unpredictable behaviour\n+--------------------- Traceback (most recent call last) ---------------------+\n| D:\\Project\\xlm-final-integration\\src\\xlm\\cli\\eval_cmd.py:532 in             |\n| evaluate_command                                                            |\n|                                                                             |\n|   529         return                                                        |\n|   530     from xlm.experiments.evaluation_execution import                  |\n|       launch_evaluation                                                     |\n|   531                                                                       |\n| > 532     launch_evaluation(options)                                        |\n|   533                                                                       |\n|   534                                                                       |\n|   535 def _evaluate_in_process(                                             |\n|                                                                             |\n| D:\\Project\\xlm-final-integration\\src\\xlm\\experiments\\evaluation_execution.p |\n| y:84 in launch_evaluation                                                   |\n|                                                                             |\n|    81     extras = [options["device"]] + (                                  |\n|    82         [] if options["suite"] in ("all", "synthetic_mc",             |\n|       "synthetic_pair") else ["eval"]                                       |\n|    83     )                                                                 |\n| >  84     envelope = make_envelope(config, snapshot, extras=extras,         |\n|       purpose="evaluation")                                                 |\n|    85     result = launch_worker(                                           |\n|    86         {                                                             |\n|    87             "action": "evaluate",                                     |\n|                                                                             |\n| D:\\Project\\xlm-final-integration\\src\\xlm\\experiments\\execution.py:204 in    |\n| make_envelope                                                               |\n|                                                                             |\n|   201         "bindings": bindings,                                         |\n|   202         "code_hash": snapshot.code_hash,                              |\n|   203         "dependency_hash": compute_file_sha256(lock, max_bytes=8 *    |\n|       1024**2),                                                             |\n| > 204         "environment": installed_runtime(lock, extras),               |\n|   205         "runtime_policy": policy or {"torch_threads": 1,              |\n|       "deterministic_algorithms": True},                                    |\n|   206     }                                                                 |\n|   207     return {**payload, "execution_hash": identity_digest(payload)}    |\n|                                                                             |\n| D:\\Project\\xlm-final-integration\\src\\xlm\\experiments\\environment.py:127 in  |\n| installed_runtime                                                           |\n|                                                                             |\n|   124                 _hash_batch(pending, site, files, pool)               |\n|   125                 pending.clear()                                       |\n|   126             if time.monotonic() - started > 90:                       |\n| > 127                 raise ValueError("installed runtime inventory exceeds |\n|       time bound")                                                          |\n|   128         _hash_batch(pending, site, files, pool)                       |\n|   129     size = sum(item[1] for item in files.values())                    |\n|   130     hashes = {name: item[0] for name, item in files.items()}          |\n+-----------------------------------------------------------------------------+\nValueError: installed runtime inventory exceeds time bound\n').stdout
 +  and   '<frozen runpy>:128: RuntimeWarning: \'xlm.cli.main\' found in sys.modules after import of package \'xlm.cli\', but prior to execution of \'xlm.cli.main\'; this may result in unpredictable behaviour\n+--------------------- Traceback (most recent call last) ---------------------+\n| D:\\Project\\xlm-final-integration\\src\\xlm\\cli\\eval_cmd.py:532 in             |\n| evaluate_command                                                            |\n|                                                                             |\n|   529         return                                                        |\n|   530     from xlm.experiments.evaluation_execution import                  |\n|       launch_evaluation                                                     |\n|   531                                                                       |\n| > 532     launch_evaluation(options)                                        |\n|   533                                                                       |\n|   534                                                                       |\n|   535 def _evaluate_in_process(                                             |\n|                                                                             |\n| D:\\Project\\xlm-final-integration\\src\\xlm\\experiments\\evaluation_execution.p |\n| y:84 in launch_evaluation                                                   |\n|                                                                             |\n|    81     extras = [options["device"]] + (                                  |\n|    82         [] if options["suite"] in ("all", "synthetic_mc",             |\n|       "synthetic_pair") else ["eval"]                                       |\n|    83     )                                                                 |\n| >  84     envelope = make_envelope(config, snapshot, extras=extras,         |\n|       purpose="evaluation")                                                 |\n|    85     result = launch_worker(                                           |\n|    86         {                                                             |\n|    87             "action": "evaluate",                                     |\n|                                                                             |\n| D:\\Project\\xlm-final-integration\\src\\xlm\\experiments\\execution.py:204 in    |\n| make_envelope                                                               |\n|                                                                             |\n|   201         "bindings": bindings,                                         |\n|   202         "code_hash": snapshot.code_hash,                              |\n|   203         "dependency_hash": compute_file_sha256(lock, max_bytes=8 *    |\n|       1024**2),                                                             |\n| > 204         "environment": installed_runtime(lock, extras),               |\n|   205         "runtime_policy": policy or {"torch_threads": 1,              |\n|       "deterministic_algorithms": True},                                    |\n|   206     }                                                                 |\n|   207     return {**payload, "execution_hash": identity_digest(payload)}    |\n|                                                                             |\n| D:\\Project\\xlm-final-integration\\src\\xlm\\experiments\\environment.py:127 in  |\n| installed_runtime                                                           |\n|                                                                             |\n|   124                 _hash_batch(pending, site, files, pool)               |\n|   125                 pending.clear()                                       |\n|   126             if time.monotonic() - started > 90:                       |\n| > 127                 raise ValueError("installed runtime inventory exceeds |\n|       time bound")                                                          |\n|   128         _hash_batch(pending, site, files, pool)                       |\n|   129     size = sum(item[1] for item in files.values())                    |\n|   130     hashes = {name: item[0] for name, item in files.items()}          |\n+-----------------------------------------------------------------------------+\nValueError: installed runtime inventory exceeds time bound\n' = CompletedProcess(args=['D:\\Project\\xlm-final-integration\\.venv-final\\Scripts\\python.exe', '-m', 'xlm.cli.main', 'evaluate', 'D:\\Project\\xlm-final-integration\\data\\audit\\p23-remediation\\stage06\\final01\\full-xdist-tmp\\popen-gw12\\declared_ckpt0\\model', '--suite', 'search', '--inputs', 'D:\\Project\\xlm-final-integration\\fixtures\\eval\\inputs\\dev_fixture_v1\\manifest.yaml', '--tasks', 'arc_easy', '--output-dir', 'D:\\Project\\xlm-final-integration\\data\\audit\\p23-remediation\\stage06\\final01\\full-xdist-tmp\\popen-gw12\\test_cli_refuses_to_mix_declar0\\out'], returncode=1, stdout='', stderr='<frozen runpy>:128: RuntimeWarning: \'xlm.cli.main\' found in sys.modules after import of package \'xlm.cli\', but prior to execution of \'xlm.cli.main\'; this may result in unpredictable behaviour\n+--------------------- Traceback (most recent call last) ---------------------+\n| D:\\Project\\xlm-final-integration\\src\\xlm\\cli\\eval_cmd.py:532 in             |\n| evaluate_command                                                            |\n|                                                                             |\n|   529         return                                                        |\n|   530     from xlm.experiments.evaluation_execution import                  |\n|       launch_evaluation                                                     |\n|   531                                                                       |\n| > 532     launch_evaluation(options)                                        |\n|   533                                                                       |\n|   534                                                                       |\n|   535 def _evaluate_in_process(                                             |\n|                                                                             |\n| D:\\Project\\xlm-final-integration\\src\\xlm\\experiments\\evaluation_execution.p |\n| y:84 in launch_evaluation                                                   |\n|                                                                             |\n|    81     extras = [options["device"]] + (                                  |\n|    82         [] if options["suite"] in ("all", "synthetic_mc",             |\n|       "synthetic_pair") else ["eval"]                                       |\n|    83     )                                                                 |\n| >  84     envelope = make_envelope(config, snapshot, extras=extras,         |\n|       purpose="evaluation")                                                 |\n|    85     result = launch_worker(                                           |\n|    86         {                                                             |\n|    87             "action": "evaluate",                                     |\n|                                                                             |\n| D:\\Project\\xlm-final-integration\\src\\xlm\\experiments\\execution.py:204 in    |\n| make_envelope                                                               |\n|                                                                             |\n|   201         "bindings": bindings,                                         |\n|   202         "code_hash": snapshot.code_hash,                              |\n|   203         "dependency_hash": compute_file_sha256(lock, max_bytes=8 *    |\n|       1024**2),                                                             |\n| > 204         "environment": installed_runtime(lock, extras),               |\n|   205         "runtime_policy": policy or {"torch_threads": 1,              |\n|       "deterministic_algorithms": True},                                    |\n|   206     }                                                                 |\n|   207     return {**payload, "execution_hash": identity_digest(payload)}    |\n|                                                                             |\n| D:\\Project\\xlm-final-integration\\src\\xlm\\experiments\\environment.py:127 in  |\n| installed_runtime                                                           |\n|                                                                             |\n|   124                 _hash_batch(pending, site, files, pool)               |\n|   125                 pending.clear()                                       |\n|   126             if time.monotonic() - started > 90:                       |\n| > 127                 raise ValueError("installed runtime inventory exceeds |\n|       time bound")                                                          |\n|   128         _hash_batch(pending, site, files, pool)                       |\n|   129     size = sum(item[1] for item in files.values())                    |\n|   130     hashes = {name: item[0] for name, item in files.items()}          |\n+-----------------------------------------------------------------------------+\nValueError: installed runtime inventory exceeds time bound\n').stderr
FAILED tests/test_eval_declared_inputs.py::test_results_are_stable_under_input_ordering - pyarrow.lib.ArrowInvalid: Tried reading schema message, was null or length 0
FAILED tests/test_queue.py::test_submit_refuses_blocked_plans_and_missing_snapshots - ValueError: installed runtime inventory exceeds time bound
FAILED tests/test_configurable_workflow.py::test_public_two_source_prepare_direct_queue_and_resume[True] - AssertionError: AUTHORED_TOKENIZER_FACTORY_EXECUTED
  AUTHORED_ARCHITECTURE_FACTORY_EXECUTED
  AUTHORED_TOKENIZER_FACTORY_EXECUTED
  <frozen runpy>:128: RuntimeWarning: 'xlm.cli.main' found in sys.modules after import of package 'xlm.cli', but prior to execution of 'xlm.cli.main'; this may result in unpredictable behaviour
  Error: installed runtime inventory exceeds time bound
  
assert 1 == 0
 +  where 1 = CompletedProcess(args=['D:\\Project\\xlm-final-integration\\.venv-final\\Scripts\\python.exe', '-m', 'xlm.cli.main', 'train', 'D:\\Project\\xlm-final-integration\\data\\audit\\p23-remediation\\stage06\\final01\\full-xdist-tmp\\popen-gw5\\test_public_two_source_prepare1\\tree\\draft.yaml', '--device', 'cpu'], returncode=1, stdout='AUTHORED_TOKENIZER_FACTORY_EXECUTED\nAUTHORED_ARCHITECTURE_FACTORY_EXECUTED\nAUTHORED_TOKENIZER_FACTORY_EXECUTED\n', stderr="<frozen runpy>:128: RuntimeWarning: 'xlm.cli.main' found in sys.modules after import of package 'xlm.cli', but prior to execution of 'xlm.cli.main'; this may result in unpredictable behaviour\nError: installed runtime inventory exceeds time bound\n").returncode
FAILED tests/test_queue.py::test_toy_campaign_runs_sequentially_to_success - ValueError: installed runtime inventory exceeds time bound
ERROR tests/test_eval_declared_inputs.py::test_legacy_evidence_without_coverage_stays_unverified - OSError: [WinError 1224] 要求された操作はユーザー マップ セクションで開いたファイルでは実行できません。
======= 22 failed, 1147 passed, 1 skipped, 1 error in 647.95s (0:10:47) =======
